path,file_id,sequence_id,participant_id,phrase
train_landmarks/814825.parquet,814825,1,81426,evaluation to world over
train_landmarks/103402.parquet,103402,2,23396,engineering evaluation american fox
train_landmarks/755674.parquet,755674,3,89840,(415) 555-8833
train_landmarks/632323.parquet,632323,4,37869,asl over guatemala
train_landmarks/656116.parquet,656116,5,14207,welcome the university frequency model welcome
train_landmarks/160738.parquet,160738,6,22676,1-888-456-7890
train_landmarks/182582.parquet,182582,7,88104,www.nytimes.com/world
train_landmarks/955662.parquet,955662,8,75435,https://apple.com/ios
train_landmarks/903035.parquet,903035,9,89840,www.nytimes.com/world
train_landmarks/676510.parquet,676510,10,83000,1-888-456-7890
train_landmarks/736059.parquet,736059,11,47930,123 main street apt 4b
train_landmarks/665492.parquet,665492,12,54118,learning fingerspelling deep
train_landmarks/491559.parquet,491559,13,82357,221b baker street
train_landmarks/573417.parquet,573417,14,28726,https://github.com/kaggle
train_landmarks/167136.parquet,167136,15,13278,221b baker street
train_landmarks/680828.parquet,680828,16,40495,800-555-0199
train_landmarks/107540.parquet,107540,17,39256,https://www.google.com
train_landmarks/340062.parquet,340062,18,39256,https://www.google.com
train_landmarks/446479.parquet,446479,19,74686,https://github.com/kaggle
train_landmarks/392004.parquet,392004,20,84341,sign learning analysis
train_landmarks/704201.parquet,704201,21,93320,456 elm st suite 200
train_landmarks/946721.parquet,946721,22,14165,742 evergreen terrace
train_landmarks/201639.parquet,201639,23,31319,fingerspelling project dataset deep
train_landmarks/777568.parquet,777568,24,69429,https://youtube.com/watch
train_landmarks/863587.parquet,863587,25,68878,742 evergreen terrace
train_landmarks/360735.parquet,360735,26,40512,1-888-456-7890
train_landmarks/570405.parquet,570405,27,19116,www.cdc.gov/covid
train_landmarks/392075.parquet,392075,28,83000,742 evergreen terrace
train_landmarks/564656.parquet,564656,29,52504,fox vision sign the fox dataset
train_landmarks/347861.parquet,347861,30,39256,(212) 555-4321
train_landmarks/604740.parquet,604740,31,91070,(212) 555-4321
train_landmarks/161483.parquet,161483,32,99733,(555) 234-5678
train_landmarks/509386.parquet,509386,33,58520,+1-800-222-3344
train_landmarks/923267.parquet,923267,34,74686,456 elm st suite 200
train_landmarks/830429.parquet,830429,35,14207,vision american lazy dog quick dataset
train_landmarks/163918.parquet,163918,36,64987,quick project
train_landmarks/994141.parquet,994141,37,21395,guatemala brown
train_landmarks/294851.parquet,294851,38,40021,http://wikipedia.org/asl
train_landmarks/808011.parquet,808011,39,42098,fox analysis hello recognition computer
train_landmarks/539589.parquet,539589,40,70589,sign university lazy learning dog fingerspelling
train_landmarks/804318.parquet,804318,41,18326,welcome dataset brown project engineering
train_landmarks/204837.parquet,204837,42,42087,https://github.com/kaggle
train_landmarks/630458.parquet,630458,43,85674,+1-555-987-6543
train_landmarks/172132.parquet,172132,44,40021,world science sign world
train_landmarks/946305.parquet,946305,45,69429,deep language
train_landmarks/795613.parquet,795613,46,89840,www.cdc.gov/covid
train_landmarks/377312.parquet,377312,47,60432,http://wikipedia.org/asl
train_landmarks/878480.parquet,878480,48,85674,world lazy to deep
train_landmarks/994343.parquet,994343,49,71348,(212) 555-4321
train_landmarks/363319.parquet,363319,50,99192,fox fingerspelling
train_landmarks/390120.parquet,390120,51,10851,www.amazon.com/deals
train_landmarks/908577.parquet,908577,52,81482,http://weather.com/today
train_landmarks/269430.parquet,269430,53,13905,learning language fox guatemala deep jumps
train_landmarks/137778.parquet,137778,54,13278,language science quick asl university engineering
train_landmarks/141832.parquet,141832,55,65302,deep deep to
train_landmarks/687080.parquet,687080,56,45093,engineering dataset university dog over
train_landmarks/938742.parquet,938742,57,21395,the dataset welcome university accuracy
train_landmarks/870763.parquet,870763,58,15695,over learning asl quick
train_landmarks/593554.parquet,593554,59,76784,+1-800-222-3344
train_landmarks/582662.parquet,582662,60,46048,123 main street apt 4b
train_landmarks/333752.parquet,333752,61,62350,https://github.com/kaggle
train_landmarks/517821.parquet,517821,62,57052,742 evergreen terrace
train_landmarks/910891.parquet,910891,63,40495,(415) 555-8833
train_landmarks/634150.parquet,634150,64,18675,221b baker street
train_landmarks/447235.parquet,447235,65,99733,frequency hello
train_landmarks/708792.parquet,708792,66,24371,quick recognition to evaluation
train_landmarks/557592.parquet,557592,67,75435,fox analysis lazy quick science sign
train_landmarks/945687.parquet,945687,68,86622,asl brown vision
train_landmarks/446239.parquet,446239,69,57052,learning world
train_landmarks/424308.parquet,424308,70,87236,fingerspelling world jumps fingerspelling
train_landmarks/497562.parquet,497562,71,94259,computer world language
train_landmarks/100425.parquet,100425,72,86484,123 main street apt 4b
train_landmarks/550770.parquet,550770,73,25014,vision project science dog project analysis
train_landmarks/934692.parquet,934692,74,39871,world vision
train_landmarks/749342.parquet,749342,75,91070,123 main street apt 4b
train_landmarks/805477.parquet,805477,76,28301,123 main street apt 4b
train_landmarks/254511.parquet,254511,77,59615,https://github.com/kaggle
train_landmarks/598216.parquet,598216,78,18326,project analysis
train_landmarks/703634.parquet,703634,79,21915,(415) 555-8833
train_landmarks/502630.parquet,502630,80,20458,123 main street apt 4b
train_landmarks/254739.parquet,254739,81,94259,analysis frequency
train_landmarks/211764.parquet,211764,82,70142,over guatemala sign
train_landmarks/152657.parquet,152657,83,13905,project accuracy
train_landmarks/800005.parquet,800005,84,30969,recognition guatemala analysis computer learning american
train_landmarks/970914.parquet,970914,85,58520,analysis dataset project hello hello
train_landmarks/768636.parquet,768636,86,28131,+1-800-222-3344
train_landmarks/646622.parquet,646622,87,15695,123 main street apt 4b
train_landmarks/387936.parquet,387936,88,92240,10 downing street london
train_landmarks/399607.parquet,399607,89,85674,+1-555-987-6543
train_landmarks/435239.parquet,435239,90,24592,jumps dog
train_landmarks/827659.parquet,827659,91,99192,800-555-0199
train_landmarks/167348.parquet,167348,92,65302,1600 pennsylvania ave
train_landmarks/668969.parquet,668969,93,15695,742 evergreen terrace
train_landmarks/316881.parquet,316881,94,60019,analysis recognition deep frequency evaluation
train_landmarks/498858.parquet,498858,95,60019,1600 pennsylvania ave
train_landmarks/413118.parquet,413118,96,80010,sign dataset accuracy analysis american
train_landmarks/386193.parquet,386193,97,52504,742 evergreen terrace
train_landmarks/507746.parquet,507746,98,46434,10 downing street london
train_landmarks/936912.parquet,936912,99,89131,123 main street apt 4b
train_landmarks/981334.parquet,981334,100,80284,123 main street apt 4b
train_landmarks/752483.parquet,752483,101,62581,recognition vision brown science frequency
train_landmarks/290556.parquet,290556,102,94259,https://youtube.com/watch
train_landmarks/443254.parquet,443254,103,83579,+1-555-987-6543
train_landmarks/453894.parquet,453894,104,83579,world guatemala fingerspelling model project
train_landmarks/885408.parquet,885408,105,65302,dog brown guatemala quick
train_landmarks/132537.parquet,132537,106,31319,model computer dog
train_landmarks/596564.parquet,596564,107,23434,guatemala project hello asl recognition guatemala
train_landmarks/853252.parquet,853252,108,89840,www.cdc.gov/covid
train_landmarks/426147.parquet,426147,109,59823,https://www.google.com
train_landmarks/427110.parquet,427110,110,30033,fingerspelling learning brown deep computer
train_landmarks/206851.parquet,206851,111,82357,frequency recognition fox engineering
train_landmarks/920652.parquet,920652,112,40495,https://apple.com/ios
train_landmarks/549186.parquet,549186,113,36062,american to
train_landmarks/990844.parquet,990844,114,28726,456 elm st suite 200
train_landmarks/210665.parquet,210665,115,83000,1600 pennsylvania ave
train_landmarks/766459.parquet,766459,116,13905,learning science dataset guatemala hello
train_landmarks/947458.parquet,947458,117,65302,project model recognition welcome hello
train_landmarks/190872.parquet,190872,118,37653,(212) 555-4321
train_landmarks/355709.parquet,355709,119,21395,computer asl the frequency lazy lazy
train_landmarks/936587.parquet,936587,120,57447,+1-555-987-6543
train_landmarks/725113.parquet,725113,121,84341,language sign lazy dog
train_landmarks/526170.parquet,526170,122,65302,123 main street apt 4b
train_landmarks/824156.parquet,824156,123,65302,10 downing street london
train_landmarks/614663.parquet,614663,124,99166,742 evergreen terrace
train_landmarks/197573.parquet,197573,125,91070,(212) 555-4321
train_landmarks/825391.parquet,825391,126,91070,(415) 555-8833
train_landmarks/709805.parquet,709805,127,62350,221b baker street
train_landmarks/656711.parquet,656711,128,60019,10 downing street london
train_landmarks/677124.parquet,677124,129,99166,10 downing street london
train_landmarks/575786.parquet,575786,130,70142,+1-555-987-6543
train_landmarks/341736.parquet,341736,131,91070,https://github.com/kaggle
train_landmarks/430876.parquet,430876,132,65302,https://apple.com/ios
train_landmarks/899213.parquet,899213,133,28301,dog project learning
train_landmarks/897135.parquet,897135,134,93227,engineering model world to
train_landmarks/416950.parquet,416950,135,20458,https://apple.com/ios
train_landmarks/232731.parquet,232731,136,99192,(555) 234-5678
train_landmarks/680238.parquet,680238,137,38657,800-555-0199
train_landmarks/768854.parquet,768854,138,31319,fox the world project to
train_landmarks/153872.parquet,153872,139,24592,+1-800-222-3344
train_landmarks/600935.parquet,600935,140,69429,http://wikipedia.org/asl
train_landmarks/520172.parquet,520172,141,23434,221b baker street
train_landmarks/760021.parquet,760021,142,40495,jumps language welcome
train_landmarks/360247.parquet,360247,143,40495,https://youtube.com/watch
train_landmarks/735770.parquet,735770,144,40021,dog sign science science frequency engineering
train_landmarks/420214.parquet,420214,145,61856,computer dataset
train_landmarks/899787.parquet,899787,146,70589,800-555-0199
train_landmarks/377501.parquet,377501,147,71348,dog language over
train_landmarks/528361.parquet,528361,148,91070,221b baker street
train_landmarks/592738.parquet,592738,149,57052,800-555-0199
train_landmarks/402099.parquet,402099,150,16175,brown dog hello accuracy recognition
train_landmarks/942956.parquet,942956,151,46421,fox dog jumps hello jumps
train_landmarks/162535.parquet,162535,152,71348,+1-555-987-6543
train_landmarks/723948.parquet,723948,153,24592,university science project welcome fingerspelling hello
train_landmarks/666211.parquet,666211,154,42953,742 evergreen terrace
train_landmarks/727086.parquet,727086,155,39256,https://youtube.com/watch
train_landmarks/870214.parquet,870214,156,30033,1600 pennsylvania ave
train_landmarks/127121.parquet,127121,157,44993,https://www.google.com
train_landmarks/901909.parquet,901909,158,25014,recognition evaluation over sign
train_landmarks/563711.parquet,563711,159,87397,engineering science accuracy
train_landmarks/195674.parquet,195674,160,89840,456 elm st suite 200
train_landmarks/449499.parquet,449499,161,42953,742 evergreen terrace
train_landmarks/999398.parquet,999398,162,37460,(212) 555-4321
train_landmarks/827369.parquet,827369,163,99733,10 downing street london
train_landmarks/519904.parquet,519904,164,18675,quick brown hello fox evaluation frequency
train_landmarks/964998.parquet,964998,165,69429,project quick sign computer american science
train_landmarks/154118.parquet,154118,166,99733,1-888-456-7890
train_landmarks/237377.parquet,237377,167,70589,analysis project the computer accuracy
train_landmarks/844261.parquet,844261,168,30969,1-888-456-7890
train_landmarks/114338.parquet,114338,169,39256,dog model
train_landmarks/218972.parquet,218972,170,22676,742 evergreen terrace
train_landmarks/779172.parquet,779172,171,60019,university world learning fingerspelling project
train_landmarks/595158.parquet,595158,172,30033,1-888-456-7890
train_landmarks/251668.parquet,251668,173,69429,221b baker street
train_landmarks/632929.parquet,632929,174,38785,frequency world accuracy
train_landmarks/535098.parquet,535098,175,22676,221b baker street
train_landmarks/380150.parquet,380150,176,46463,learning model recognition vision
train_landmarks/255813.parquet,255813,177,69429,456 elm st suite 200
train_landmarks/461888.parquet,461888,178,82357,221b baker street
train_landmarks/495533.parquet,495533,179,70589,1600 pennsylvania ave
train_landmarks/297816.parquet,297816,180,87397,language dog evaluation
train_landmarks/145767.parquet,145767,181,82512,456 elm st suite 200
train_landmarks/839485.parquet,839485,182,99166,asl vision model engineering american
train_landmarks/138817.parquet,138817,183,37653,www.amazon.com/deals
train_landmarks/205239.parquet,205239,184,94939,fox university the jumps frequency
train_landmarks/261859.parquet,261859,185,44671,http://weather.com/today
train_landmarks/455007.parquet,455007,186,62350,vision frequency frequency frequency asl
train_landmarks/432043.parquet,432043,187,45093,frequency quick brown computer university
train_landmarks/338536.parquet,338536,188,64987,engineering evaluation learning fox over
train_landmarks/414012.parquet,414012,189,99192,welcome quick
train_landmarks/475876.parquet,475876,190,57447,123 main street apt 4b
train_landmarks/356059.parquet,356059,191,60019,deep over over computer asl deep
train_landmarks/621841.parquet,621841,192,95909,dog vision project
train_landmarks/799233.parquet,799233,193,83000,www.nytimes.com/world
train_landmarks/401603.parquet,401603,194,47930,brown guatemala engineering
train_landmarks/413685.parquet,413685,195,18326,deep project world engineering frequency
train_landmarks/211834.parquet,211834,196,16175,1-888-456-7890
train_landmarks/476395.parquet,476395,197,39256,the model fingerspelling the
train_landmarks/819112.parquet,819112,198,42098,university dataset
train_landmarks/973294.parquet,973294,199,91070,evaluation dog accuracy dog
train_landmarks/299367.parquet,299367,200,62350,computer analysis vision
train_landmarks/423939.parquet,423939,201,99166,recognition dataset
train_landmarks/194511.parquet,194511,202,81426,dataset over jumps sign
train_landmarks/483629.parquet,483629,203,45382,model hello model project
train_landmarks/945664.parquet,945664,204,91070,+1-800-222-3344
train_landmarks/455168.parquet,455168,205,42953,guatemala jumps guatemala frequency learning
train_landmarks/516716.parquet,516716,206,76784,asl accuracy the sign project deep
train_landmarks/805000.parquet,805000,207,76784,(212) 555-4321
train_landmarks/962367.parquet,962367,208,69429,fox dog the analysis
train_landmarks/688678.parquet,688678,209,39871,221b baker street
train_landmarks/332120.parquet,332120,210,22676,university world fingerspelling jumps guatemala
train_landmarks/419149.parquet,419149,211,23434,fox analysis
train_landmarks/242254.parquet,242254,212,21915,1600 pennsylvania ave
train_landmarks/803055.parquet,803055,213,62350,fingerspelling dataset over fingerspelling fox american
train_landmarks/527940.parquet,527940,214,25014,quick asl science guatemala
train_landmarks/997004.parquet,997004,215,25014,10 downing street london
train_landmarks/485178.parquet,485178,216,89840,quick world guatemala guatemala
train_landmarks/964226.parquet,964226,217,28301,10 downing street london
train_landmarks/322409.parquet,322409,218,60432,engineering quick to engineering evaluation lazy
train_landmarks/970127.parquet,970127,219,74686,recognition accuracy dog
train_landmarks/911984.parquet,911984,220,54118,https://www.google.com
train_landmarks/390743.parquet,390743,221,46434,engineering sign accuracy
train_landmarks/215266.parquet,215266,222,13478,jumps to
train_landmarks/926730.parquet,926730,223,60019,+1-555-987-6543
train_landmarks/116547.parquet,116547,224,93886,(555) 234-5678
train_landmarks/232915.parquet,232915,225,46421,fox brown science to recognition science
train_landmarks/332311.parquet,332311,226,62581,learning analysis
train_landmarks/790909.parquet,790909,227,83000,vision quick engineering model science
train_landmarks/213206.parquet,213206,228,48427,456 elm st suite 200
train_landmarks/177060.parquet,177060,229,38657,computer brown world computer
train_landmarks/674993.parquet,674993,230,62581,engineering sign science recognition fox
train_landmarks/835869.parquet,835869,231,56566,https://apple.com/ios
train_landmarks/855855.parquet,855855,232,28301,science dog to science fingerspelling
train_landmarks/199704.parquet,199704,233,56566,1600 pennsylvania ave
train_landmarks/797416.parquet,797416,234,74686,800-555-0199
train_landmarks/820184.parquet,820184,235,89840,fox brown
train_landmarks/552855.parquet,552855,236,32431,www.amazon.com/deals
train_landmarks/951201.parquet,951201,237,24371,https://www.google.com
train_landmarks/714953.parquet,714953,238,19116,welcome jumps to vision dataset frequency
train_landmarks/856086.parquet,856086,239,13478,http://weather.com/today
train_landmarks/729575.parquet,729575,240,42098,742 evergreen terrace
train_landmarks/705991.parquet,705991,241,70142,vision dog fox
train_landmarks/986438.parquet,986438,242,38785,evaluation language
train_landmarks/946432.parquet,946432,243,84341,221b baker street
train_landmarks/904711.parquet,904711,244,54597,deep language computer vision deep the
train_landmarks/386544.parquet,386544,245,13478,university to over jumps
train_landmarks/789275.parquet,789275,246,13278,123 main street apt 4b
train_landmarks/876962.parquet,876962,247,82357,fox sign
train_landmarks/494468.parquet,494468,248,59735,1600 pennsylvania ave
train_landmarks/265055.parquet,265055,249,35203,10 downing street london
train_landmarks/440140.parquet,440140,250,23238,recognition analysis over dataset quick brown
train_landmarks/564637.parquet,564637,251,99192,computer fingerspelling dog american to
train_landmarks/216276.parquet,216276,252,82357,(415) 555-8833
train_landmarks/721946.parquet,721946,253,56566,10 downing street london
train_landmarks/423401.parquet,423401,254,42325,https://youtube.com/watch
train_landmarks/728437.parquet,728437,255,35203,https://github.com/kaggle
train_landmarks/416061.parquet,416061,256,38785,evaluation world fox
train_landmarks/621546.parquet,621546,257,21915,jumps sign dog
train_landmarks/685864.parquet,685864,258,60019,brown frequency quick the
train_landmarks/181644.parquet,181644,259,95181,science fingerspelling vision world fingerspelling guatemala
train_landmarks/280222.parquet,280222,260,88172,project deep to science fox science
train_landmarks/519902.parquet,519902,261,31319,frequency dataset dog evaluation brown
train_landmarks/763984.parquet,763984,262,59797,https://apple.com/ios
train_landmarks/303322.parquet,303322,263,69429,to guatemala vision jumps
train_landmarks/207798.parquet,207798,264,11504,https://github.com/kaggle
train_landmarks/281926.parquet,281926,265,31319,over evaluation
train_landmarks/618119.parquet,618119,266,80284,221b baker street
train_landmarks/896788.parquet,896788,267,52504,vision engineering welcome engineering welcome science
train_landmarks/591699.parquet,591699,268,38221,1600 pennsylvania ave
train_landmarks/935012.parquet,935012,269,87397,(555) 234-5678
train_landmarks/469038.parquet,469038,270,13478,project quick asl world
train_landmarks/775981.parquet,775981,271,88907,computer american
train_landmarks/585188.parquet,585188,272,81426,science accuracy
train_landmarks/783501.parquet,783501,273,83563,1-888-456-7890
train_landmarks/598733.parquet,598733,274,40021,science accuracy
train_landmarks/978053.parquet,978053,275,46463,10 downing street london
train_landmarks/188425.parquet,188425,276,82357,quick learning engineering
train_landmarks/649525.parquet,649525,277,92240,asl university asl
train_landmarks/912085.parquet,912085,278,93320,221b baker street
train_landmarks/154909.parquet,154909,279,51347,brown fox deep world
train_landmarks/858889.parquet,858889,280,68878,frequency to recognition jumps to guatemala
train_landmarks/832409.parquet,832409,281,46463,recognition university welcome
train_landmarks/494976.parquet,494976,282,39256,accuracy deep model dataset
train_landmarks/818709.parquet,818709,283,38893,vision fingerspelling
train_landmarks/479404.parquet,479404,284,22676,http://weather.com/today
train_landmarks/289019.parquet,289019,285,87236,guatemala american dog jumps
train_landmarks/180913.parquet,180913,286,65302,+1-800-222-3344
train_landmarks/206053.parquet,206053,287,76237,model analysis quick to evaluation jumps
train_landmarks/495019.parquet,495019,288,69429,800-555-0199
train_landmarks/971728.parquet,971728,289,65392,accuracy over science fingerspelling deep dog
train_landmarks/565776.parquet,565776,290,92397,dog dog guatemala evaluation analysis
train_landmarks/303440.parquet,303440,291,58520,221b baker street
train_landmarks/561999.parquet,561999,292,18675,1600 pennsylvania ave
train_landmarks/915922.parquet,915922,293,42098,221b baker street
train_landmarks/538997.parquet,538997,294,86622,accuracy jumps hello
train_landmarks/772324.parquet,772324,295,99733,1600 pennsylvania ave
train_landmarks/681478.parquet,681478,296,65302,frequency world evaluation world analysis jumps
train_landmarks/558723.parquet,558723,297,16175,https://github.com/kaggle
train_landmarks/956375.parquet,956375,298,99192,1600 pennsylvania ave
train_landmarks/127965.parquet,127965,299,23434,456 elm st suite 200
train_landmarks/626392.parquet,626392,300,22676,456 elm st suite 200
train_landmarks/185569.parquet,185569,301,66155,742 evergreen terrace
train_landmarks/434165.parquet,434165,302,61856,accuracy jumps world model
train_landmarks/829884.parquet,829884,303,46463,science the brown hello model
train_landmarks/675462.parquet,675462,304,54597,sign fox world world quick fingerspelling
train_landmarks/932463.parquet,932463,305,91070,fox analysis
train_landmarks/725726.parquet,725726,306,57819,language learning world the to language
train_landmarks/296412.parquet,296412,307,83000,sign to
train_landmarks/651613.parquet,651613,308,92397,language asl project computer engineering hello
train_landmarks/117031.parquet,117031,309,69429,742 evergreen terrace
train_landmarks/461551.parquet,461551,310,61856,(415) 555-8833
train_landmarks/758775.parquet,758775,311,42098,www.amazon.com/deals
train_landmarks/239890.parquet,239890,312,22156,https://apple.com/ios
train_landmarks/454992.parquet,454992,313,37869,model deep engineering
train_landmarks/601776.parquet,601776,314,92240,brown evaluation project
train_landmarks/407696.parquet,407696,315,56566,+1-800-222-3344
train_landmarks/309159.parquet,309159,316,99593,university sign engineering sign
train_landmarks/365618.parquet,365618,317,22280,https://github.com/kaggle
train_landmarks/400009.parquet,400009,318,46434,742 evergreen terrace
train_landmarks/787584.parquet,787584,319,94939,742 evergreen terrace
train_landmarks/938171.parquet,938171,320,38221,456 elm st suite 200
train_landmarks/879414.parquet,879414,321,22676,456 elm st suite 200
train_landmarks/455505.parquet,455505,322,91070,deep asl accuracy hello brown
train_landmarks/545120.parquet,545120,323,46048,www.cdc.gov/covid
train_landmarks/671971.parquet,671971,324,70217,(555) 234-5678
train_landmarks/183958.parquet,183958,325,54597,1600 pennsylvania ave
train_landmarks/421384.parquet,421384,326,80284,10 downing street london
train_landmarks/546815.parquet,546815,327,40495,(212) 555-4321
train_landmarks/468623.parquet,468623,328,30033,10 downing street london
train_landmarks/469685.parquet,469685,329,45382,world engineering guatemala brown vision
train_landmarks/480959.parquet,480959,330,62581,guatemala jumps computer
train_landmarks/919264.parquet,919264,331,83579,123 main street apt 4b
train_landmarks/170499.parquet,170499,332,58520,(415) 555-8833
train_landmarks/484123.parquet,484123,333,65302,221b baker street
train_landmarks/133958.parquet,133958,334,94939,guatemala asl evaluation language sign
train_landmarks/517368.parquet,517368,335,59735,1600 pennsylvania ave
train_landmarks/361736.parquet,361736,336,61856,dataset american
train_landmarks/505785.parquet,505785,337,40512,hello hello
train_landmarks/567951.parquet,567951,338,88907,1-888-456-7890
train_landmarks/399449.parquet,399449,339,57052,lazy jumps brown over learning
train_landmarks/192055.parquet,192055,340,48427,deep learning language world
train_landmarks/414527.parquet,414527,341,40021,accuracy american jumps
train_landmarks/310743.parquet,310743,342,80010,accuracy the language
train_landmarks/486831.parquet,486831,343,82357,221b baker street
train_landmarks/236074.parquet,236074,344,99166,brown fingerspelling
train_landmarks/851759.parquet,851759,345,93886,fingerspelling fingerspelling language jumps welcome brown
train_landmarks/588461.parquet,588461,346,30379,jumps model language recognition
train_landmarks/905077.parquet,905077,347,13905,american frequency model sign welcome
train_landmarks/269834.parquet,269834,348,81426,10 downing street london
train_landmarks/336422.parquet,336422,349,54118,221b baker street
train_landmarks/397846.parquet,397846,350,64987,lazy guatemala world computer
train_landmarks/744274.parquet,744274,351,46463,vision recognition recognition over computer analysis
train_landmarks/454019.parquet,454019,352,57052,quick frequency brown guatemala evaluation hello
train_landmarks/321048.parquet,321048,353,68878,computer the analysis language vision
train_landmarks/416768.parquet,416768,354,92240,10 downing street london
train_landmarks/525818.parquet,525818,355,87397,(555) 234-5678
train_landmarks/822063.parquet,822063,356,97841,www.nytimes.com/world
train_landmarks/535810.parquet,535810,357,96673,123 main street apt 4b
train_landmarks/456717.parquet,456717,358,99166,frequency welcome engineering to
train_landmarks/518084.parquet,518084,359,38657,www.amazon.com/deals
train_landmarks/639995.parquet,639995,360,19116,dog jumps science jumps
train_landmarks/153063.parquet,153063,361,42953,(212) 555-4321
train_landmarks/745270.parquet,745270,362,16175,123 main street apt 4b
train_landmarks/952993.parquet,952993,363,57447,221b baker street
train_landmarks/856157.parquet,856157,364,59797,123 main street apt 4b
train_landmarks/622469.parquet,622469,365,38893,american welcome the guatemala american
train_landmarks/352422.parquet,352422,366,51347,+1-555-987-6543
train_landmarks/151021.parquet,151021,367,88172,www.nytimes.com/world
train_landmarks/726543.parquet,726543,368,89840,world the fox jumps hello
train_landmarks/483545.parquet,483545,369,80010,quick quick language to
train_landmarks/402620.parquet,402620,370,22676,https://apple.com/ios
train_landmarks/572230.parquet,572230,371,28301,model computer computer jumps
train_landmarks/201377.parquet,201377,372,46463,1600 pennsylvania ave
train_landmarks/684929.parquet,684929,373,70217,lazy american american
train_landmarks/147504.parquet,147504,374,20458,www.amazon.com/deals
train_landmarks/943019.parquet,943019,375,58520,456 elm st suite 200
train_landmarks/256175.parquet,256175,376,38221,jumps university welcome asl computer model
train_landmarks/722565.parquet,722565,377,40495,221b baker street
train_landmarks/658198.parquet,658198,378,93886,221b baker street
train_landmarks/414353.parquet,414353,379,57052,742 evergreen terrace
train_landmarks/486251.parquet,486251,380,70589,742 evergreen terrace
train_landmarks/536774.parquet,536774,381,81426,recognition hello
train_landmarks/787436.parquet,787436,382,57819,recognition learning recognition over computer computer
train_landmarks/982027.parquet,982027,383,94939,10 downing street london
train_landmarks/353961.parquet,353961,384,28289,http://wikipedia.org/asl
train_landmarks/300051.parquet,300051,385,26361,www.amazon.com/deals
train_landmarks/539122.parquet,539122,386,13478,(415) 555-8833
train_landmarks/313795.parquet,313795,387,98696,221b baker street
train_landmarks/594514.parquet,594514,388,25014,learning sign
train_landmarks/688132.parquet,688132,389,70217,10 downing street london
train_landmarks/601608.parquet,601608,390,62350,guatemala project sign language
train_landmarks/808699.parquet,808699,391,22156,computer lazy hello language
train_landmarks/335790.parquet,335790,392,45093,evaluation learning deep american
train_landmarks/603110.parquet,603110,393,28726,10 downing street london
train_landmarks/386741.parquet,386741,394,45382,1-888-456-7890
train_landmarks/809489.parquet,809489,395,69429,model guatemala accuracy world world
train_landmarks/848831.parquet,848831,396,39871,www.nytimes.com/world
train_landmarks/787836.parquet,787836,397,82357,(212) 555-4321
train_landmarks/324381.parquet,324381,398,88172,1-888-456-7890
train_landmarks/384303.parquet,384303,399,28131,jumps computer recognition hello
train_landmarks/802371.parquet,802371,400,79352,vision quick fingerspelling
train_landmarks/852204.parquet,852204,401,76237,10 downing street london
train_landmarks/908206.parquet,908206,402,75435,https://apple.com/ios
train_landmarks/265613.parquet,265613,403,18326,456 elm st suite 200
train_landmarks/600641.parquet,600641,404,87236,welcome vision analysis brown
train_landmarks/702022.parquet,702022,405,98696,(415) 555-8833
train_landmarks/858243.parquet,858243,406,61856,university over
train_landmarks/978292.parquet,978292,407,80010,(555) 234-5678
train_landmarks/976822.parquet,976822,408,76784,456 elm st suite 200
train_landmarks/295361.parquet,295361,409,83563,frequency the language fox
train_landmarks/451317.parquet,451317,410,80644,(415) 555-8833
train_landmarks/669691.parquet,669691,411,30926,frequency project lazy
train_landmarks/218118.parquet,218118,412,64987,10 downing street london
train_landmarks/581206.parquet,581206,413,64987,the to world
train_landmarks/807160.parquet,807160,414,62350,computer vision fingerspelling
train_landmarks/548479.parquet,548479,415,14207,fingerspelling fox
train_landmarks/247442.parquet,247442,416,37460,123 main street apt 4b
train_landmarks/107161.parquet,107161,417,48427,800-555-0199
train_landmarks/568436.parquet,568436,418,24371,world learning the vision
train_landmarks/826420.parquet,826420,419,35203,(415) 555-8833
train_landmarks/223967.parquet,223967,420,57447,123 main street apt 4b
train_landmarks/525110.parquet,525110,421,59823,deep vision guatemala asl
train_landmarks/331577.parquet,331577,422,91070,800-555-0199
train_landmarks/601410.parquet,601410,423,69429,(415) 555-8833
train_landmarks/735163.parquet,735163,424,44671,10 downing street london
train_landmarks/675914.parquet,675914,425,61856,accuracy model evaluation deep recognition evaluation
train_landmarks/651033.parquet,651033,426,58520,10 downing street london
train_landmarks/479358.parquet,479358,427,30379,http://wikipedia.org/asl
train_landmarks/164758.parquet,164758,428,30969,lazy sign over frequency science deep
train_landmarks/851742.parquet,851742,429,57400,analysis science
train_landmarks/158338.parquet,158338,430,89840,221b baker street
train_landmarks/535604.parquet,535604,431,99192,742 evergreen terrace
train_landmarks/685941.parquet,685941,432,99733,1600 pennsylvania ave
train_landmarks/858414.parquet,858414,433,40495,http://weather.com/today
train_landmarks/956113.parquet,956113,434,18326,https://github.com/kaggle
train_landmarks/706403.parquet,706403,435,99733,https://youtube.com/watch
train_landmarks/461264.parquet,461264,436,26361,engineering university brown university quick fingerspelling
train_landmarks/906325.parquet,906325,437,83563,https://youtube.com/watch
train_landmarks/492650.parquet,492650,438,80644,science university asl brown guatemala
train_landmarks/665497.parquet,665497,439,38785,www.amazon.com/deals
train_landmarks/224395.parquet,224395,440,94939,1-888-456-7890
train_landmarks/512151.parquet,512151,441,30033,model dataset engineering
train_landmarks/585494.parquet,585494,442,83579,fingerspelling asl dog project over lazy
train_landmarks/860242.parquet,860242,443,81426,accuracy fingerspelling
train_landmarks/903265.parquet,903265,444,44671,dog brown
train_landmarks/722795.parquet,722795,445,23396,https://www.google.com
train_landmarks/356622.parquet,356622,446,61856,science sign dataset evaluation jumps
train_landmarks/403314.parquet,403314,447,42098,(415) 555-8833
train_landmarks/704095.parquet,704095,448,80010,221b baker street
train_landmarks/910065.parquet,910065,449,28726,dog frequency engineering sign
train_landmarks/533649.parquet,533649,450,24371,742 evergreen terrace
train_landmarks/683761.parquet,683761,451,20328,computer science american
train_landmarks/461145.parquet,461145,452,57447,evaluation welcome fingerspelling jumps asl
train_landmarks/891062.parquet,891062,453,22280,frequency world learning
train_landmarks/944917.parquet,944917,454,76784,742 evergreen terrace
train_landmarks/689704.parquet,689704,455,88907,456 elm st suite 200
train_landmarks/684357.parquet,684357,456,19116,hello lazy vision university model
train_landmarks/196955.parquet,196955,457,44438,quick asl recognition
train_landmarks/141468.parquet,141468,458,95181,accuracy recognition deep
train_landmarks/327558.parquet,327558,459,30379,1600 pennsylvania ave
train_landmarks/417915.parquet,417915,460,95909,lazy lazy
train_landmarks/877493.parquet,877493,461,37869,www.nytimes.com/world
train_landmarks/354377.parquet,354377,462,40021,fingerspelling dog welcome
train_landmarks/396809.parquet,396809,463,18675,221b baker street
train_landmarks/780233.parquet,780233,464,89840,1600 pennsylvania ave
train_landmarks/477114.parquet,477114,465,23396,project accuracy learning evaluation welcome
train_landmarks/312994.parquet,312994,466,82357,456 elm st suite 200
train_landmarks/147936.parquet,147936,467,46463,dataset the language
train_landmarks/712401.parquet,712401,468,99192,world lazy dog language hello
train_landmarks/677390.parquet,677390,469,70589,hello model guatemala vision
train_landmarks/614426.parquet,614426,470,19116,10 downing street london
train_landmarks/933592.parquet,933592,471,69429,123 main street apt 4b
train_landmarks/855303.parquet,855303,472,60019,university sign vision
train_landmarks/161585.parquet,161585,473,81426,guatemala deep
train_landmarks/901467.parquet,901467,474,59735,www.cdc.gov/covid
train_landmarks/983472.parquet,983472,475,58520,learning the
train_landmarks/630299.parquet,630299,476,93886,742 evergreen terrace
train_landmarks/747847.parquet,747847,477,13278,university vision the sign fingerspelling the
train_landmarks/857273.parquet,857273,478,16175,+1-555-987-6543
train_landmarks/117975.parquet,117975,479,18326,accuracy university fox fox jumps
train_landmarks/301255.parquet,301255,480,80010,accuracy hello fingerspelling asl
train_landmarks/525750.parquet,525750,481,18675,123 main street apt 4b
train_landmarks/831105.parquet,831105,482,99192,(415) 555-8833
train_landmarks/968286.parquet,968286,483,51245,fox asl
train_landmarks/679549.parquet,679549,484,81426,10 downing street london
train_landmarks/109909.parquet,109909,485,42087,american science
train_landmarks/922478.parquet,922478,486,93886,742 evergreen terrace
train_landmarks/653815.parquet,653815,487,47930,lazy frequency analysis
train_landmarks/598598.parquet,598598,488,75435,(555) 234-5678
train_landmarks/817675.parquet,817675,489,18326,language quick university welcome guatemala recognition
train_landmarks/888795.parquet,888795,490,88172,university world language language frequency
train_landmarks/809922.parquet,809922,491,69429,asl dataset accuracy deep
train_landmarks/182237.parquet,182237,492,38657,quick science model to
train_landmarks/906360.parquet,906360,493,99166,fingerspelling evaluation the world engineering american
train_landmarks/473095.parquet,473095,494,76784,science deep vision brown computer
train_landmarks/936821.parquet,936821,495,76237,(555) 234-5678
train_landmarks/186023.parquet,186023,496,99192,(212) 555-4321
train_landmarks/846247.parquet,846247,497,16175,dataset welcome fox
train_landmarks/105447.parquet,105447,498,56566,to hello jumps lazy science
train_landmarks/681687.parquet,681687,499,59735,the to
train_landmarks/197584.parquet,197584,500,19116,frequency the fingerspelling evaluation
train_landmarks/860053.parquet,860053,501,23434,language over asl
train_landmarks/245584.parquet,245584,502,26361,+1-555-987-6543
train_landmarks/617077.parquet,617077,503,86622,www.cdc.gov/covid
train_landmarks/555791.parquet,555791,504,93810,+1-555-987-6543
train_landmarks/607753.parquet,607753,505,26361,hello hello computer recognition
train_landmarks/305047.parquet,305047,506,19116,123 main street apt 4b
train_landmarks/419457.parquet,419457,507,94939,https://youtube.com/watch
train_landmarks/448354.parquet,448354,508,99192,accuracy welcome to accuracy frequency
train_landmarks/723266.parquet,723266,509,82357,www.amazon.com/deals
train_landmarks/732512.parquet,732512,510,82357,project over fingerspelling
train_landmarks/434640.parquet,434640,511,75435,(415) 555-8833
train_landmarks/763646.parquet,763646,512,69429,221b baker street
train_landmarks/919959.parquet,919959,513,46421,(212) 555-4321
train_landmarks/393916.parquet,393916,514,69429,asl university lazy engineering over
train_landmarks/904905.parquet,904905,515,83563,guatemala lazy accuracy model brown
train_landmarks/988970.parquet,988970,516,68878,deep jumps world hello over
train_landmarks/543681.parquet,543681,517,31319,science recognition
train_landmarks/710527.parquet,710527,518,47930,221b baker street
train_landmarks/825309.parquet,825309,519,99192,742 evergreen terrace
train_landmarks/929130.parquet,929130,520,48427,recognition university fox hello vision over
train_landmarks/742439.parquet,742439,521,70589,https://youtube.com/watch
train_landmarks/889245.parquet,889245,522,52504,456 elm st suite 200
train_landmarks/211090.parquet,211090,523,24592,http://weather.com/today
train_landmarks/332785.parquet,332785,524,14207,language deep dog asl project deep
train_landmarks/823975.parquet,823975,525,87236,engineering project world university
train_landmarks/190025.parquet,190025,526,71348,www.cdc.gov/covid
train_landmarks/465249.parquet,465249,527,95181,456 elm st suite 200
train_landmarks/922366.parquet,922366,528,39871,(212) 555-4321
train_landmarks/465219.parquet,465219,529,65302,456 elm st suite 200
train_landmarks/857065.parquet,857065,530,25014,brown quick learning the
train_landmarks/459743.parquet,459743,531,58520,university dataset sign
train_landmarks/678719.parquet,678719,532,45382,1-888-456-7890
train_landmarks/547080.parquet,547080,533,98696,accuracy computer lazy
train_landmarks/789237.parquet,789237,534,94259,742 evergreen terrace
train_landmarks/873207.parquet,873207,535,54597,science science the
train_landmarks/325230.parquet,325230,536,30969,+1-800-222-3344
train_landmarks/837945.parquet,837945,537,65392,recognition accuracy
train_landmarks/662968.parquet,662968,538,46463,+1-555-987-6543
train_landmarks/306647.parquet,306647,539,42098,1600 pennsylvania ave
train_landmarks/803281.parquet,803281,540,69429,guatemala welcome asl asl fox to
train_landmarks/580101.parquet,580101,541,32431,university recognition deep welcome
train_landmarks/350161.parquet,350161,542,98696,123 main street apt 4b
train_landmarks/491439.parquet,491439,543,28301,asl recognition language fingerspelling american sign
train_landmarks/776604.parquet,776604,544,69429,language american jumps
train_landmarks/429861.parquet,429861,545,97841,quick to the jumps accuracy guatemala
train_landmarks/629990.parquet,629990,546,59823,deep fingerspelling model american brown
train_landmarks/132359.parquet,132359,547,19116,world world sign
train_landmarks/276379.parquet,276379,548,93227,dataset evaluation language fox fox evaluation
train_landmarks/963274.parquet,963274,549,81426,model quick learning language engineering fox
train_landmarks/970392.parquet,970392,550,46463,world engineering science
train_landmarks/465509.parquet,465509,551,21915,science engineering
train_landmarks/913308.parquet,913308,552,60019,accuracy recognition to
train_landmarks/845279.parquet,845279,553,91070,over jumps lazy lazy quick
train_landmarks/467856.parquet,467856,554,22676,sign welcome learning world hello frequency
train_landmarks/812296.parquet,812296,555,40021,guatemala evaluation university
train_landmarks/390794.parquet,390794,556,96673,learning jumps jumps
train_landmarks/437742.parquet,437742,557,42098,american recognition hello fingerspelling science
train_landmarks/764406.parquet,764406,558,81426,fingerspelling dataset
train_landmarks/828449.parquet,828449,559,37869,project american recognition frequency
train_landmarks/988319.parquet,988319,560,14207,computer learning frequency accuracy fingerspelling
train_landmarks/550513.parquet,550513,561,42098,hello model to recognition language
train_landmarks/608913.parquet,608913,562,46421,quick computer
train_landmarks/977345.parquet,977345,563,30379,742 evergreen terrace
train_landmarks/999312.parquet,999312,564,62581,(212) 555-4321
train_landmarks/100708.parquet,100708,565,46048,lazy deep jumps vision over
train_landmarks/387330.parquet,387330,566,13905,www.amazon.com/deals
train_landmarks/362552.parquet,362552,567,86622,www.cdc.gov/covid
train_landmarks/154302.parquet,154302,568,87236,1600 pennsylvania ave
train_landmarks/861253.parquet,861253,569,40021,science fox fox
train_landmarks/323788.parquet,323788,570,30379,123 main street apt 4b
train_landmarks/722518.parquet,722518,571,14165,(415) 555-8833
train_landmarks/566686.parquet,566686,572,54118,www.amazon.com/deals
train_landmarks/956800.parquet,956800,573,95909,https://youtube.com/watch
train_landmarks/827744.parquet,827744,574,74686,http://wikipedia.org/asl
train_landmarks/340068.parquet,340068,575,28131,10 downing street london
train_landmarks/945106.parquet,945106,576,35203,www.amazon.com/deals
train_landmarks/485416.parquet,485416,577,51347,asl accuracy frequency
train_landmarks/772741.parquet,772741,578,30926,brown language computer
train_landmarks/272088.parquet,272088,579,89131,10 downing street london
train_landmarks/323404.parquet,323404,580,92240,university computer science
train_landmarks/327797.parquet,327797,581,24592,http://wikipedia.org/asl
train_landmarks/246814.parquet,246814,582,65302,dataset to science accuracy hello vision
train_landmarks/360221.parquet,360221,583,65392,learning world guatemala the model frequency
train_landmarks/315425.parquet,315425,584,42098,lazy asl vision evaluation accuracy dog
train_landmarks/504630.parquet,504630,585,46463,www.nytimes.com/world
train_landmarks/769077.parquet,769077,586,70589,analysis the to welcome asl model
train_landmarks/541307.parquet,541307,587,47930,10 downing street london
train_landmarks/281162.parquet,281162,588,30033,the brown
train_landmarks/374921.parquet,374921,589,57447,(555) 234-5678
train_landmarks/927630.parquet,927630,590,20328,1600 pennsylvania ave
train_landmarks/759104.parquet,759104,591,59797,fingerspelling fingerspelling vision sign over
train_landmarks/187657.parquet,187657,592,91070,221b baker street
train_landmarks/313068.parquet,313068,593,59735,sign asl computer
train_landmarks/975064.parquet,975064,594,22676,welcome science
train_landmarks/987586.parquet,987586,595,99733,800-555-0199
train_landmarks/190400.parquet,190400,596,96673,science computer
train_landmarks/424314.parquet,424314,597,89840,fox learning learning
train_landmarks/271790.parquet,271790,598,40512,1600 pennsylvania ave
train_landmarks/648410.parquet,648410,599,89131,over jumps evaluation hello
train_landmarks/223791.parquet,223791,600,60019,to science
train_landmarks/649300.parquet,649300,601,28726,http://wikipedia.org/asl
train_landmarks/620248.parquet,620248,602,83563,1600 pennsylvania ave
train_landmarks/158132.parquet,158132,603,16175,221b baker street
train_landmarks/274987.parquet,274987,604,31319,1600 pennsylvania ave
train_landmarks/910894.parquet,910894,605,92240,http://wikipedia.org/asl
train_landmarks/339499.parquet,339499,606,86622,quick frequency
train_landmarks/356430.parquet,356430,607,20458,www.amazon.com/deals
train_landmarks/501583.parquet,501583,608,46048,university frequency language
train_landmarks/848705.parquet,848705,609,22676,dog hello university welcome model
train_landmarks/699298.parquet,699298,610,19358,221b baker street
train_landmarks/806033.parquet,806033,611,52504,dog sign quick
train_landmarks/520400.parquet,520400,612,59797,www.nytimes.com/world
train_landmarks/396020.parquet,396020,613,83563,welcome language the lazy
train_landmarks/691194.parquet,691194,614,28131,hello asl engineering engineering evaluation dataset
train_landmarks/673108.parquet,673108,615,99166,jumps university the
train_landmarks/667851.parquet,667851,616,97841,10 downing street london
train_landmarks/110060.parquet,110060,617,38893,evaluation asl
train_landmarks/873935.parquet,873935,618,22676,lazy engineering
train_landmarks/540208.parquet,540208,619,13278,742 evergreen terrace
train_landmarks/249289.parquet,249289,620,99192,quick dog
train_landmarks/986575.parquet,986575,621,40495,project dataset recognition american
train_landmarks/768169.parquet,768169,622,42087,recognition brown
train_landmarks/794622.parquet,794622,623,22676,world frequency university
train_landmarks/512040.parquet,512040,624,89840,welcome hello brown lazy
train_landmarks/917823.parquet,917823,625,40021,over over
train_landmarks/588694.parquet,588694,626,28131,742 evergreen terrace
train_landmarks/661957.parquet,661957,627,65392,123 main street apt 4b
train_landmarks/573869.parquet,573869,628,24592,1600 pennsylvania ave
train_landmarks/993892.parquet,993892,629,13478,www.cdc.gov/covid
train_landmarks/946826.parquet,946826,630,30969,quick model welcome fox hello to
train_landmarks/638401.parquet,638401,631,16175,http://weather.com/today
train_landmarks/372804.parquet,372804,632,45382,quick fingerspelling science
train_landmarks/884417.parquet,884417,633,45382,project accuracy
train_landmarks/246583.parquet,246583,634,14207,https://www.google.com
train_landmarks/970708.parquet,970708,635,68878,jumps model asl
train_landmarks/760914.parquet,760914,636,99192,recognition hello
train_landmarks/952227.parquet,952227,637,47930,http://wikipedia.org/asl
train_landmarks/307356.parquet,307356,638,57400,accuracy fox model accuracy jumps
train_landmarks/583388.parquet,583388,639,56566,https://youtube.com/watch
train_landmarks/961599.parquet,961599,640,39256,the deep over dog lazy
train_landmarks/393448.parquet,393448,641,64987,123 main street apt 4b
train_landmarks/136332.parquet,136332,642,75435,hello world fingerspelling language brown world
train_landmarks/243902.parquet,243902,643,65302,10 downing street london
train_landmarks/935922.parquet,935922,644,93886,accuracy engineering evaluation to sign project
train_landmarks/693128.parquet,693128,645,54118,hello the recognition the accuracy
train_landmarks/394579.parquet,394579,646,85674,www.nytimes.com/world
train_landmarks/655149.parquet,655149,647,57052,221b baker street
train_landmarks/344068.parquet,344068,648,82357,hello dog
train_landmarks/659614.parquet,659614,649,37869,evaluation guatemala
train_landmarks/703656.parquet,703656,650,89131,to model model over recognition
train_landmarks/945372.parquet,945372,651,80010,university the learning guatemala
train_landmarks/690984.parquet,690984,652,93320,https://github.com/kaggle
train_landmarks/977340.parquet,977340,653,14207,sign over quick quick recognition
train_landmarks/120896.parquet,120896,654,18326,welcome computer
train_landmarks/945619.parquet,945619,655,75435,www.cdc.gov/covid
train_landmarks/941403.parquet,941403,656,54597,quick jumps learning jumps
train_landmarks/216308.parquet,216308,657,42098,guatemala asl guatemala fingerspelling
train_landmarks/205939.parquet,205939,658,59797,1600 pennsylvania ave
train_landmarks/243079.parquet,243079,659,45382,accuracy guatemala vision over guatemala
train_landmarks/827250.parquet,827250,660,28289,evaluation dog recognition over welcome deep
train_landmarks/233534.parquet,233534,661,31319,(555) 234-5678
train_landmarks/836109.parquet,836109,662,45382,frequency evaluation language lazy welcome
train_landmarks/948095.parquet,948095,663,26361,vision fox american
train_landmarks/447255.parquet,447255,664,28301,to welcome computer
train_landmarks/193035.parquet,193035,665,22280,science hello hello brown
train_landmarks/369125.parquet,369125,666,87397,quick science
train_landmarks/540038.parquet,540038,667,75435,american asl language fox project
train_landmarks/706135.parquet,706135,668,31319,over brown model
train_landmarks/409234.parquet,409234,669,45093,http://weather.com/today
train_landmarks/209812.parquet,209812,670,40512,www.cdc.gov/covid
train_landmarks/493696.parquet,493696,671,54118,(555) 234-5678
train_landmarks/673619.parquet,673619,672,57447,to engineering
train_landmarks/606186.parquet,606186,673,86622,guatemala over analysis over fox
train_landmarks/315535.parquet,315535,674,18675,learning learning dataset hello world
train_landmarks/349087.parquet,349087,675,22676,https://youtube.com/watch
train_landmarks/699544.parquet,699544,676,59735,over to science world vision
train_landmarks/729371.parquet,729371,677,48427,742 evergreen terrace
train_landmarks/126985.parquet,126985,678,65302,(415) 555-8833
train_landmarks/405986.parquet,405986,679,99192,model welcome fingerspelling american vision
train_landmarks/195563.parquet,195563,680,13478,lazy analysis asl science hello
train_landmarks/587648.parquet,587648,681,60019,+1-800-222-3344
train_landmarks/381607.parquet,381607,682,46434,dataset deep brown
train_landmarks/460491.parquet,460491,683,46463,engineering recognition language model model
train_landmarks/538967.parquet,538967,684,89840,language dog world fingerspelling frequency
train_landmarks/136415.parquet,136415,685,16175,accuracy deep computer fox dataset over
train_landmarks/275284.parquet,275284,686,75435,jumps fingerspelling engineering
train_landmarks/556542.parquet,556542,687,66155,+1-800-222-3344
train_landmarks/757694.parquet,757694,688,14207,http://weather.com/today
train_landmarks/435281.parquet,435281,689,18675,brown language
train_landmarks/678870.parquet,678870,690,74686,1600 pennsylvania ave
train_landmarks/644932.parquet,644932,691,23396,742 evergreen terrace
train_landmarks/924758.parquet,924758,692,31319,sign fingerspelling fingerspelling jumps recognition evaluation
train_landmarks/205071.parquet,205071,693,46421,evaluation evaluation frequency analysis frequency hello
train_landmarks/786594.parquet,786594,694,99166,221b baker street
train_landmarks/596025.parquet,596025,695,60432,http://weather.com/today
train_landmarks/522548.parquet,522548,696,42098,https://youtube.com/watch
train_landmarks/140666.parquet,140666,697,84341,1600 pennsylvania ave
train_landmarks/824056.parquet,824056,698,65333,(415) 555-8833
train_landmarks/598302.parquet,598302,699,87236,the accuracy welcome world
train_landmarks/615500.parquet,615500,700,80010,engineering dog
train_landmarks/415076.parquet,415076,701,99192,evaluation welcome dataset recognition brown
train_landmarks/563173.parquet,563173,702,42098,+1-800-222-3344
train_landmarks/526949.parquet,526949,703,18675,frequency model sign over welcome american
train_landmarks/242239.parquet,242239,704,89131,analysis the lazy model model hello
train_landmarks/578621.parquet,578621,705,65333,www.amazon.com/deals
train_landmarks/838862.parquet,838862,706,42953,+1-555-987-6543
train_landmarks/963508.parquet,963508,707,60432,456 elm st suite 200
train_landmarks/766275.parquet,766275,708,93320,dog american
train_landmarks/567773.parquet,567773,709,21915,+1-800-222-3344
train_landmarks/597635.parquet,597635,710,76784,to model hello model
train_landmarks/194782.parquet,194782,711,15695,(212) 555-4321
train_landmarks/152062.parquet,152062,712,28131,1-888-456-7890
train_landmarks/917711.parquet,917711,713,42098,vision deep hello
train_landmarks/529399.parquet,529399,714,45382,project jumps
train_landmarks/281614.parquet,281614,715,30379,dog computer
train_landmarks/420297.parquet,420297,716,76237,fingerspelling asl to hello
train_landmarks/589368.parquet,589368,717,87397,221b baker street
train_landmarks/964352.parquet,964352,718,18675,fox american vision model asl vision
train_landmarks/738635.parquet,738635,719,59615,(415) 555-8833
train_landmarks/213355.parquet,213355,720,95909,1600 pennsylvania ave
train_landmarks/389913.parquet,389913,721,98696,hello learning analysis world
train_landmarks/257212.parquet,257212,722,15695,analysis accuracy accuracy
train_landmarks/729180.parquet,729180,723,19358,1600 pennsylvania ave
train_landmarks/813824.parquet,813824,724,83579,https://www.google.com
train_landmarks/787237.parquet,787237,725,15695,1600 pennsylvania ave
train_landmarks/372028.parquet,372028,726,99733,asl quick learning language lazy
train_landmarks/861842.parquet,861842,727,30033,vision project guatemala to world over
train_landmarks/789558.parquet,789558,728,83000,world project dataset
train_landmarks/860413.parquet,860413,729,30379,guatemala analysis vision
train_landmarks/333049.parquet,333049,730,42098,10 downing street london
train_landmarks/422002.parquet,422002,731,16175,1600 pennsylvania ave
train_landmarks/489737.parquet,489737,732,46048,+1-555-987-6543
train_landmarks/586288.parquet,586288,733,24371,quick computer recognition computer project
train_landmarks/303993.parquet,303993,734,44993,sign fingerspelling frequency jumps engineering
train_landmarks/459315.parquet,459315,735,18326,221b baker street
train_landmarks/579798.parquet,579798,736,86622,www.cdc.gov/covid
train_landmarks/916779.parquet,916779,737,25014,www.amazon.com/deals
train_landmarks/761685.parquet,761685,738,82357,computer the world evaluation
train_landmarks/276795.parquet,276795,739,44718,american evaluation brown
train_landmarks/744328.parquet,744328,740,19116,456 elm st suite 200
train_landmarks/522988.parquet,522988,741,57819,456 elm st suite 200
train_landmarks/501936.parquet,501936,742,99733,https://apple.com/ios
train_landmarks/309100.parquet,309100,743,16175,analysis dataset
train_landmarks/656829.parquet,656829,744,99166,(415) 555-8833
train_landmarks/104324.parquet,104324,745,44718,dog frequency welcome
train_landmarks/207697.parquet,207697,746,47930,221b baker street
train_landmarks/420984.parquet,420984,747,47930,+1-800-222-3344
train_landmarks/147939.parquet,147939,748,75435,+1-555-987-6543
train_landmarks/578073.parquet,578073,749,30379,sign science deep jumps engineering american
train_landmarks/886553.parquet,886553,750,22280,+1-800-222-3344
train_landmarks/522986.parquet,522986,751,82357,https://github.com/kaggle
train_landmarks/862491.parquet,862491,752,57052,dataset recognition over
train_landmarks/484398.parquet,484398,753,89131,asl vision
train_landmarks/908713.parquet,908713,754,30379,recognition quick
train_landmarks/213365.parquet,213365,755,39256,quick fox
train_landmarks/565897.parquet,565897,756,13278,221b baker street
train_landmarks/365015.parquet,365015,757,99166,123 main street apt 4b
train_landmarks/315477.parquet,315477,758,20458,world vision
train_landmarks/794663.parquet,794663,759,57400,recognition jumps model fox learning fox
train_landmarks/219550.parquet,219550,760,45093,lazy lazy hello sign lazy
train_landmarks/837606.parquet,837606,761,46421,123 main street apt 4b
train_landmarks/141319.parquet,141319,762,60019,deep project dog
train_landmarks/113368.parquet,113368,763,42325,model deep
train_landmarks/256389.parquet,256389,764,65302,brown learning analysis vision project engineering
train_landmarks/376955.parquet,376955,765,47930,742 evergreen terrace
train_landmarks/952679.parquet,952679,766,24371,(555) 234-5678
train_landmarks/993647.parquet,993647,767,60432,+1-800-222-3344
train_landmarks/809641.parquet,809641,768,69429,10 downing street london
train_landmarks/221531.parquet,221531,769,83000,https://www.google.com
train_landmarks/110142.parquet,110142,770,38893,welcome analysis guatemala
train_landmarks/381342.parquet,381342,771,25014,asl to
train_landmarks/219361.parquet,219361,772,30379,456 elm st suite 200
train_landmarks/385037.parquet,385037,773,60432,accuracy vision accuracy fox deep
train_landmarks/161495.parquet,161495,774,40021,fox university project
train_landmarks/696580.parquet,696580,775,93886,computer evaluation computer
train_landmarks/817712.parquet,817712,776,56566,project american analysis
train_landmarks/562094.parquet,562094,777,30379,http://weather.com/today
train_landmarks/786789.parquet,786789,778,68878,10 downing street london
train_landmarks/810859.parquet,810859,779,46421,learning dog guatemala frequency sign deep
train_landmarks/748270.parquet,748270,780,46463,https://github.com/kaggle
train_landmarks/605339.parquet,605339,781,42325,10 downing street london
train_landmarks/772561.parquet,772561,782,82357,221b baker street
train_landmarks/742686.parquet,742686,783,23434,www.cdc.gov/covid
train_landmarks/630126.parquet,630126,784,42953,frequency brown american dog engineering
train_landmarks/152796.parquet,152796,785,24371,vision fingerspelling dog project accuracy science
train_landmarks/998198.parquet,998198,786,88172,1600 pennsylvania ave
train_landmarks/224473.parquet,224473,787,25014,fox fingerspelling
train_landmarks/684194.parquet,684194,788,68878,accuracy guatemala
train_landmarks/768507.parquet,768507,789,35203,221b baker street
train_landmarks/689648.parquet,689648,790,28726,(415) 555-8833
train_landmarks/578368.parquet,578368,791,18675,model accuracy model welcome
train_landmarks/904694.parquet,904694,792,81426,learning to science fox vision
train_landmarks/102303.parquet,102303,793,62350,10 downing street london
train_landmarks/938769.parquet,938769,794,46421,1-888-456-7890
train_landmarks/492052.parquet,492052,795,46421,analysis american
train_landmarks/961760.parquet,961760,796,94939,fox computer lazy university asl
train_landmarks/579247.parquet,579247,797,59735,learning fox fingerspelling
train_landmarks/764000.parquet,764000,798,70589,jumps analysis project recognition american guatemala
train_landmarks/104548.parquet,104548,799,65302,language science
train_landmarks/713543.parquet,713543,800,24371,221b baker street
train_landmarks/919023.parquet,919023,801,59797,deep over accuracy
train_landmarks/208584.parquet,208584,802,13478,221b baker street
train_landmarks/735605.parquet,735605,803,30033,analysis fingerspelling computer deep hello fingerspelling
train_landmarks/459513.parquet,459513,804,88104,accuracy jumps recognition analysis american
train_landmarks/984027.parquet,984027,805,21915,learning university computer lazy
train_landmarks/754487.parquet,754487,806,86484,university jumps learning engineering
train_landmarks/286450.parquet,286450,807,40021,learning evaluation language recognition
train_landmarks/799565.parquet,799565,808,89840,world model accuracy sign the jumps
train_landmarks/802812.parquet,802812,809,65302,http://weather.com/today
train_landmarks/886626.parquet,886626,810,96673,deep jumps brown evaluation
train_landmarks/313910.parquet,313910,811,91070,to science
train_landmarks/746036.parquet,746036,812,59797,frequency dataset language dog evaluation accuracy
train_landmarks/401610.parquet,401610,813,95909,university asl
train_landmarks/926394.parquet,926394,814,31319,guatemala quick dataset lazy
train_landmarks/918859.parquet,918859,815,65302,model university learning vision dataset
train_landmarks/673167.parquet,673167,816,46421,evaluation guatemala world
train_landmarks/286044.parquet,286044,817,45093,lazy over
train_landmarks/638807.parquet,638807,818,87397,https://www.google.com
train_landmarks/549323.parquet,549323,819,74686,+1-555-987-6543
train_landmarks/236384.parquet,236384,820,31319,+1-800-222-3344
train_landmarks/367403.parquet,367403,821,57819,www.nytimes.com/world
train_landmarks/844163.parquet,844163,822,59735,over welcome
train_landmarks/153325.parquet,153325,823,38746,model world accuracy language brown learning
train_landmarks/650916.parquet,650916,824,82357,800-555-0199
train_landmarks/645895.parquet,645895,825,62581,https://apple.com/ios
train_landmarks/267112.parquet,267112,826,80010,221b baker street
train_landmarks/523013.parquet,523013,827,59797,https://github.com/kaggle
train_landmarks/323717.parquet,323717,828,24371,to dog dataset sign
train_landmarks/688602.parquet,688602,829,86622,fox to
train_landmarks/352023.parquet,352023,830,14207,university hello quick analysis asl accuracy
train_landmarks/218881.parquet,218881,831,74686,221b baker street
train_landmarks/859143.parquet,859143,832,16175,1-888-456-7890
train_landmarks/962043.parquet,962043,833,51245,accuracy science quick analysis lazy american
train_landmarks/200617.parquet,200617,834,76784,+1-800-222-3344
train_landmarks/664107.parquet,664107,835,18675,lazy computer
train_landmarks/323530.parquet,323530,836,45093,model lazy model frequency dataset
train_landmarks/556379.parquet,556379,837,83000,dataset over
train_landmarks/581532.parquet,581532,838,94259,brown quick
train_landmarks/932794.parquet,932794,839,81426,(555) 234-5678
train_landmarks/702891.parquet,702891,840,24371,fingerspelling science fingerspelling welcome
train_landmarks/508422.parquet,508422,841,16175,the learning brown dataset quick model
train_landmarks/475075.parquet,475075,842,42098,world deep
train_landmarks/736030.parquet,736030,843,28131,www.nytimes.com/world
train_landmarks/499941.parquet,499941,844,13478,10 downing street london
train_landmarks/132316.parquet,132316,845,26361,221b baker street
train_landmarks/330545.parquet,330545,846,61856,https://youtube.com/watch
train_landmarks/935474.parquet,935474,847,64987,world computer world analysis guatemala frequency
train_landmarks/779414.parquet,779414,848,57447,742 evergreen terrace
train_landmarks/680412.parquet,680412,849,28131,jumps the recognition
train_landmarks/663244.parquet,663244,850,58520,welcome dataset
train_landmarks/861200.parquet,861200,851,93810,456 elm st suite 200
train_landmarks/777308.parquet,777308,852,57052,over dog model
train_landmarks/303765.parquet,303765,853,83000,https://www.google.com
train_landmarks/992744.parquet,992744,854,11504,project language world brown fox learning
train_landmarks/610856.parquet,610856,855,52504,jumps vision fox computer
train_landmarks/302897.parquet,302897,856,59797,456 elm st suite 200
train_landmarks/444295.parquet,444295,857,52504,deep over language accuracy
train_landmarks/549112.parquet,549112,858,19358,+1-555-987-6543
train_landmarks/358133.parquet,358133,859,42325,world to deep welcome project
train_landmarks/566991.parquet,566991,860,22280,1600 pennsylvania ave
train_landmarks/610626.parquet,610626,861,28726,vision brown world
train_landmarks/966589.parquet,966589,862,19358,https://apple.com/ios
train_landmarks/305973.parquet,305973,863,71348,(415) 555-8833
train_landmarks/180176.parquet,180176,864,20328,frequency computer
train_landmarks/952117.parquet,952117,865,52504,evaluation dog quick hello analysis
train_landmarks/665892.parquet,665892,866,18326,123 main street apt 4b
train_landmarks/483588.parquet,483588,867,13905,221b baker street
train_landmarks/868844.parquet,868844,868,18326,project american fingerspelling
train_landmarks/626560.parquet,626560,869,45093,https://github.com/kaggle
train_landmarks/989173.parquet,989173,870,98696,deep dataset jumps over language language
train_landmarks/253300.parquet,253300,871,44671,university quick evaluation dog hello
train_landmarks/345386.parquet,345386,872,51245,https://github.com/kaggle
train_landmarks/643042.parquet,643042,873,98696,asl university analysis quick
train_landmarks/780027.parquet,780027,874,70589,10 downing street london
train_landmarks/646699.parquet,646699,875,82357,model hello sign over
train_landmarks/785428.parquet,785428,876,38785,221b baker street
train_landmarks/785073.parquet,785073,877,39256,sign asl
train_landmarks/333726.parquet,333726,878,16175,accuracy to accuracy analysis
train_landmarks/106918.parquet,106918,879,82512,science dog american
train_landmarks/394450.parquet,394450,880,42953,800-555-0199
train_landmarks/265001.parquet,265001,881,94259,10 downing street london
train_landmarks/956639.parquet,956639,882,13478,https://github.com/kaggle
train_landmarks/534753.parquet,534753,883,28726,project project
train_landmarks/320939.parquet,320939,884,42098,the quick language over computer
train_landmarks/141094.parquet,141094,885,46048,quick hello over
train_landmarks/525151.parquet,525151,886,70217,vision frequency dataset model guatemala dog
train_landmarks/735988.parquet,735988,887,31319,over model recognition accuracy model
train_landmarks/290719.parquet,290719,888,28301,hello learning to science recognition dog
train_landmarks/504186.parquet,504186,889,45093,https://www.google.com
train_landmarks/312177.parquet,312177,890,46434,deep model recognition over analysis recognition
train_landmarks/921945.parquet,921945,891,22676,fox vision
train_landmarks/732789.parquet,732789,892,25014,analysis evaluation
train_landmarks/780768.parquet,780768,893,20458,456 elm st suite 200
train_landmarks/488368.parquet,488368,894,69429,science university project evaluation to accuracy
train_landmarks/898531.parquet,898531,895,64987,fox jumps project dog frequency world
train_landmarks/670143.parquet,670143,896,80644,123 main street apt 4b
train_landmarks/105735.parquet,105735,897,18675,recognition fox
train_landmarks/107543.parquet,107543,898,46421,123 main street apt 4b
train_landmarks/821175.parquet,821175,899,65302,to over vision hello frequency
train_landmarks/544136.parquet,544136,900,45093,world deep dataset fingerspelling evaluation project
train_landmarks/488196.parquet,488196,901,40021,hello welcome to learning dataset
train_landmarks/996531.parquet,996531,902,22676,dataset science
train_landmarks/833281.parquet,833281,903,60019,dog fingerspelling
train_landmarks/454877.parquet,454877,904,81426,learning learning over guatemala the fox
train_landmarks/252387.parquet,252387,905,40512,221b baker street
train_landmarks/556526.parquet,556526,906,60432,http://weather.com/today
train_landmarks/332542.parquet,332542,907,47930,221b baker street
train_landmarks/139589.parquet,139589,908,17331,computer sign learning recognition guatemala
train_landmarks/960072.parquet,960072,909,19116,(212) 555-4321
train_landmarks/560295.parquet,560295,910,22676,https://apple.com/ios
train_landmarks/399899.parquet,399899,911,99166,+1-800-222-3344
train_landmarks/728636.parquet,728636,912,96673,computer deep to
train_landmarks/786837.parquet,786837,913,92240,www.cdc.gov/covid
train_landmarks/191061.parquet,191061,914,30379,to fingerspelling recognition sign dataset
train_landmarks/171950.parquet,171950,915,54597,world model university to guatemala world
train_landmarks/735818.parquet,735818,916,42098,university language hello fingerspelling fox
train_landmarks/175902.parquet,175902,917,40021,guatemala accuracy guatemala frequency
train_landmarks/952646.parquet,952646,918,92397,deep guatemala language evaluation
train_landmarks/894268.parquet,894268,919,21915,456 elm st suite 200
train_landmarks/814703.parquet,814703,920,69429,221b baker street
train_landmarks/128679.parquet,128679,921,42953,1600 pennsylvania ave
train_landmarks/170835.parquet,170835,922,46463,123 main street apt 4b
train_landmarks/809794.parquet,809794,923,16175,fingerspelling to sign learning
train_landmarks/376142.parquet,376142,924,28301,(555) 234-5678
train_landmarks/518309.parquet,518309,925,28301,brown university project to
train_landmarks/701581.parquet,701581,926,76784,(415) 555-8833
train_landmarks/816289.parquet,816289,927,28726,american lazy dataset
train_landmarks/378297.parquet,378297,928,99733,800-555-0199
train_landmarks/975498.parquet,975498,929,13478,1-888-456-7890
train_landmarks/473321.parquet,473321,930,42098,(555) 234-5678
train_landmarks/225701.parquet,225701,931,99192,computer evaluation sign quick project
train_landmarks/750817.parquet,750817,932,83000,221b baker street
train_landmarks/388078.parquet,388078,933,44438,221b baker street
train_landmarks/393880.parquet,393880,934,57819,221b baker street
train_landmarks/234475.parquet,234475,935,40495,https://youtube.com/watch
train_landmarks/601554.parquet,601554,936,76237,american asl
train_landmarks/819678.parquet,819678,937,45093,engineering learning project deep the
train_landmarks/320989.parquet,320989,938,20458,742 evergreen terrace
train_landmarks/441244.parquet,441244,939,30926,1600 pennsylvania ave
train_landmarks/296243.parquet,296243,940,31319,hello guatemala to
train_landmarks/292847.parquet,292847,941,98696,123 main street apt 4b
train_landmarks/539450.parquet,539450,942,70589,asl fingerspelling science language
train_landmarks/703867.parquet,703867,943,22676,learning accuracy
train_landmarks/682316.parquet,682316,944,86622,456 elm st suite 200
train_landmarks/305587.parquet,305587,945,44671,www.cdc.gov/covid
train_landmarks/595962.parquet,595962,946,69429,fingerspelling jumps analysis
train_landmarks/761286.parquet,761286,947,24592,evaluation world language language
train_landmarks/517754.parquet,517754,948,21395,www.cdc.gov/covid
train_landmarks/162952.parquet,162952,949,35203,+1-555-987-6543
train_landmarks/599687.parquet,599687,950,57819,science to
train_landmarks/478496.parquet,478496,951,45382,221b baker street
train_landmarks/949363.parquet,949363,952,55082,(555) 234-5678
train_landmarks/531762.parquet,531762,953,18675,https://github.com/kaggle
train_landmarks/704875.parquet,704875,954,21915,over evaluation to deep american dataset
train_landmarks/182216.parquet,182216,955,42325,1600 pennsylvania ave
train_landmarks/586279.parquet,586279,956,39256,frequency vision university
train_landmarks/542306.parquet,542306,957,57819,fingerspelling analysis brown to welcome vision
train_landmarks/844943.parquet,844943,958,22280,(415) 555-8833
train_landmarks/514664.parquet,514664,959,38221,(212) 555-4321
train_landmarks/918910.parquet,918910,960,99166,dataset sign science over
train_landmarks/995706.parquet,995706,961,36062,https://github.com/kaggle
train_landmarks/794180.parquet,794180,962,58520,(415) 555-8833
train_landmarks/834733.parquet,834733,963,83000,over fox brown
train_landmarks/596171.parquet,596171,964,37653,evaluation sign
train_landmarks/187295.parquet,187295,965,93227,www.cdc.gov/covid
train_landmarks/188406.parquet,188406,966,24592,welcome hello world computer jumps
train_landmarks/979249.parquet,979249,967,80284,(555) 234-5678
train_landmarks/795781.parquet,795781,968,56566,1600 pennsylvania ave
train_landmarks/599284.parquet,599284,969,65302,221b baker street
train_landmarks/385647.parquet,385647,970,82357,guatemala learning over
train_landmarks/726612.parquet,726612,971,42098,10 downing street london
train_landmarks/766738.parquet,766738,972,87397,sign vision welcome to sign
train_landmarks/943797.parquet,943797,973,35203,http://weather.com/today
train_landmarks/483551.parquet,483551,974,13478,123 main street apt 4b
train_landmarks/418319.parquet,418319,975,80010,https://apple.com/ios
train_landmarks/954987.parquet,954987,976,45093,to project the
train_landmarks/615827.parquet,615827,977,86622,world evaluation accuracy recognition accuracy
train_landmarks/674842.parquet,674842,978,10851,456 elm st suite 200
train_landmarks/687783.parquet,687783,979,38893,123 main street apt 4b
train_landmarks/271200.parquet,271200,980,22280,model dog brown computer sign
train_landmarks/938817.parquet,938817,981,52504,world dataset accuracy fingerspelling
train_landmarks/994940.parquet,994940,982,84341,www.cdc.gov/covid
train_landmarks/403662.parquet,403662,983,42098,www.nytimes.com/world
train_landmarks/747736.parquet,747736,984,18326,10 downing street london
train_landmarks/753004.parquet,753004,985,28289,1600 pennsylvania ave
train_landmarks/120337.parquet,120337,986,19358,1-888-456-7890
train_landmarks/123205.parquet,123205,987,51245,(555) 234-5678
train_landmarks/395818.parquet,395818,988,16175,(415) 555-8833
train_landmarks/559713.parquet,559713,989,37869,brown the dog
train_landmarks/540656.parquet,540656,990,86622,456 elm st suite 200
train_landmarks/489438.parquet,489438,991,59615,742 evergreen terrace
train_landmarks/446290.parquet,446290,992,62350,www.cdc.gov/covid
train_landmarks/158760.parquet,158760,993,87397,(212) 555-4321
train_landmarks/174852.parquet,174852,994,92240,lazy model accuracy
train_landmarks/968485.parquet,968485,995,89840,https://github.com/kaggle
train_landmarks/503489.parquet,503489,996,57447,hello engineering lazy dataset fox
train_landmarks/798359.parquet,798359,997,69429,asl guatemala university over dataset
train_landmarks/880900.parquet,880900,998,40021,jumps project world to quick deep
train_landmarks/218414.parquet,218414,999,97841,(212) 555-4321
train_landmarks/440277.parquet,440277,1000,75435,http://weather.com/today
train_landmarks/713099.parquet,713099,1001,65302,https://github.com/kaggle
train_landmarks/109363.parquet,109363,1002,23434,evaluation project recognition asl brown over
train_landmarks/195841.parquet,195841,1003,54118,university engineering computer quick
train_landmarks/775885.parquet,775885,1004,81426,1-888-456-7890
train_landmarks/929912.parquet,929912,1005,16175,www.nytimes.com/world
train_landmarks/343977.parquet,343977,1006,46421,221b baker street
train_landmarks/926867.parquet,926867,1007,11504,accuracy science lazy deep
train_landmarks/475565.parquet,475565,1008,26361,analysis american science world
train_landmarks/830897.parquet,830897,1009,46463,221b baker street
train_landmarks/295692.parquet,295692,1010,83579,dataset world model university
train_landmarks/681456.parquet,681456,1011,14207,1-888-456-7890
train_landmarks/262555.parquet,262555,1012,31319,1600 pennsylvania ave
train_landmarks/667915.parquet,667915,1013,89840,742 evergreen terrace
train_landmarks/913608.parquet,913608,1014,37869,dataset analysis computer asl computer
train_landmarks/436272.parquet,436272,1015,46421,model lazy deep evaluation over world
train_landmarks/529711.parquet,529711,1016,25014,fox vision
train_landmarks/145903.parquet,145903,1017,82512,over quick fox
train_landmarks/300924.parquet,300924,1018,40021,https://youtube.com/watch
train_landmarks/789880.parquet,789880,1019,10851,221b baker street
train_landmarks/835381.parquet,835381,1020,45093,asl recognition
train_landmarks/174316.parquet,174316,1021,21395,https://github.com/kaggle
train_landmarks/787603.parquet,787603,1022,42098,742 evergreen terrace
train_landmarks/590795.parquet,590795,1023,59797,to dataset
train_landmarks/536158.parquet,536158,1024,69429,model hello
train_landmarks/142627.parquet,142627,1025,16175,brown dog sign fox
train_landmarks/342239.parquet,342239,1026,75435,lazy vision language
train_landmarks/287588.parquet,287588,1027,61856,fingerspelling fox vision to project vision
train_landmarks/209159.parquet,209159,1028,20458,800-555-0199
train_landmarks/676680.parquet,676680,1029,82357,1600 pennsylvania ave
train_landmarks/789472.parquet,789472,1030,91070,1-888-456-7890
train_landmarks/564531.parquet,564531,1031,99166,language engineering model fingerspelling
train_landmarks/764001.parquet,764001,1032,39256,10 downing street london
train_landmarks/439162.parquet,439162,1033,16175,language asl language dataset to science
train_landmarks/516379.parquet,516379,1034,31417,https://www.google.com
train_landmarks/398301.parquet,398301,1035,59823,jumps analysis the engineering dog welcome
train_landmarks/909000.parquet,909000,1036,95909,university american language language
train_landmarks/198867.parquet,198867,1037,31319,www.amazon.com/deals
train_landmarks/263690.parquet,263690,1038,16175,www.amazon.com/deals
train_landmarks/710434.parquet,710434,1039,30969,+1-555-987-6543
train_landmarks/950472.parquet,950472,1040,47930,221b baker street
train_landmarks/519218.parquet,519218,1041,22676,dataset learning accuracy
train_landmarks/281301.parquet,281301,1042,59735,10 downing street london
train_landmarks/836989.parquet,836989,1043,99192,recognition world
train_landmarks/866288.parquet,866288,1044,54597,brown quick evaluation to accuracy
train_landmarks/536754.parquet,536754,1045,99733,frequency dog
train_landmarks/784488.parquet,784488,1046,52504,computer computer
train_landmarks/156757.parquet,156757,1047,75435,742 evergreen terrace
train_landmarks/434827.parquet,434827,1048,13478,welcome learning over
train_landmarks/806357.parquet,806357,1049,37869,engineering dataset language brown science
train_landmarks/924566.parquet,924566,1050,99192,123 main street apt 4b
train_landmarks/452497.parquet,452497,1051,87236,https://www.google.com
train_landmarks/674779.parquet,674779,1052,30379,742 evergreen terrace
train_landmarks/517885.parquet,517885,1053,42953,evaluation project lazy
train_landmarks/514521.parquet,514521,1054,87236,language engineering sign
train_landmarks/354085.parquet,354085,1055,74686,https://youtube.com/watch
train_landmarks/439121.parquet,439121,1056,31319,brown deep fingerspelling to welcome recognition
train_landmarks/125382.parquet,125382,1057,54118,engineering computer engineering
train_landmarks/563690.parquet,563690,1058,16175,quick accuracy lazy asl evaluation
train_landmarks/994188.parquet,994188,1059,46434,https://www.google.com
train_landmarks/354854.parquet,354854,1060,56566,frequency model the
train_landmarks/827497.parquet,827497,1061,48427,science the lazy sign
train_landmarks/313701.parquet,313701,1062,59735,language computer engineering deep
train_landmarks/800722.parquet,800722,1063,64987,https://apple.com/ios
train_landmarks/145594.parquet,145594,1064,35203,(555) 234-5678
train_landmarks/397809.parquet,397809,1065,42953,(415) 555-8833
train_landmarks/747983.parquet,747983,1066,59797,(212) 555-4321
train_landmarks/786563.parquet,786563,1067,40021,asl hello
train_landmarks/993473.parquet,993473,1068,70217,frequency the frequency vision
train_landmarks/342397.parquet,342397,1069,28301,engineering fox welcome frequency sign lazy
train_landmarks/624970.parquet,624970,1070,13478,university the hello sign to asl
train_landmarks/264631.parquet,264631,1071,42953,www.amazon.com/deals
train_landmarks/472640.parquet,472640,1072,69429,engineering engineering world
train_landmarks/165021.parquet,165021,1073,30379,analysis accuracy the language world
train_landmarks/259077.parquet,259077,1074,87397,456 elm st suite 200
train_landmarks/788842.parquet,788842,1075,38893,https://youtube.com/watch
train_landmarks/646012.parquet,646012,1076,56566,frequency deep fingerspelling language science welcome
train_landmarks/734775.parquet,734775,1077,26361,221b baker street
train_landmarks/238173.parquet,238173,1078,28131,800-555-0199
train_landmarks/709254.parquet,709254,1079,20458,frequency welcome learning
train_landmarks/649249.parquet,649249,1080,23396,engineering engineering jumps university university
train_landmarks/432918.parquet,432918,1081,83000,https://apple.com/ios
train_landmarks/854388.parquet,854388,1082,51245,www.amazon.com/deals
train_landmarks/980303.parquet,980303,1083,38893,evaluation analysis
train_landmarks/534152.parquet,534152,1084,38893,science university analysis university
train_landmarks/387096.parquet,387096,1085,42098,800-555-0199
train_landmarks/211957.parquet,211957,1086,75435,https://www.google.com
train_landmarks/899484.parquet,899484,1087,14207,hello language dog dog deep to
train_landmarks/821568.parquet,821568,1088,93320,american recognition learning
train_landmarks/492124.parquet,492124,1089,76784,(212) 555-4321
train_landmarks/615318.parquet,615318,1090,66155,123 main street apt 4b
train_landmarks/302647.parquet,302647,1091,70589,(212) 555-4321
train_landmarks/901677.parquet,901677,1092,16175,guatemala dog deep lazy
train_landmarks/314498.parquet,314498,1093,65392,www.nytimes.com/world
train_landmarks/747033.parquet,747033,1094,38657,1600 pennsylvania ave
train_landmarks/579770.parquet,579770,1095,22676,fingerspelling quick dataset asl welcome
train_landmarks/741209.parquet,741209,1096,23434,recognition sign frequency evaluation sign science
train_landmarks/967182.parquet,967182,1097,99593,sign fingerspelling dataset
train_landmarks/684791.parquet,684791,1098,18326,10 downing street london
train_landmarks/151690.parquet,151690,1099,42098,(212) 555-4321
train_landmarks/517375.parquet,517375,1100,76237,project fingerspelling computer quick
train_landmarks/642081.parquet,642081,1101,69429,model science learning fox evaluation
train_landmarks/829928.parquet,829928,1102,18326,fingerspelling science over recognition learning
train_landmarks/311741.parquet,311741,1103,15695,hello deep
train_landmarks/846030.parquet,846030,1104,58520,fox learning
train_landmarks/764873.parquet,764873,1105,39256,221b baker street
train_landmarks/841635.parquet,841635,1106,95181,221b baker street
train_landmarks/741804.parquet,741804,1107,99166,language quick over to frequency
train_landmarks/257380.parquet,257380,1108,79352,800-555-0199
train_landmarks/287555.parquet,287555,1109,93810,fingerspelling welcome
train_landmarks/905967.parquet,905967,1110,60019,computer fox jumps lazy
train_landmarks/752801.parquet,752801,1111,17331,project frequency
train_landmarks/669902.parquet,669902,1112,16175,analysis dog recognition project fingerspelling brown
train_landmarks/729252.parquet,729252,1113,69429,https://apple.com/ios
train_landmarks/391622.parquet,391622,1114,56566,model lazy lazy quick to jumps
train_landmarks/134007.parquet,134007,1115,31319,world university quick fingerspelling over deep
train_landmarks/740774.parquet,740774,1116,51347,language language guatemala dataset to quick
train_landmarks/905843.parquet,905843,1117,83563,+1-555-987-6543
train_landmarks/497346.parquet,497346,1118,42098,model brown project jumps frequency
train_landmarks/445200.parquet,445200,1119,44671,lazy lazy quick language engineering sign
train_landmarks/191928.parquet,191928,1120,84341,10 downing street london
train_landmarks/734155.parquet,734155,1121,30926,science model hello language
train_landmarks/753518.parquet,753518,1122,62581,123 main street apt 4b
train_landmarks/744129.parquet,744129,1123,42953,dataset american accuracy analysis dog world
train_landmarks/302957.parquet,302957,1124,65302,https://www.google.com
train_landmarks/587467.parquet,587467,1125,62581,dataset lazy
train_landmarks/745197.parquet,745197,1126,59823,quick to accuracy dog vision
train_landmarks/823535.parquet,823535,1127,16175,+1-800-222-3344
train_landmarks/171131.parquet,171131,1128,87236,221b baker street
train_landmarks/676710.parquet,676710,1129,18675,742 evergreen terrace
train_landmarks/219366.parquet,219366,1130,76784,fingerspelling language guatemala model
train_landmarks/303440.parquet,303440,1131,60432,1600 pennsylvania ave
train_landmarks/805139.parquet,805139,1132,45093,456 elm st suite 200
train_landmarks/935981.parquet,935981,1133,31319,www.cdc.gov/covid
train_landmarks/604884.parquet,604884,1134,83000,(212) 555-4321
train_landmarks/663051.parquet,663051,1135,16175,evaluation fingerspelling dataset model world
train_landmarks/860180.parquet,860180,1136,80010,sign lazy deep accuracy analysis to
train_landmarks/256557.parquet,256557,1137,42098,(555) 234-5678
train_landmarks/455627.parquet,455627,1138,18326,model language asl recognition frequency dataset
train_landmarks/839525.parquet,839525,1139,45093,hello brown
train_landmarks/349185.parquet,349185,1140,62581,1600 pennsylvania ave
train_landmarks/326639.parquet,326639,1141,54597,fox evaluation evaluation
train_landmarks/197102.parquet,197102,1142,14207,742 evergreen terrace
train_landmarks/937838.parquet,937838,1143,35203,221b baker street
train_landmarks/261562.parquet,261562,1144,40021,(212) 555-4321
train_landmarks/868020.parquet,868020,1145,22280,evaluation jumps frequency model
train_landmarks/641218.parquet,641218,1146,40021,lazy quick asl
train_landmarks/647718.parquet,647718,1147,25014,http://weather.com/today
train_landmarks/146168.parquet,146168,1148,39256,frequency welcome analysis fox evaluation dataset
train_landmarks/123572.parquet,123572,1149,11504,vision lazy lazy world
train_landmarks/658131.parquet,658131,1150,96673,456 elm st suite 200
train_landmarks/803724.parquet,803724,1151,16175,www.cdc.gov/covid
train_landmarks/265146.parquet,265146,1152,42325,(555) 234-5678
train_landmarks/753205.parquet,753205,1153,80010,lazy to
train_landmarks/433955.parquet,433955,1154,75435,(415) 555-8833
train_landmarks/943058.parquet,943058,1155,24371,800-555-0199
train_landmarks/279594.parquet,279594,1156,19116,www.amazon.com/deals
train_landmarks/666836.parquet,666836,1157,80284,123 main street apt 4b
train_landmarks/130401.parquet,130401,1158,51347,10 downing street london
train_landmarks/152906.parquet,152906,1159,86484,https://www.google.com
train_landmarks/190302.parquet,190302,1160,28726,123 main street apt 4b
train_landmarks/838908.parquet,838908,1161,86622,computer deep science to welcome lazy
train_landmarks/895242.parquet,895242,1162,40512,brown university evaluation language fox accuracy
train_landmarks/832534.parquet,832534,1163,57447,456 elm st suite 200
train_landmarks/425469.parquet,425469,1164,76237,project guatemala jumps analysis hello
train_landmarks/481104.parquet,481104,1165,89840,10 downing street london
train_landmarks/797492.parquet,797492,1166,93810,1600 pennsylvania ave
train_landmarks/575301.parquet,575301,1167,70217,742 evergreen terrace
train_landmarks/598424.parquet,598424,1168,92397,www.nytimes.com/world
train_landmarks/583646.parquet,583646,1169,35203,evaluation recognition jumps fox
train_landmarks/957266.parquet,957266,1170,18675,welcome vision
train_landmarks/930924.parquet,930924,1171,85674,456 elm st suite 200
train_landmarks/520286.parquet,520286,1172,46434,computer language engineering
train_landmarks/502460.parquet,502460,1173,30379,https://github.com/kaggle
train_landmarks/953452.parquet,953452,1174,91070,evaluation science evaluation sign dog
train_landmarks/794799.parquet,794799,1175,46421,model fox recognition welcome fox science
train_landmarks/422998.parquet,422998,1176,21395,recognition deep
train_landmarks/725376.parquet,725376,1177,93886,welcome vision brown dog jumps
train_landmarks/708979.parquet,708979,1178,51347,dataset vision
train_landmarks/574978.parquet,574978,1179,38785,computer science lazy frequency world
train_landmarks/932932.parquet,932932,1180,69429,university university learning university
train_landmarks/193624.parquet,193624,1181,91070,engineering fingerspelling jumps world asl language
train_landmarks/155708.parquet,155708,1182,21915,https://apple.com/ios
train_landmarks/960622.parquet,960622,1183,56566,frequency frequency
train_landmarks/346668.parquet,346668,1184,57819,221b baker street
train_landmarks/513420.parquet,513420,1185,42098,fingerspelling science lazy over jumps
train_landmarks/682401.parquet,682401,1186,59615,1600 pennsylvania ave
train_landmarks/980764.parquet,980764,1187,91070,1600 pennsylvania ave
train_landmarks/802615.parquet,802615,1188,19116,https://www.google.com
train_landmarks/175231.parquet,175231,1189,70589,learning american science
train_landmarks/242371.parquet,242371,1190,94939,https://youtube.com/watch
train_landmarks/578180.parquet,578180,1191,93886,university computer science fingerspelling model asl
train_landmarks/336706.parquet,336706,1192,44718,1-888-456-7890
train_landmarks/107790.parquet,107790,1193,62350,learning hello university
train_landmarks/704349.parquet,704349,1194,37869,742 evergreen terrace
train_landmarks/695748.parquet,695748,1195,88104,1600 pennsylvania ave
train_landmarks/218661.parquet,218661,1196,13278,jumps dataset
train_landmarks/887042.parquet,887042,1197,10851,sign sign computer hello computer
train_landmarks/795978.parquet,795978,1198,93810,deep sign
train_landmarks/707784.parquet,707784,1199,40021,742 evergreen terrace
train_landmarks/460234.parquet,460234,1200,30969,project american
train_landmarks/592025.parquet,592025,1201,54118,fingerspelling guatemala accuracy world
train_landmarks/137042.parquet,137042,1202,88172,dataset learning language brown project over
train_landmarks/154127.parquet,154127,1203,23434,accuracy computer world brown
train_landmarks/630155.parquet,630155,1204,18326,http://weather.com/today
train_landmarks/364294.parquet,364294,1205,82357,http://weather.com/today
train_landmarks/388586.parquet,388586,1206,13905,dataset recognition
train_landmarks/720515.parquet,720515,1207,57819,asl over evaluation dog over
train_landmarks/653007.parquet,653007,1208,22156,engineering guatemala recognition model
train_landmarks/978302.parquet,978302,1209,57052,456 elm st suite 200
train_landmarks/907789.parquet,907789,1210,44671,10 downing street london
train_landmarks/561567.parquet,561567,1211,86622,lazy dataset to
train_landmarks/773459.parquet,773459,1212,19358,+1-800-222-3344
train_landmarks/221628.parquet,221628,1213,44671,www.nytimes.com/world
train_landmarks/518114.parquet,518114,1214,93886,456 elm st suite 200
train_landmarks/882395.parquet,882395,1215,37869,dog deep asl hello sign science
train_landmarks/402820.parquet,402820,1216,22676,asl welcome sign guatemala fox
train_landmarks/657101.parquet,657101,1217,39871,computer vision hello hello accuracy
train_landmarks/367747.parquet,367747,1218,76237,project deep dog deep evaluation
train_landmarks/645209.parquet,645209,1219,87236,10 downing street london
train_landmarks/288656.parquet,288656,1220,45093,742 evergreen terrace
train_landmarks/805483.parquet,805483,1221,46463,http://wikipedia.org/asl
train_landmarks/112542.parquet,112542,1222,97841,221b baker street
train_landmarks/208954.parquet,208954,1223,51245,dog world lazy the
train_landmarks/196407.parquet,196407,1224,22280,https://github.com/kaggle
train_landmarks/728500.parquet,728500,1225,80010,brown recognition
train_landmarks/494220.parquet,494220,1226,22156,accuracy lazy fox lazy world vision
train_landmarks/179392.parquet,179392,1227,71348,evaluation deep deep evaluation
train_landmarks/369836.parquet,369836,1228,57819,(555) 234-5678
train_landmarks/390756.parquet,390756,1229,66155,asl engineering hello accuracy over
train_landmarks/172769.parquet,172769,1230,89840,123 main street apt 4b
train_landmarks/739947.parquet,739947,1231,39256,10 downing street london
train_landmarks/615959.parquet,615959,1232,52504,https://apple.com/ios
train_landmarks/906048.parquet,906048,1233,60019,221b baker street
train_landmarks/774588.parquet,774588,1234,45382,www.nytimes.com/world
train_landmarks/850151.parquet,850151,1235,57447,(555) 234-5678
train_landmarks/176461.parquet,176461,1236,24371,http://weather.com/today
train_landmarks/914992.parquet,914992,1237,46421,456 elm st suite 200
train_landmarks/256085.parquet,256085,1238,54597,university vision
train_landmarks/379378.parquet,379378,1239,93886,+1-555-987-6543
train_landmarks/510339.parquet,510339,1240,39871,learning evaluation project fingerspelling dataset accuracy
train_landmarks/173504.parquet,173504,1241,76784,asl deep
train_landmarks/917710.parquet,917710,1242,30969,221b baker street
train_landmarks/661307.parquet,661307,1243,82357,to world quick engineering
train_landmarks/778506.parquet,778506,1244,30379,https://apple.com/ios
train_landmarks/994794.parquet,994794,1245,42325,model evaluation
train_landmarks/404043.parquet,404043,1246,22676,language guatemala vision
train_landmarks/413388.parquet,413388,1247,57447,computer to
train_landmarks/188984.parquet,188984,1248,47930,dataset jumps lazy learning recognition
train_landmarks/612997.parquet,612997,1249,51347,221b baker street
train_landmarks/774661.parquet,774661,1250,14165,221b baker street
train_landmarks/974774.parquet,974774,1251,99733,quick quick
train_landmarks/926045.parquet,926045,1252,69429,fox accuracy deep project deep
train_landmarks/662625.parquet,662625,1253,59735,https://github.com/kaggle
train_landmarks/175532.parquet,175532,1254,38893,www.cdc.gov/covid
train_landmarks/612643.parquet,612643,1255,75435,analysis computer hello vision the
train_landmarks/763393.parquet,763393,1256,21915,http://weather.com/today
train_landmarks/960607.parquet,960607,1257,54597,computer model brown accuracy fox
train_landmarks/723879.parquet,723879,1258,14165,brown lazy to
train_landmarks/976500.parquet,976500,1259,46048,welcome engineering recognition jumps model
train_landmarks/931627.parquet,931627,1260,40021,(555) 234-5678
train_landmarks/721894.parquet,721894,1261,93886,(555) 234-5678
train_landmarks/226610.parquet,226610,1262,89840,+1-800-222-3344
train_landmarks/535320.parquet,535320,1263,30379,+1-555-987-6543
train_landmarks/680290.parquet,680290,1264,35203,800-555-0199
train_landmarks/710256.parquet,710256,1265,45382,http://wikipedia.org/asl
train_landmarks/929478.parquet,929478,1266,31319,asl over analysis brown the university
train_landmarks/841071.parquet,841071,1267,99166,fingerspelling accuracy evaluation deep
train_landmarks/316174.parquet,316174,1268,13478,http://weather.com/today
train_landmarks/648496.parquet,648496,1269,18675,123 main street apt 4b
train_landmarks/283027.parquet,283027,1270,19116,recognition learning
train_landmarks/741780.parquet,741780,1271,20458,to the dog fox
train_landmarks/655953.parquet,655953,1272,37869,to evaluation sign dog evaluation vision
train_landmarks/389854.parquet,389854,1273,18675,http://wikipedia.org/asl
train_landmarks/935309.parquet,935309,1274,25014,www.nytimes.com/world
train_landmarks/621682.parquet,621682,1275,88907,(415) 555-8833
train_landmarks/145209.parquet,145209,1276,13905,www.amazon.com/deals
train_landmarks/398911.parquet,398911,1277,95909,+1-555-987-6543
train_landmarks/450533.parquet,450533,1278,31417,quick dataset university over evaluation
train_landmarks/608623.parquet,608623,1279,22676,analysis learning
train_landmarks/721497.parquet,721497,1280,87397,lazy deep welcome evaluation welcome
train_landmarks/202827.parquet,202827,1281,65302,(212) 555-4321
train_landmarks/309668.parquet,309668,1282,92240,123 main street apt 4b
train_landmarks/177101.parquet,177101,1283,46463,456 elm st suite 200
train_landmarks/156978.parquet,156978,1284,70217,dog computer over
train_landmarks/491627.parquet,491627,1285,46421,https://github.com/kaggle
train_landmarks/762722.parquet,762722,1286,82357,1600 pennsylvania ave
train_landmarks/312033.parquet,312033,1287,81482,742 evergreen terrace
train_landmarks/825835.parquet,825835,1288,56566,jumps frequency project over
train_landmarks/460265.parquet,460265,1289,98696,+1-555-987-6543
train_landmarks/732958.parquet,732958,1290,86622,+1-800-222-3344
train_landmarks/768990.parquet,768990,1291,30379,recognition language dog
train_landmarks/531694.parquet,531694,1292,19358,frequency dog project project the
train_landmarks/548906.parquet,548906,1293,24371,hello science dog
train_landmarks/720517.parquet,720517,1294,40021,analysis fingerspelling quick engineering dataset american
train_landmarks/546376.parquet,546376,1295,94939,accuracy deep fox american brown
train_landmarks/889660.parquet,889660,1296,70217,https://youtube.com/watch
train_landmarks/328596.parquet,328596,1297,26361,http://weather.com/today
train_landmarks/350675.parquet,350675,1298,62581,the deep
train_landmarks/269662.parquet,269662,1299,25014,dataset the project evaluation frequency fingerspelling
train_landmarks/928226.parquet,928226,1300,14207,learning the computer asl deep
train_landmarks/656710.parquet,656710,1301,93227,https://youtube.com/watch
train_landmarks/889460.parquet,889460,1302,75435,1-888-456-7890
train_landmarks/668784.parquet,668784,1303,69429,evaluation brown analysis
train_landmarks/871501.parquet,871501,1304,23434,guatemala deep analysis fox asl computer
train_landmarks/483329.parquet,483329,1305,32431,10 downing street london
train_landmarks/685934.parquet,685934,1306,88104,learning lazy engineering dog fox project
train_landmarks/888819.parquet,888819,1307,68878,dataset evaluation welcome
train_landmarks/380345.parquet,380345,1308,45093,world brown to american sign
train_landmarks/228670.parquet,228670,1309,30926,221b baker street
train_landmarks/811257.parquet,811257,1310,94939,science asl deep deep
train_landmarks/168815.parquet,168815,1311,14165,(212) 555-4321
train_landmarks/191549.parquet,191549,1312,46434,www.cdc.gov/covid
train_landmarks/402380.parquet,402380,1313,28726,fox world
train_landmarks/830943.parquet,830943,1314,82357,www.cdc.gov/covid
train_landmarks/314178.parquet,314178,1315,14207,world guatemala
train_landmarks/667735.parquet,667735,1316,80644,to science vision world brown
train_landmarks/940946.parquet,940946,1317,88172,1-888-456-7890
train_landmarks/775987.parquet,775987,1318,30379,221b baker street
train_landmarks/459443.parquet,459443,1319,19116,american vision sign language
train_landmarks/580255.parquet,580255,1320,81426,123 main street apt 4b
train_landmarks/927691.parquet,927691,1321,25014,1600 pennsylvania ave
train_landmarks/337798.parquet,337798,1322,88172,1600 pennsylvania ave
train_landmarks/907141.parquet,907141,1323,19358,to project over
train_landmarks/268600.parquet,268600,1324,76784,lazy over learning analysis
train_landmarks/933048.parquet,933048,1325,56566,800-555-0199
train_landmarks/222596.parquet,222596,1326,99733,www.amazon.com/deals
train_landmarks/702433.parquet,702433,1327,65302,http://weather.com/today
train_landmarks/487629.parquet,487629,1328,70142,1-888-456-7890
train_landmarks/841484.parquet,841484,1329,88907,www.amazon.com/deals
train_landmarks/460549.parquet,460549,1330,28131,www.nytimes.com/world
train_landmarks/666091.parquet,666091,1331,42325,world university fingerspelling american jumps project
train_landmarks/435772.parquet,435772,1332,51245,(415) 555-8833
train_landmarks/672675.parquet,672675,1333,42098,vision world analysis guatemala
train_landmarks/890795.parquet,890795,1334,44671,deep accuracy dataset university to fox
train_landmarks/602248.parquet,602248,1335,59797,deep fox the
train_landmarks/747518.parquet,747518,1336,48427,to welcome computer lazy sign
train_landmarks/919234.parquet,919234,1337,65302,lazy brown frequency deep
train_landmarks/191621.parquet,191621,1338,18326,lazy welcome recognition guatemala analysis
train_landmarks/478603.parquet,478603,1339,89840,10 downing street london
train_landmarks/995278.parquet,995278,1340,44671,456 elm st suite 200
train_landmarks/490941.parquet,490941,1341,35203,www.amazon.com/deals
train_landmarks/468422.parquet,468422,1342,46434,456 elm st suite 200
train_landmarks/688285.parquet,688285,1343,45382,www.nytimes.com/world
train_landmarks/877548.parquet,877548,1344,56566,world accuracy engineering fingerspelling analysis
train_landmarks/246347.parquet,246347,1345,99192,brown lazy project frequency engineering brown
train_landmarks/719371.parquet,719371,1346,31319,the vision
train_landmarks/386606.parquet,386606,1347,25014,221b baker street
train_landmarks/584567.parquet,584567,1348,74686,lazy model world
train_landmarks/614416.parquet,614416,1349,65392,http://weather.com/today
train_landmarks/975126.parquet,975126,1350,18326,language project the the hello
train_landmarks/771670.parquet,771670,1351,40495,jumps vision world over analysis
train_landmarks/776106.parquet,776106,1352,57447,(555) 234-5678
train_landmarks/901865.parquet,901865,1353,91070,(555) 234-5678
train_landmarks/727983.parquet,727983,1354,24371,project science hello deep engineering model
train_landmarks/491330.parquet,491330,1355,16175,the hello recognition jumps project deep
train_landmarks/474745.parquet,474745,1356,66155,+1-555-987-6543
train_landmarks/478707.parquet,478707,1357,83579,1600 pennsylvania ave
train_landmarks/151081.parquet,151081,1358,44671,1-888-456-7890
train_landmarks/769983.parquet,769983,1359,65302,lazy computer evaluation recognition over welcome
train_landmarks/431570.parquet,431570,1360,19116,hello learning to sign
train_landmarks/468710.parquet,468710,1361,68878,jumps world
train_landmarks/916639.parquet,916639,1362,18675,1600 pennsylvania ave
train_landmarks/270948.parquet,270948,1363,82357,www.cdc.gov/covid
train_landmarks/627835.parquet,627835,1364,11504,800-555-0199
train_landmarks/933729.parquet,933729,1365,40021,deep guatemala model learning learning accuracy
train_landmarks/537619.parquet,537619,1366,57447,742 evergreen terrace
train_landmarks/222227.parquet,222227,1367,13478,project welcome
train_landmarks/480180.parquet,480180,1368,21915,www.nytimes.com/world
train_landmarks/726680.parquet,726680,1369,99192,over welcome dataset fox
train_landmarks/234966.parquet,234966,1370,31319,deep welcome lazy
train_landmarks/182423.parquet,182423,1371,93886,742 evergreen terrace
train_landmarks/181511.parquet,181511,1372,44718,www.nytimes.com/world
train_landmarks/894122.parquet,894122,1373,68878,123 main street apt 4b
train_landmarks/213054.parquet,213054,1374,58520,https://apple.com/ios
train_landmarks/721990.parquet,721990,1375,19116,http://wikipedia.org/asl
train_landmarks/365302.parquet,365302,1376,95181,http://weather.com/today
train_landmarks/800015.parquet,800015,1377,92397,http://wikipedia.org/asl
train_landmarks/920375.parquet,920375,1378,98696,https://github.com/kaggle
train_landmarks/716146.parquet,716146,1379,42098,deep the jumps
train_landmarks/882445.parquet,882445,1380,13478,to over american dataset dog language
train_landmarks/203919.parquet,203919,1381,71348,sign learning
train_landmarks/395548.parquet,395548,1382,89840,+1-800-222-3344
train_landmarks/663217.parquet,663217,1383,42953,http://wikipedia.org/asl
train_landmarks/324411.parquet,324411,1384,40512,asl recognition science guatemala over
train_landmarks/472058.parquet,472058,1385,44671,dog dog fox engineering jumps
train_landmarks/215674.parquet,215674,1386,58520,evaluation learning language quick welcome
train_landmarks/221343.parquet,221343,1387,59823,456 elm st suite 200
train_landmarks/729554.parquet,729554,1388,22280,dog fingerspelling engineering science frequency
train_landmarks/981913.parquet,981913,1389,40021,over engineering american fox
train_landmarks/559337.parquet,559337,1390,54597,fox fingerspelling
train_landmarks/828799.parquet,828799,1391,38785,dataset analysis
train_landmarks/276919.parquet,276919,1392,40021,https://github.com/kaggle
train_landmarks/455081.parquet,455081,1393,81426,+1-800-222-3344
train_landmarks/523927.parquet,523927,1394,23434,https://youtube.com/watch
train_landmarks/860427.parquet,860427,1395,42325,10 downing street london
train_landmarks/903180.parquet,903180,1396,69429,dataset accuracy guatemala to
train_landmarks/799061.parquet,799061,1397,23434,engineering american jumps project jumps
train_landmarks/613111.parquet,613111,1398,25014,10 downing street london
train_landmarks/241147.parquet,241147,1399,23434,https://www.google.com
train_landmarks/970645.parquet,970645,1400,18675,https://www.google.com
train_landmarks/287795.parquet,287795,1401,99166,10 downing street london
train_landmarks/442838.parquet,442838,1402,30379,1-888-456-7890
train_landmarks/753506.parquet,753506,1403,36062,http://wikipedia.org/asl
train_landmarks/793193.parquet,793193,1404,76237,accuracy lazy vision american hello
train_landmarks/460307.parquet,460307,1405,44671,language guatemala quick science university asl
train_landmarks/429839.parquet,429839,1406,13905,project quick language frequency welcome
train_landmarks/840356.parquet,840356,1407,18675,(212) 555-4321
train_landmarks/241021.parquet,241021,1408,98696,456 elm st suite 200
train_landmarks/611133.parquet,611133,1409,56566,deep vision deep language project frequency
train_landmarks/631297.parquet,631297,1410,25014,http://weather.com/today
train_landmarks/618721.parquet,618721,1411,62350,computer to engineering welcome the
train_landmarks/147310.parquet,147310,1412,83000,www.amazon.com/deals
train_landmarks/465823.parquet,465823,1413,44671,the analysis to fox to to
train_landmarks/468332.parquet,468332,1414,99733,https://github.com/kaggle
train_landmarks/359642.parquet,359642,1415,44993,+1-555-987-6543
train_landmarks/721314.parquet,721314,1416,20458,http://wikipedia.org/asl
train_landmarks/419723.parquet,419723,1417,13478,www.cdc.gov/covid
train_landmarks/120669.parquet,120669,1418,30033,project frequency
train_landmarks/695642.parquet,695642,1419,46434,hello deep recognition engineering asl
train_landmarks/509260.parquet,509260,1420,10851,742 evergreen terrace
train_landmarks/947591.parquet,947591,1421,92397,10 downing street london
train_landmarks/807905.parquet,807905,1422,39871,(212) 555-4321
train_landmarks/627191.parquet,627191,1423,28131,over world guatemala lazy
train_landmarks/766311.parquet,766311,1424,75435,model sign
train_landmarks/401314.parquet,401314,1425,28301,+1-555-987-6543
train_landmarks/701380.parquet,701380,1426,24592,123 main street apt 4b
train_landmarks/754911.parquet,754911,1427,39871,learning recognition
train_landmarks/720615.parquet,720615,1428,57819,742 evergreen terrace
train_landmarks/693943.parquet,693943,1429,46048,science to brown model american
train_landmarks/414477.parquet,414477,1430,59797,221b baker street
train_landmarks/428574.parquet,428574,1431,28726,(212) 555-4321
train_landmarks/363470.parquet,363470,1432,13478,deep language analysis computer sign
train_landmarks/295600.parquet,295600,1433,94939,vision model university
train_landmarks/380951.parquet,380951,1434,54597,accuracy frequency analysis university learning quick
train_landmarks/310394.parquet,310394,1435,24592,123 main street apt 4b
train_landmarks/352050.parquet,352050,1436,38221,(415) 555-8833
train_landmarks/902716.parquet,902716,1437,11504,456 elm st suite 200
train_landmarks/530189.parquet,530189,1438,86622,742 evergreen terrace
train_landmarks/764721.parquet,764721,1439,88104,(212) 555-4321
train_landmarks/379901.parquet,379901,1440,31319,hello recognition fingerspelling
train_landmarks/219074.parquet,219074,1441,22280,https://www.google.com
train_landmarks/357516.parquet,357516,1442,89840,project language science vision
train_landmarks/138801.parquet,138801,1443,69429,+1-555-987-6543
train_landmarks/243057.parquet,243057,1444,76784,http://weather.com/today
train_landmarks/790666.parquet,790666,1445,14165,guatemala american
train_landmarks/120875.parquet,120875,1446,31319,http://wikipedia.org/asl
train_landmarks/429153.parquet,429153,1447,81426,analysis fingerspelling
train_landmarks/481088.parquet,481088,1448,70217,fingerspelling model
train_landmarks/983687.parquet,983687,1449,75435,http://wikipedia.org/asl
train_landmarks/698708.parquet,698708,1450,93320,sign model
train_landmarks/912767.parquet,912767,1451,91070,american brown recognition evaluation
train_landmarks/428634.parquet,428634,1452,35203,221b baker street
train_landmarks/873048.parquet,873048,1453,69429,10 downing street london
train_landmarks/880097.parquet,880097,1454,42325,(212) 555-4321
train_landmarks/328598.parquet,328598,1455,30033,www.cdc.gov/covid
train_landmarks/324509.parquet,324509,1456,88104,fingerspelling frequency quick sign learning
train_landmarks/218448.parquet,218448,1457,83579,456 elm st suite 200
train_landmarks/597920.parquet,597920,1458,15695,analysis university to learning
train_landmarks/961264.parquet,961264,1459,45093,10 downing street london
train_landmarks/735242.parquet,735242,1460,23238,https://www.google.com
train_landmarks/824233.parquet,824233,1461,22156,hello asl vision
train_landmarks/834649.parquet,834649,1462,76784,10 downing street london
train_landmarks/227982.parquet,227982,1463,42098,frequency asl university
train_landmarks/512064.parquet,512064,1464,30969,world university dataset world
train_landmarks/268010.parquet,268010,1465,69429,analysis evaluation fingerspelling quick
train_landmarks/183985.parquet,183985,1466,17331,project fingerspelling model learning frequency
train_landmarks/960085.parquet,960085,1467,14207,www.cdc.gov/covid
train_landmarks/832411.parquet,832411,1468,92240,(555) 234-5678
train_landmarks/468948.parquet,468948,1469,52504,10 downing street london
train_landmarks/952941.parquet,952941,1470,83000,science the quick vision
train_landmarks/760766.parquet,760766,1471,98696,10 downing street london
train_landmarks/242703.parquet,242703,1472,56566,https://github.com/kaggle
train_landmarks/758816.parquet,758816,1473,81426,221b baker street
train_landmarks/186226.parquet,186226,1474,75435,https://github.com/kaggle
train_landmarks/641448.parquet,641448,1475,56566,model deep accuracy
train_landmarks/434914.parquet,434914,1476,45093,10 downing street london
train_landmarks/239995.parquet,239995,1477,39256,(415) 555-8833
train_landmarks/721826.parquet,721826,1478,65302,lazy fingerspelling lazy frequency
train_landmarks/975224.parquet,975224,1479,37869,the the language
train_landmarks/741731.parquet,741731,1480,21395,engineering lazy
train_landmarks/835325.parquet,835325,1481,21395,fingerspelling science
train_landmarks/372795.parquet,372795,1482,24592,www.amazon.com/deals
train_landmarks/278386.parquet,278386,1483,88104,the sign
train_landmarks/910926.parquet,910926,1484,75435,model american dog lazy guatemala
train_landmarks/952924.parquet,952924,1485,82357,dataset asl science lazy
train_landmarks/326037.parquet,326037,1486,89131,learning lazy over accuracy
train_landmarks/130170.parquet,130170,1487,82357,+1-555-987-6543
train_landmarks/346924.parquet,346924,1488,28301,asl deep project
train_landmarks/110821.parquet,110821,1489,14207,1600 pennsylvania ave
train_landmarks/826687.parquet,826687,1490,46463,123 main street apt 4b
train_landmarks/847986.parquet,847986,1491,68878,456 elm st suite 200
train_landmarks/871861.parquet,871861,1492,14165,fox quick
train_landmarks/449031.parquet,449031,1493,14207,analysis engineering university guatemala recognition
train_landmarks/884588.parquet,884588,1494,44718,hello computer
train_landmarks/417201.parquet,417201,1495,59797,jumps analysis quick over
train_landmarks/278117.parquet,278117,1496,46048,frequency jumps welcome sign
train_landmarks/248683.parquet,248683,1497,65302,+1-555-987-6543
train_landmarks/146307.parquet,146307,1498,42953,frequency model dataset university world
train_landmarks/376002.parquet,376002,1499,89131,sign science over dataset
train_landmarks/615138.parquet,615138,1500,28301,language university vision
train_landmarks/561362.parquet,561362,1501,99733,www.cdc.gov/covid
train_landmarks/157217.parquet,157217,1502,57400,(555) 234-5678
train_landmarks/593090.parquet,593090,1503,65392,(415) 555-8833
train_landmarks/589824.parquet,589824,1504,76237,456 elm st suite 200
train_landmarks/142773.parquet,142773,1505,83000,10 downing street london
train_landmarks/688098.parquet,688098,1506,28301,456 elm st suite 200
train_landmarks/217955.parquet,217955,1507,40021,jumps fox frequency
train_landmarks/289430.parquet,289430,1508,44993,model language vision dog engineering the
train_landmarks/904098.parquet,904098,1509,39256,university hello american fox welcome
train_landmarks/398090.parquet,398090,1510,42953,fingerspelling recognition
train_landmarks/211222.parquet,211222,1511,86622,the project learning
train_landmarks/603164.parquet,603164,1512,89131,1600 pennsylvania ave
train_landmarks/723068.parquet,723068,1513,11504,engineering vision guatemala welcome
train_landmarks/867080.parquet,867080,1514,45382,jumps frequency accuracy world accuracy dataset
train_landmarks/673734.parquet,673734,1515,70589,fox hello dog evaluation fingerspelling
train_landmarks/121508.parquet,121508,1516,61856,asl fingerspelling vision
train_landmarks/785836.parquet,785836,1517,62350,+1-555-987-6543
train_landmarks/614688.parquet,614688,1518,40021,analysis recognition to fox
train_landmarks/485306.parquet,485306,1519,88907,science asl hello recognition brown
train_landmarks/543061.parquet,543061,1520,59615,lazy computer fox american engineering deep
train_landmarks/779068.parquet,779068,1521,88172,university sign vision
train_landmarks/188049.parquet,188049,1522,46421,(212) 555-4321
train_landmarks/183029.parquet,183029,1523,91070,world engineering deep world hello
train_landmarks/548509.parquet,548509,1524,40512,(555) 234-5678
train_landmarks/677759.parquet,677759,1525,59823,https://www.google.com
train_landmarks/638354.parquet,638354,1526,83000,https://youtube.com/watch
train_landmarks/533082.parquet,533082,1527,60432,http://weather.com/today
train_landmarks/472724.parquet,472724,1528,38221,(555) 234-5678
train_landmarks/905984.parquet,905984,1529,76237,dataset project
train_landmarks/924366.parquet,924366,1530,10851,(212) 555-4321
train_landmarks/147457.parquet,147457,1531,30033,http://weather.com/today
train_landmarks/429196.parquet,429196,1532,40021,dataset science accuracy to university
train_landmarks/949352.parquet,949352,1533,57052,800-555-0199
train_landmarks/182020.parquet,182020,1534,62350,hello deep science the fingerspelling the
train_landmarks/787657.parquet,787657,1535,21915,10 downing street london
train_landmarks/524769.parquet,524769,1536,76784,learning world accuracy computer deep guatemala
train_landmarks/807896.parquet,807896,1537,99192,1600 pennsylvania ave
train_landmarks/191892.parquet,191892,1538,23396,https://www.google.com
train_landmarks/300070.parquet,300070,1539,70142,https://www.google.com
train_landmarks/829842.parquet,829842,1540,69429,lazy vision
train_landmarks/781301.parquet,781301,1541,76784,+1-800-222-3344
train_landmarks/756470.parquet,756470,1542,75435,lazy world project project the over
train_landmarks/259826.parquet,259826,1543,28301,guatemala project frequency recognition lazy
train_landmarks/697091.parquet,697091,1544,40021,quick the computer learning engineering
train_landmarks/989838.parquet,989838,1545,87236,221b baker street
train_landmarks/724783.parquet,724783,1546,89840,quick fingerspelling american learning
train_landmarks/811634.parquet,811634,1547,99166,dog brown the recognition language
train_landmarks/380859.parquet,380859,1548,18326,analysis fox computer vision science
train_landmarks/557420.parquet,557420,1549,39256,http://weather.com/today
train_landmarks/861485.parquet,861485,1550,64987,+1-555-987-6543
train_landmarks/559392.parquet,559392,1551,13478,800-555-0199
train_landmarks/716204.parquet,716204,1552,95909,university frequency learning project
train_landmarks/407645.parquet,407645,1553,57447,guatemala model deep dataset accuracy
train_landmarks/938603.parquet,938603,1554,54597,computer world dataset
train_landmarks/799459.parquet,799459,1555,58520,123 main street apt 4b
train_landmarks/309174.parquet,309174,1556,76784,(212) 555-4321
train_landmarks/205805.parquet,205805,1557,75435,welcome lazy quick the analysis
train_landmarks/474387.parquet,474387,1558,89840,model analysis quick
train_landmarks/166758.parquet,166758,1559,59735,742 evergreen terrace
train_landmarks/747561.parquet,747561,1560,56566,1-888-456-7890
train_landmarks/334981.parquet,334981,1561,89131,1600 pennsylvania ave
train_landmarks/923012.parquet,923012,1562,32431,742 evergreen terrace
train_landmarks/907503.parquet,907503,1563,45093,analysis frequency frequency recognition
train_landmarks/209200.parquet,209200,1564,16175,accuracy guatemala dataset engineering evaluation
train_landmarks/739270.parquet,739270,1565,52504,model quick
train_landmarks/210531.parquet,210531,1566,28726,(555) 234-5678
train_landmarks/315363.parquet,315363,1567,64987,dataset learning evaluation
train_landmarks/622600.parquet,622600,1568,69429,over asl
train_landmarks/958952.parquet,958952,1569,24592,https://github.com/kaggle
train_landmarks/560438.parquet,560438,1570,54118,hello accuracy
train_landmarks/457900.parquet,457900,1571,75435,800-555-0199
train_landmarks/189374.parquet,189374,1572,25014,(415) 555-8833
train_landmarks/891512.parquet,891512,1573,14165,10 downing street london
train_landmarks/797298.parquet,797298,1574,19116,+1-800-222-3344
train_landmarks/890109.parquet,890109,1575,86622,jumps science university
train_landmarks/581037.parquet,581037,1576,30926,accuracy to the jumps the accuracy
train_landmarks/172961.parquet,172961,1577,89840,www.amazon.com/deals
train_landmarks/521161.parquet,521161,1578,75435,science asl quick
train_landmarks/772625.parquet,772625,1579,83000,1-888-456-7890
train_landmarks/160617.parquet,160617,1580,46463,engineering fingerspelling analysis learning frequency learning
train_landmarks/428933.parquet,428933,1581,82357,model analysis
train_landmarks/740051.parquet,740051,1582,42325,science lazy sign accuracy vision
train_landmarks/831351.parquet,831351,1583,89840,10 downing street london
train_landmarks/524154.parquet,524154,1584,93810,brown sign asl learning
train_landmarks/232126.parquet,232126,1585,28726,world fox language sign dataset over
train_landmarks/129246.parquet,129246,1586,42098,recognition dog evaluation learning engineering fox
train_landmarks/162857.parquet,162857,1587,61856,computer to quick vision
train_landmarks/230809.parquet,230809,1588,30926,221b baker street
train_landmarks/872652.parquet,872652,1589,88104,www.amazon.com/deals
train_landmarks/347565.parquet,347565,1590,92397,language analysis computer sign recognition to
train_landmarks/398357.parquet,398357,1591,80284,deep learning sign hello welcome recognition
train_landmarks/962813.parquet,962813,1592,95181,fox learning model brown brown
train_landmarks/236381.parquet,236381,1593,44671,456 elm st suite 200
train_landmarks/181865.parquet,181865,1594,24371,221b baker street
train_landmarks/522317.parquet,522317,1595,25014,evaluation frequency recognition vision engineering deep
train_landmarks/613321.parquet,613321,1596,92397,model jumps jumps learning jumps
train_landmarks/838747.parquet,838747,1597,46434,fox dog project dataset guatemala asl
train_landmarks/224535.parquet,224535,1598,95909,fox asl world sign fox
train_landmarks/419736.parquet,419736,1599,30033,world the jumps evaluation
train_landmarks/542244.parquet,542244,1600,59735,http://weather.com/today
train_landmarks/397252.parquet,397252,1601,35203,+1-800-222-3344
train_landmarks/875590.parquet,875590,1602,39871,742 evergreen terrace
train_landmarks/674134.parquet,674134,1603,18675,742 evergreen terrace
train_landmarks/537859.parquet,537859,1604,93810,1600 pennsylvania ave
train_landmarks/693246.parquet,693246,1605,38785,1600 pennsylvania ave
train_landmarks/919304.parquet,919304,1606,82357,10 downing street london
train_landmarks/974180.parquet,974180,1607,80644,american project science
train_landmarks/570888.parquet,570888,1608,65302,www.amazon.com/deals
train_landmarks/193653.parquet,193653,1609,59735,fingerspelling dog fingerspelling sign guatemala analysis
train_landmarks/871660.parquet,871660,1610,57819,(555) 234-5678
train_landmarks/273659.parquet,273659,1611,40021,computer evaluation welcome vision vision brown
train_landmarks/748758.parquet,748758,1612,98696,guatemala sign
train_landmarks/887017.parquet,887017,1613,70589,742 evergreen terrace
train_landmarks/226126.parquet,226126,1614,32431,over the evaluation hello learning analysis
train_landmarks/565808.parquet,565808,1615,32431,https://apple.com/ios
train_landmarks/736333.parquet,736333,1616,93886,221b baker street
train_landmarks/147168.parquet,147168,1617,62581,742 evergreen terrace
train_landmarks/456470.parquet,456470,1618,66155,456 elm st suite 200
train_landmarks/125225.parquet,125225,1619,22676,asl fox engineering sign
train_landmarks/399212.parquet,399212,1620,38746,http://weather.com/today
train_landmarks/905625.parquet,905625,1621,31319,http://weather.com/today
train_landmarks/527060.parquet,527060,1622,87397,computer welcome
train_landmarks/128491.parquet,128491,1623,23434,asl welcome fingerspelling welcome
train_landmarks/493754.parquet,493754,1624,26361,quick dog
train_landmarks/726004.parquet,726004,1625,42325,american american guatemala hello welcome
train_landmarks/679989.parquet,679989,1626,51245,456 elm st suite 200
train_landmarks/130310.parquet,130310,1627,83579,123 main street apt 4b
train_landmarks/119527.parquet,119527,1628,56566,1-888-456-7890
train_landmarks/807890.parquet,807890,1629,59823,https://apple.com/ios
train_landmarks/783200.parquet,783200,1630,95181,language science model american
train_landmarks/920910.parquet,920910,1631,80284,sign over hello guatemala
train_landmarks/682119.parquet,682119,1632,40512,742 evergreen terrace
train_landmarks/952118.parquet,952118,1633,65302,221b baker street
train_landmarks/403300.parquet,403300,1634,46421,the university project
train_landmarks/726909.parquet,726909,1635,45382,(415) 555-8833
train_landmarks/498619.parquet,498619,1636,75435,recognition american quick
train_landmarks/875089.parquet,875089,1637,25014,world fingerspelling
train_landmarks/228950.parquet,228950,1638,18326,engineering frequency lazy american accuracy analysis
train_landmarks/459279.parquet,459279,1639,40021,world vision welcome lazy guatemala
train_landmarks/444412.parquet,444412,1640,47930,www.cdc.gov/covid
train_landmarks/777844.parquet,777844,1641,52504,project analysis deep fingerspelling analysis learning
train_landmarks/899502.parquet,899502,1642,42325,742 evergreen terrace
train_landmarks/925549.parquet,925549,1643,40495,sign analysis
train_landmarks/955697.parquet,955697,1644,96673,to accuracy
train_landmarks/967661.parquet,967661,1645,76784,over evaluation learning the project
train_landmarks/302365.parquet,302365,1646,57400,123 main street apt 4b
train_landmarks/879243.parquet,879243,1647,80010,http://weather.com/today
train_landmarks/813612.parquet,813612,1648,59735,lazy accuracy computer accuracy
train_landmarks/331890.parquet,331890,1649,46463,(212) 555-4321
train_landmarks/480632.parquet,480632,1650,48427,www.nytimes.com/world
train_landmarks/838247.parquet,838247,1651,26361,the engineering vision
train_landmarks/216335.parquet,216335,1652,42098,american over lazy dataset deep recognition
train_landmarks/284055.parquet,284055,1653,46048,www.cdc.gov/covid
train_landmarks/882209.parquet,882209,1654,28131,http://weather.com/today
train_landmarks/697586.parquet,697586,1655,22676,dataset world model the engineering deep
train_landmarks/744304.parquet,744304,1656,56566,1-888-456-7890
train_landmarks/575976.parquet,575976,1657,44671,https://youtube.com/watch
train_landmarks/772101.parquet,772101,1658,18326,frequency welcome
train_landmarks/985356.parquet,985356,1659,59797,jumps sign american sign
train_landmarks/145576.parquet,145576,1660,20458,quick university sign
train_landmarks/431603.parquet,431603,1661,16175,https://github.com/kaggle
train_landmarks/450964.parquet,450964,1662,76784,https://www.google.com
train_landmarks/873266.parquet,873266,1663,46463,(415) 555-8833
train_landmarks/544407.parquet,544407,1664,86622,lazy welcome brown
train_landmarks/755669.parquet,755669,1665,69429,www.nytimes.com/world
train_landmarks/552931.parquet,552931,1666,57819,accuracy university model hello project guatemala
train_landmarks/972957.parquet,972957,1667,13478,www.amazon.com/deals
train_landmarks/644918.parquet,644918,1668,87397,evaluation computer
train_landmarks/901215.parquet,901215,1669,75435,www.nytimes.com/world
train_landmarks/707056.parquet,707056,1670,31319,https://www.google.com
train_landmarks/134963.parquet,134963,1671,40512,10 downing street london
train_landmarks/168187.parquet,168187,1672,75435,university science
train_landmarks/416115.parquet,416115,1673,44718,brown deep language world asl
train_landmarks/200485.parquet,200485,1674,81426,dog recognition vision the asl
train_landmarks/933790.parquet,933790,1675,93886,221b baker street
train_landmarks/749310.parquet,749310,1676,13478,https://www.google.com
train_landmarks/576133.parquet,576133,1677,94259,lazy fox recognition brown accuracy lazy
train_landmarks/701056.parquet,701056,1678,40021,https://apple.com/ios
train_landmarks/368735.parquet,368735,1679,88104,456 elm st suite 200
train_landmarks/859822.parquet,859822,1680,98696,hello accuracy quick
train_landmarks/426806.parquet,426806,1681,23434,guatemala dataset welcome analysis evaluation jumps
train_landmarks/423668.parquet,423668,1682,57052,asl the recognition deep
train_landmarks/160101.parquet,160101,1683,59797,+1-800-222-3344
train_landmarks/975744.parquet,975744,1684,54118,fingerspelling lazy
train_landmarks/310105.parquet,310105,1685,99192,evaluation to deep
train_landmarks/828531.parquet,828531,1686,23396,recognition welcome recognition guatemala computer
train_landmarks/539033.parquet,539033,1687,22676,742 evergreen terrace
train_landmarks/576370.parquet,576370,1688,28726,american university
train_landmarks/769795.parquet,769795,1689,46434,800-555-0199
train_landmarks/589199.parquet,589199,1690,28301,project evaluation accuracy
train_landmarks/946485.parquet,946485,1691,98696,fingerspelling model the
train_landmarks/110372.parquet,110372,1692,31319,https://www.google.com
train_landmarks/681636.parquet,681636,1693,42098,http://weather.com/today
train_landmarks/561801.parquet,561801,1694,98696,1-888-456-7890
train_landmarks/902719.parquet,902719,1695,99192,742 evergreen terrace
train_landmarks/308795.parquet,308795,1696,83563,800-555-0199
train_landmarks/329580.parquet,329580,1697,99593,to language over
train_landmarks/122536.parquet,122536,1698,39871,+1-555-987-6543
train_landmarks/206105.parquet,206105,1699,82357,www.cdc.gov/covid
train_landmarks/497329.parquet,497329,1700,30969,to lazy
train_landmarks/578364.parquet,578364,1701,46048,+1-800-222-3344
train_landmarks/490437.parquet,490437,1702,14207,engineering engineering analysis frequency brown jumps
train_landmarks/237148.parquet,237148,1703,71348,sign deep welcome
train_landmarks/550405.parquet,550405,1704,93227,university evaluation recognition
train_landmarks/995940.parquet,995940,1705,18326,welcome quick accuracy
train_landmarks/232601.parquet,232601,1706,28289,analysis lazy brown project vision brown
train_landmarks/633320.parquet,633320,1707,47930,10 downing street london
train_landmarks/887623.parquet,887623,1708,59797,sign over learning sign project
train_landmarks/618827.parquet,618827,1709,75435,221b baker street
train_landmarks/520422.parquet,520422,1710,99166,vision lazy analysis science dog dog
train_landmarks/545668.parquet,545668,1711,22156,over model hello brown dataset world
train_landmarks/644022.parquet,644022,1712,40021,221b baker street
train_landmarks/143141.parquet,143141,1713,10851,221b baker street
train_landmarks/452713.parquet,452713,1714,80010,456 elm st suite 200
train_landmarks/553515.parquet,553515,1715,69429,456 elm st suite 200
train_landmarks/432420.parquet,432420,1716,42953,(555) 234-5678
train_landmarks/288288.parquet,288288,1717,93886,1600 pennsylvania ave
train_landmarks/776703.parquet,776703,1718,82357,http://wikipedia.org/asl
train_landmarks/408824.parquet,408824,1719,38657,language brown world dog fox to
train_landmarks/672549.parquet,672549,1720,81426,800-555-0199
train_landmarks/807901.parquet,807901,1721,46421,1600 pennsylvania ave
train_landmarks/881410.parquet,881410,1722,23396,lazy recognition jumps frequency
train_landmarks/850974.parquet,850974,1723,74686,the world model evaluation
train_landmarks/523426.parquet,523426,1724,32431,evaluation the vision engineering guatemala frequency
train_landmarks/338633.parquet,338633,1725,37460,(415) 555-8833
train_landmarks/320069.parquet,320069,1726,38657,221b baker street
train_landmarks/715517.parquet,715517,1727,21915,learning project accuracy welcome lazy
train_landmarks/907540.parquet,907540,1728,95909,lazy science language asl recognition
train_landmarks/234580.parquet,234580,1729,98696,10 downing street london
train_landmarks/110151.parquet,110151,1730,51245,10 downing street london
train_landmarks/974825.parquet,974825,1731,89840,123 main street apt 4b
train_landmarks/539507.parquet,539507,1732,65302,456 elm st suite 200
train_landmarks/899897.parquet,899897,1733,69429,world recognition language quick jumps engineering
train_landmarks/446292.parquet,446292,1734,57819,university language asl asl guatemala brown
train_landmarks/505205.parquet,505205,1735,64987,(555) 234-5678
train_landmarks/444815.parquet,444815,1736,60019,vision welcome over deep over
train_landmarks/966621.parquet,966621,1737,74686,the lazy university asl lazy
train_landmarks/405246.parquet,405246,1738,51347,project asl
train_landmarks/111583.parquet,111583,1739,69429,+1-800-222-3344
train_landmarks/530819.parquet,530819,1740,39871,742 evergreen terrace
train_landmarks/235410.parquet,235410,1741,40021,dataset asl analysis lazy frequency
train_landmarks/424803.parquet,424803,1742,89840,10 downing street london
train_landmarks/797085.parquet,797085,1743,98696,221b baker street
train_landmarks/703027.parquet,703027,1744,56566,lazy learning project lazy engineering science
train_landmarks/964637.parquet,964637,1745,66155,123 main street apt 4b
train_landmarks/651400.parquet,651400,1746,69429,221b baker street
train_landmarks/614807.parquet,614807,1747,28289,221b baker street
train_landmarks/140983.parquet,140983,1748,42325,vision university to model
train_landmarks/930835.parquet,930835,1749,30926,1-888-456-7890
train_landmarks/963428.parquet,963428,1750,59797,fingerspelling over computer
train_landmarks/553065.parquet,553065,1751,64987,10 downing street london
train_landmarks/292355.parquet,292355,1752,80284,asl guatemala
train_landmarks/351338.parquet,351338,1753,28726,world computer world
train_landmarks/169986.parquet,169986,1754,56566,analysis fingerspelling evaluation
train_landmarks/227119.parquet,227119,1755,30926,dataset american
train_landmarks/917376.parquet,917376,1756,24371,456 elm st suite 200
train_landmarks/272846.parquet,272846,1757,24371,1-888-456-7890
train_landmarks/146803.parquet,146803,1758,16175,742 evergreen terrace
train_landmarks/769900.parquet,769900,1759,30379,asl dataset frequency fingerspelling the
train_landmarks/220253.parquet,220253,1760,69429,welcome dataset project
train_landmarks/171551.parquet,171551,1761,99166,https://github.com/kaggle
train_landmarks/848244.parquet,848244,1762,28301,project world over
train_landmarks/979226.parquet,979226,1763,42098,http://wikipedia.org/asl
train_landmarks/285846.parquet,285846,1764,98696,1-888-456-7890
train_landmarks/877462.parquet,877462,1765,69429,742 evergreen terrace
train_landmarks/804005.parquet,804005,1766,99192,over to dog quick
train_landmarks/807835.parquet,807835,1767,94939,deep model accuracy vision learning
train_landmarks/207786.parquet,207786,1768,31319,1600 pennsylvania ave
train_landmarks/565553.parquet,565553,1769,22280,https://www.google.com
train_landmarks/151028.parquet,151028,1770,40021,university asl dog
train_landmarks/195825.parquet,195825,1771,57447,https://www.google.com
train_landmarks/115267.parquet,115267,1772,91070,123 main street apt 4b
train_landmarks/812989.parquet,812989,1773,28301,guatemala fox model
train_landmarks/796368.parquet,796368,1774,79352,800-555-0199
train_landmarks/146150.parquet,146150,1775,30926,742 evergreen terrace
train_landmarks/955244.parquet,955244,1776,37460,221b baker street
train_landmarks/757233.parquet,757233,1777,57052,800-555-0199
train_landmarks/668016.parquet,668016,1778,80644,456 elm st suite 200
train_landmarks/226672.parquet,226672,1779,31417,(555) 234-5678
train_landmarks/473897.parquet,473897,1780,52504,742 evergreen terrace
train_landmarks/521673.parquet,521673,1781,86622,asl project
train_landmarks/169223.parquet,169223,1782,35203,vision asl brown dog
train_landmarks/416181.parquet,416181,1783,99192,engineering fox sign engineering frequency
train_landmarks/279787.parquet,279787,1784,94939,(555) 234-5678
train_landmarks/729006.parquet,729006,1785,81426,10 downing street london
train_landmarks/830139.parquet,830139,1786,18675,10 downing street london
train_landmarks/239388.parquet,239388,1787,80644,10 downing street london
train_landmarks/898717.parquet,898717,1788,15695,engineering vision brown the
train_landmarks/713455.parquet,713455,1789,21915,221b baker street
train_landmarks/771709.parquet,771709,1790,99192,recognition engineering dog computer analysis welcome
train_landmarks/873758.parquet,873758,1791,22676,123 main street apt 4b
train_landmarks/749871.parquet,749871,1792,99166,www.cdc.gov/covid
train_landmarks/492716.parquet,492716,1793,83563,123 main street apt 4b
train_landmarks/259038.parquet,259038,1794,30926,10 downing street london
train_landmarks/139748.parquet,139748,1795,46463,(415) 555-8833
train_landmarks/727127.parquet,727127,1796,30033,dataset welcome world vision evaluation
train_landmarks/646174.parquet,646174,1797,40021,vision world the model welcome
train_landmarks/354016.parquet,354016,1798,81426,(555) 234-5678
train_landmarks/797309.parquet,797309,1799,59823,computer asl welcome
train_landmarks/563849.parquet,563849,1800,83000,frequency brown
train_landmarks/301814.parquet,301814,1801,65302,www.cdc.gov/covid
train_landmarks/314140.parquet,314140,1802,24371,www.cdc.gov/covid
train_landmarks/721418.parquet,721418,1803,86622,dog brown learning
train_landmarks/426592.parquet,426592,1804,58520,800-555-0199
train_landmarks/356822.parquet,356822,1805,42953,221b baker street
train_landmarks/361063.parquet,361063,1806,47930,221b baker street
train_landmarks/570046.parquet,570046,1807,99166,hello evaluation brown
train_landmarks/477048.parquet,477048,1808,51347,123 main street apt 4b
train_landmarks/593578.parquet,593578,1809,52504,221b baker street
train_landmarks/738996.parquet,738996,1810,64987,model accuracy the
train_landmarks/499947.parquet,499947,1811,24371,742 evergreen terrace
train_landmarks/895720.parquet,895720,1812,20458,recognition over learning hello
train_landmarks/586173.parquet,586173,1813,64987,1600 pennsylvania ave
train_landmarks/493370.parquet,493370,1814,24592,brown jumps project over lazy
train_landmarks/113457.parquet,113457,1815,93227,american university guatemala engineering
train_landmarks/491270.parquet,491270,1816,44993,1600 pennsylvania ave
train_landmarks/772188.parquet,772188,1817,37869,fingerspelling quick
train_landmarks/230524.parquet,230524,1818,30033,221b baker street
train_landmarks/270249.parquet,270249,1819,87397,(212) 555-4321
train_landmarks/367657.parquet,367657,1820,75435,american american deep deep
train_landmarks/782524.parquet,782524,1821,46463,456 elm st suite 200
train_landmarks/871399.parquet,871399,1822,21915,(212) 555-4321
train_landmarks/136183.parquet,136183,1823,57447,computer deep learning vision
train_landmarks/374025.parquet,374025,1824,19358,hello recognition guatemala
train_landmarks/982393.parquet,982393,1825,51245,(555) 234-5678
train_landmarks/908422.parquet,908422,1826,15695,https://youtube.com/watch
train_landmarks/516983.parquet,516983,1827,69429,sign lazy
train_landmarks/543489.parquet,543489,1828,57447,(212) 555-4321
train_landmarks/365154.parquet,365154,1829,69429,guatemala vision asl welcome fingerspelling frequency
train_landmarks/862998.parquet,862998,1830,48427,computer evaluation
train_landmarks/461122.parquet,461122,1831,31319,dataset university fingerspelling welcome
train_landmarks/276578.parquet,276578,1832,28131,fox evaluation
train_landmarks/538136.parquet,538136,1833,26361,dataset over asl learning
train_landmarks/307639.parquet,307639,1834,68878,221b baker street
train_landmarks/215593.parquet,215593,1835,51245,123 main street apt 4b
train_landmarks/294655.parquet,294655,1836,28131,(415) 555-8833
train_landmarks/291605.parquet,291605,1837,13905,hello analysis fingerspelling
train_landmarks/757286.parquet,757286,1838,38221,frequency over
train_landmarks/407364.parquet,407364,1839,36062,http://wikipedia.org/asl
train_landmarks/390206.parquet,390206,1840,82357,https://www.google.com
train_landmarks/714094.parquet,714094,1841,46434,(212) 555-4321
train_landmarks/805486.parquet,805486,1842,61856,brown dataset
train_landmarks/107577.parquet,107577,1843,40021,fox sign
train_landmarks/107614.parquet,107614,1844,38785,221b baker street
train_landmarks/898347.parquet,898347,1845,82357,(212) 555-4321
train_landmarks/596219.parquet,596219,1846,76784,science asl analysis engineering accuracy guatemala
train_landmarks/797385.parquet,797385,1847,69429,221b baker street
train_landmarks/160022.parquet,160022,1848,11504,accuracy the frequency fingerspelling
train_landmarks/976002.parquet,976002,1849,52504,the jumps sign
train_landmarks/833232.parquet,833232,1850,88907,asl computer vision
train_landmarks/598282.parquet,598282,1851,62581,the vision guatemala
train_landmarks/437833.parquet,437833,1852,70217,www.amazon.com/deals
train_landmarks/147976.parquet,147976,1853,45093,deep dog project dataset
train_landmarks/932527.parquet,932527,1854,81482,https://youtube.com/watch
train_landmarks/599250.parquet,599250,1855,68878,dataset world
train_landmarks/304553.parquet,304553,1856,74686,frequency evaluation learning quick american brown
train_landmarks/972786.parquet,972786,1857,46421,engineering project analysis guatemala project sign
train_landmarks/355177.parquet,355177,1858,76784,+1-800-222-3344
train_landmarks/791792.parquet,791792,1859,22676,science learning
train_landmarks/268018.parquet,268018,1860,40021,analysis evaluation dog hello
train_landmarks/599439.parquet,599439,1861,18675,vision university
train_landmarks/764323.parquet,764323,1862,56566,accuracy welcome
train_landmarks/334677.parquet,334677,1863,44671,brown to university dataset learning vision
train_landmarks/923218.parquet,923218,1864,54597,accuracy dog fox brown brown
train_landmarks/876555.parquet,876555,1865,42098,dataset fox asl
train_landmarks/994781.parquet,994781,1866,44671,456 elm st suite 200
train_landmarks/704941.parquet,704941,1867,40021,brown sign model engineering
train_landmarks/435169.parquet,435169,1868,18326,sign recognition dog
train_landmarks/514515.parquet,514515,1869,16175,www.nytimes.com/world
train_landmarks/431272.parquet,431272,1870,44718,http://weather.com/today
train_landmarks/977885.parquet,977885,1871,83579,(415) 555-8833
train_landmarks/577924.parquet,577924,1872,14207,http://weather.com/today
train_landmarks/252956.parquet,252956,1873,59797,recognition welcome
train_landmarks/822049.parquet,822049,1874,99192,www.nytimes.com/world
train_landmarks/761732.parquet,761732,1875,62581,world guatemala quick accuracy over
train_landmarks/851583.parquet,851583,1876,32431,(415) 555-8833
train_landmarks/949785.parquet,949785,1877,38657,(415) 555-8833
train_landmarks/155119.parquet,155119,1878,46434,frequency dataset world
train_landmarks/954602.parquet,954602,1879,69429,engineering language to
train_landmarks/810828.parquet,810828,1880,21915,1600 pennsylvania ave
train_landmarks/894520.parquet,894520,1881,89840,742 evergreen terrace
train_landmarks/653485.parquet,653485,1882,91070,deep lazy frequency asl
train_landmarks/237259.parquet,237259,1883,11504,221b baker street
train_landmarks/944178.parquet,944178,1884,22280,http://weather.com/today
train_landmarks/579757.parquet,579757,1885,47930,jumps deep world jumps dog dataset
train_landmarks/871037.parquet,871037,1886,39256,learning language deep engineering
train_landmarks/254775.parquet,254775,1887,75435,456 elm st suite 200
train_landmarks/812449.parquet,812449,1888,99192,fox engineering
train_landmarks/288358.parquet,288358,1889,22676,engineering vision
train_landmarks/722217.parquet,722217,1890,21915,123 main street apt 4b
train_landmarks/757428.parquet,757428,1891,55082,quick dog american
train_landmarks/821403.parquet,821403,1892,99192,vision asl deep
train_landmarks/933958.parquet,933958,1893,70142,evaluation frequency
train_landmarks/781900.parquet,781900,1894,66155,10 downing street london
train_landmarks/784925.parquet,784925,1895,13278,742 evergreen terrace
train_landmarks/225829.parquet,225829,1896,71348,http://wikipedia.org/asl
train_landmarks/612982.parquet,612982,1897,75435,dog recognition engineering project deep fox
train_landmarks/721678.parquet,721678,1898,44671,(212) 555-4321
train_landmarks/775908.parquet,775908,1899,28131,language fox brown analysis
train_landmarks/933853.parquet,933853,1900,57052,accuracy the language sign accuracy
train_landmarks/612295.parquet,612295,1901,16175,https://apple.com/ios
train_landmarks/848420.parquet,848420,1902,38657,dataset lazy
train_landmarks/790573.parquet,790573,1903,84341,frequency deep the
train_landmarks/568957.parquet,568957,1904,19358,quick language
train_landmarks/784343.parquet,784343,1905,14165,1-888-456-7890
train_landmarks/369232.parquet,369232,1906,38221,brown jumps
train_landmarks/413081.parquet,413081,1907,24592,221b baker street
train_landmarks/279938.parquet,279938,1908,69429,10 downing street london
train_landmarks/100089.parquet,100089,1909,44671,(555) 234-5678
train_landmarks/644675.parquet,644675,1910,45382,vision science recognition deep
train_landmarks/648055.parquet,648055,1911,89131,computer american deep vision
train_landmarks/146908.parquet,146908,1912,44671,800-555-0199
train_landmarks/248548.parquet,248548,1913,61856,+1-800-222-3344
train_landmarks/325667.parquet,325667,1914,39256,language recognition world dataset fingerspelling language
train_landmarks/373336.parquet,373336,1915,99192,123 main street apt 4b
train_landmarks/519492.parquet,519492,1916,74686,1600 pennsylvania ave
train_landmarks/809388.parquet,809388,1917,51347,10 downing street london
train_landmarks/250202.parquet,250202,1918,45382,computer hello
train_landmarks/763874.parquet,763874,1919,30033,learning language vision
train_landmarks/636270.parquet,636270,1920,46463,model welcome evaluation asl guatemala
train_landmarks/359520.parquet,359520,1921,87397,http://wikipedia.org/asl
train_landmarks/657286.parquet,657286,1922,30379,https://apple.com/ios
train_landmarks/526541.parquet,526541,1923,80644,http://wikipedia.org/asl
train_landmarks/480443.parquet,480443,1924,42098,jumps accuracy world fox
train_landmarks/333020.parquet,333020,1925,70589,742 evergreen terrace
train_landmarks/920755.parquet,920755,1926,25014,sign frequency recognition
train_landmarks/945989.parquet,945989,1927,74686,221b baker street
train_landmarks/465848.parquet,465848,1928,56566,language computer analysis over
train_landmarks/888395.parquet,888395,1929,98696,1600 pennsylvania ave
train_landmarks/945241.parquet,945241,1930,28131,language analysis fingerspelling recognition hello deep
train_landmarks/847868.parquet,847868,1931,45382,800-555-0199
train_landmarks/249600.parquet,249600,1932,40495,10 downing street london
train_landmarks/380357.parquet,380357,1933,65302,www.amazon.com/deals
train_landmarks/841870.parquet,841870,1934,99192,fingerspelling project science to project world
train_landmarks/548544.parquet,548544,1935,51347,welcome frequency guatemala
train_landmarks/526261.parquet,526261,1936,28131,computer brown
train_landmarks/351696.parquet,351696,1937,24371,language brown world
train_landmarks/616791.parquet,616791,1938,80010,guatemala fingerspelling
train_landmarks/633392.parquet,633392,1939,56566,project american engineering
train_landmarks/658271.parquet,658271,1940,20458,the lazy model the science
train_landmarks/660280.parquet,660280,1941,15695,engineering vision university
train_landmarks/653764.parquet,653764,1942,40512,computer guatemala
train_landmarks/807287.parquet,807287,1943,28301,analysis over asl jumps to quick
train_landmarks/619577.parquet,619577,1944,45382,1600 pennsylvania ave
train_landmarks/218733.parquet,218733,1945,30033,10 downing street london
train_landmarks/361897.parquet,361897,1946,59823,world project
train_landmarks/377611.parquet,377611,1947,93886,(415) 555-8833
train_landmarks/761836.parquet,761836,1948,52504,university university guatemala
train_landmarks/640571.parquet,640571,1949,59735,university analysis
train_landmarks/989561.parquet,989561,1950,37653,1600 pennsylvania ave
train_landmarks/106177.parquet,106177,1951,30379,world fox to learning
train_landmarks/521598.parquet,521598,1952,56566,742 evergreen terrace
train_landmarks/551730.parquet,551730,1953,13905,742 evergreen terrace
train_landmarks/654797.parquet,654797,1954,57400,fingerspelling university the
train_landmarks/906824.parquet,906824,1955,31319,project asl asl
train_landmarks/291031.parquet,291031,1956,40021,fox science model over
train_landmarks/470920.parquet,470920,1957,60019,to frequency
train_landmarks/308105.parquet,308105,1958,45382,http://weather.com/today
train_landmarks/142211.parquet,142211,1959,61856,https://youtube.com/watch
train_landmarks/880060.parquet,880060,1960,58520,742 evergreen terrace
train_landmarks/268099.parquet,268099,1961,52504,guatemala engineering fox american american
train_landmarks/814852.parquet,814852,1962,21395,dataset evaluation fingerspelling learning
train_landmarks/877931.parquet,877931,1963,22156,jumps guatemala accuracy jumps to
train_landmarks/114311.parquet,114311,1964,48427,quick model science
train_landmarks/726090.parquet,726090,1965,69429,project world brown science computer
train_landmarks/864672.parquet,864672,1966,39256,world fox hello
train_landmarks/835005.parquet,835005,1967,83563,+1-800-222-3344
train_landmarks/550005.parquet,550005,1968,22676,(415) 555-8833
train_landmarks/920738.parquet,920738,1969,42953,computer lazy frequency computer jumps fox
train_landmarks/520775.parquet,520775,1970,26361,https://github.com/kaggle
train_landmarks/253311.parquet,253311,1971,57819,221b baker street
train_landmarks/309341.parquet,309341,1972,10851,https://www.google.com
train_landmarks/498828.parquet,498828,1973,93886,1600 pennsylvania ave
train_landmarks/834169.parquet,834169,1974,22676,dog science brown
train_landmarks/547818.parquet,547818,1975,65392,fox to guatemala learning
train_landmarks/358965.parquet,358965,1976,56566,742 evergreen terrace
train_landmarks/290580.parquet,290580,1977,93810,https://www.google.com
train_landmarks/792511.parquet,792511,1978,93810,world world computer
train_landmarks/551839.parquet,551839,1979,46421,(212) 555-4321
train_landmarks/481242.parquet,481242,1980,42098,742 evergreen terrace
train_landmarks/201593.parquet,201593,1981,22280,evaluation jumps to accuracy dataset recognition
train_landmarks/734088.parquet,734088,1982,59615,10 downing street london
train_landmarks/389351.parquet,389351,1983,86622,(212) 555-4321
train_landmarks/191468.parquet,191468,1984,80010,computer recognition quick
train_landmarks/786141.parquet,786141,1985,56566,learning university brown
train_landmarks/673129.parquet,673129,1986,89131,learning engineering lazy learning
train_landmarks/145939.parquet,145939,1987,18326,https://youtube.com/watch
train_landmarks/677236.parquet,677236,1988,35203,engineering analysis science learning university brown
train_landmarks/539357.parquet,539357,1989,65302,accuracy over world guatemala world guatemala
train_landmarks/163746.parquet,163746,1990,83000,dataset fingerspelling deep
train_landmarks/638430.parquet,638430,1991,38657,science american language
train_landmarks/509203.parquet,509203,1992,20328,1600 pennsylvania ave
train_landmarks/316976.parquet,316976,1993,58520,800-555-0199
train_landmarks/699678.parquet,699678,1994,24371,(415) 555-8833
train_landmarks/109291.parquet,109291,1995,31319,project learning sign welcome dog learning
train_landmarks/678972.parquet,678972,1996,37653,https://github.com/kaggle
train_landmarks/147828.parquet,147828,1997,25014,quick jumps analysis university
train_landmarks/383571.parquet,383571,1998,13478,vision hello
train_landmarks/963408.parquet,963408,1999,22676,(555) 234-5678
train_landmarks/101467.parquet,101467,2000,35203,engineering welcome guatemala analysis hello jumps
train_landmarks/741185.parquet,741185,2001,47930,(555) 234-5678
train_landmarks/756361.parquet,756361,2002,39871,dog guatemala over engineering
train_landmarks/663492.parquet,663492,2003,99192,fox dataset asl vision frequency computer
train_landmarks/677637.parquet,677637,2004,37869,(212) 555-4321
train_landmarks/331356.parquet,331356,2005,93886,123 main street apt 4b
train_landmarks/709918.parquet,709918,2006,44671,over dog learning asl analysis
train_landmarks/198242.parquet,198242,2007,38746,456 elm st suite 200
train_landmarks/294015.parquet,294015,2008,88104,lazy american dataset
train_landmarks/779020.parquet,779020,2009,57447,+1-555-987-6543
train_landmarks/270832.parquet,270832,2010,93810,deep lazy jumps science project
train_landmarks/776456.parquet,776456,2011,52504,learning jumps
train_landmarks/886897.parquet,886897,2012,28289,fox asl fox the model university
train_landmarks/238599.parquet,238599,2013,22156,(555) 234-5678
train_landmarks/380658.parquet,380658,2014,23434,https://www.google.com
train_landmarks/930892.parquet,930892,2015,93886,sign model
train_landmarks/994141.parquet,994141,2016,45093,jumps evaluation analysis
train_landmarks/955076.parquet,955076,2017,38657,+1-555-987-6543
train_landmarks/602171.parquet,602171,2018,57400,(555) 234-5678
train_landmarks/669928.parquet,669928,2019,69429,jumps model fox world american model
train_landmarks/248724.parquet,248724,2020,92397,https://github.com/kaggle
train_landmarks/125166.parquet,125166,2021,76237,(212) 555-4321
train_landmarks/254535.parquet,254535,2022,47930,1600 pennsylvania ave
train_landmarks/336856.parquet,336856,2023,94259,deep learning analysis american engineering
train_landmarks/335428.parquet,335428,2024,21395,http://weather.com/today
train_landmarks/474664.parquet,474664,2025,87397,www.amazon.com/deals
train_landmarks/224099.parquet,224099,2026,82357,742 evergreen terrace
train_landmarks/145452.parquet,145452,2027,60432,science to over
train_landmarks/545901.parquet,545901,2028,51347,(415) 555-8833
train_landmarks/820540.parquet,820540,2029,62581,1600 pennsylvania ave
train_landmarks/465308.parquet,465308,2030,48427,university vision university accuracy
train_landmarks/845859.parquet,845859,2031,45382,frequency engineering
train_landmarks/915565.parquet,915565,2032,24592,jumps science accuracy engineering
train_landmarks/954222.parquet,954222,2033,52504,https://youtube.com/watch
train_landmarks/862008.parquet,862008,2034,99192,(555) 234-5678
train_landmarks/438746.parquet,438746,2035,83000,evaluation to american
train_landmarks/604667.parquet,604667,2036,16175,recognition vision jumps guatemala university
train_landmarks/501798.parquet,501798,2037,95909,456 elm st suite 200
train_landmarks/664917.parquet,664917,2038,76237,sign dog brown learning sign evaluation
train_landmarks/950701.parquet,950701,2039,30969,dog the
train_landmarks/991913.parquet,991913,2040,98696,https://apple.com/ios
train_landmarks/596947.parquet,596947,2041,94939,quick to
train_landmarks/989980.parquet,989980,2042,36062,world jumps frequency
train_landmarks/541531.parquet,541531,2043,24592,+1-800-222-3344
train_landmarks/335496.parquet,335496,2044,47930,www.cdc.gov/covid
train_landmarks/222930.parquet,222930,2045,89131,asl the guatemala
train_landmarks/489739.parquet,489739,2046,57819,http://wikipedia.org/asl
train_landmarks/794940.parquet,794940,2047,42087,model frequency the asl brown
train_landmarks/180808.parquet,180808,2048,39256,https://youtube.com/watch
train_landmarks/256989.parquet,256989,2049,76237,dataset dataset learning world fingerspelling
train_landmarks/453723.parquet,453723,2050,93227,10 downing street london
train_landmarks/829019.parquet,829019,2051,20328,http://wikipedia.org/asl
train_landmarks/263459.parquet,263459,2052,75435,https://www.google.com
train_landmarks/733521.parquet,733521,2053,40021,over fingerspelling fingerspelling guatemala science learning
train_landmarks/370589.parquet,370589,2054,76784,welcome dog university hello fox asl
train_landmarks/231211.parquet,231211,2055,18675,computer dog lazy dataset language
train_landmarks/982600.parquet,982600,2056,20458,www.nytimes.com/world
train_landmarks/600607.parquet,600607,2057,62581,10 downing street london
train_landmarks/524778.parquet,524778,2058,22676,quick asl fingerspelling
train_landmarks/383031.parquet,383031,2059,44671,http://wikipedia.org/asl
train_landmarks/480320.parquet,480320,2060,83579,the world sign brown
train_landmarks/726116.parquet,726116,2061,46434,http://weather.com/today
train_landmarks/296863.parquet,296863,2062,86622,dog brown
train_landmarks/697817.parquet,697817,2063,57447,engineering project quick fox welcome engineering
train_landmarks/888193.parquet,888193,2064,21915,(212) 555-4321
train_landmarks/624514.parquet,624514,2065,99192,+1-800-222-3344
train_landmarks/509617.parquet,509617,2066,20458,learning fox fingerspelling
train_landmarks/877468.parquet,877468,2067,15695,accuracy jumps recognition asl recognition frequency
train_landmarks/404212.parquet,404212,2068,70589,(415) 555-8833
train_landmarks/585602.parquet,585602,2069,91070,http://wikipedia.org/asl
train_landmarks/853362.parquet,853362,2070,45382,800-555-0199
train_landmarks/946699.parquet,946699,2071,84341,evaluation over guatemala
train_landmarks/641380.parquet,641380,2072,45093,vision university to evaluation to to
train_landmarks/997531.parquet,997531,2073,91070,analysis evaluation
train_landmarks/506463.parquet,506463,2074,38893,1-888-456-7890
train_landmarks/736356.parquet,736356,2075,20458,www.cdc.gov/covid
train_landmarks/694438.parquet,694438,2076,36062,fox the evaluation welcome frequency
train_landmarks/936116.parquet,936116,2077,30033,american project
train_landmarks/277961.parquet,277961,2078,82357,brown recognition to
train_landmarks/174589.parquet,174589,2079,81426,+1-800-222-3344
train_landmarks/583122.parquet,583122,2080,42098,(212) 555-4321
train_landmarks/368463.parquet,368463,2081,40021,vision jumps jumps language quick
train_landmarks/400548.parquet,400548,2082,52504,221b baker street
train_landmarks/813644.parquet,813644,2083,59615,www.amazon.com/deals
train_landmarks/637373.parquet,637373,2084,21395,asl deep american hello
train_landmarks/815711.parquet,815711,2085,96673,https://www.google.com
train_landmarks/877039.parquet,877039,2086,44671,the frequency world over fingerspelling brown
train_landmarks/507081.parquet,507081,2087,62581,to project
train_landmarks/661109.parquet,661109,2088,93886,fox over fox guatemala fingerspelling
train_landmarks/554153.parquet,554153,2089,92397,+1-555-987-6543
train_landmarks/167603.parquet,167603,2090,46421,221b baker street
train_landmarks/609917.parquet,609917,2091,99166,(415) 555-8833
train_landmarks/599352.parquet,599352,2092,69429,www.nytimes.com/world
train_landmarks/140141.parquet,140141,2093,45093,jumps dog language engineering evaluation
train_landmarks/165431.parquet,165431,2094,83563,accuracy engineering dog lazy
train_landmarks/124057.parquet,124057,2095,57819,hello computer brown brown fingerspelling
train_landmarks/412828.parquet,412828,2096,42098,frequency sign deep hello model
train_landmarks/196931.parquet,196931,2097,58520,to dataset over to fingerspelling
train_landmarks/598597.parquet,598597,2098,71348,guatemala science university
train_landmarks/698020.parquet,698020,2099,57400,742 evergreen terrace
train_landmarks/688155.parquet,688155,2100,42098,lazy learning recognition jumps vision model
train_landmarks/870028.parquet,870028,2101,42098,the analysis university american
train_landmarks/431777.parquet,431777,2102,85674,https://youtube.com/watch
train_landmarks/375568.parquet,375568,2103,64987,engineering guatemala
train_landmarks/998909.parquet,998909,2104,46048,www.nytimes.com/world
train_landmarks/769952.parquet,769952,2105,28726,quick dataset
train_landmarks/296772.parquet,296772,2106,69429,221b baker street
train_landmarks/912000.parquet,912000,2107,55082,(212) 555-4321
train_landmarks/326636.parquet,326636,2108,30969,123 main street apt 4b
train_landmarks/812641.parquet,812641,2109,40495,asl asl
train_landmarks/416611.parquet,416611,2110,88104,model jumps american engineering fingerspelling to
train_landmarks/968415.parquet,968415,2111,15695,engineering to university project asl language
train_landmarks/270558.parquet,270558,2112,30033,world vision deep computer learning
train_landmarks/998626.parquet,998626,2113,45382,http://wikipedia.org/asl
train_landmarks/945089.parquet,945089,2114,28131,vision computer
train_landmarks/531257.parquet,531257,2115,99166,https://apple.com/ios
train_landmarks/204545.parquet,204545,2116,57052,recognition quick world fingerspelling dog project
train_landmarks/499591.parquet,499591,2117,71348,www.nytimes.com/world
train_landmarks/230485.parquet,230485,2118,85674,456 elm st suite 200
train_landmarks/532993.parquet,532993,2119,85674,the asl dog world analysis
train_landmarks/377347.parquet,377347,2120,59615,456 elm st suite 200
train_landmarks/806007.parquet,806007,2121,19358,(212) 555-4321
train_landmarks/134261.parquet,134261,2122,81426,www.cdc.gov/covid
train_landmarks/928909.parquet,928909,2123,89840,221b baker street
train_landmarks/959868.parquet,959868,2124,19358,to guatemala engineering dog
train_landmarks/510373.parquet,510373,2125,28726,(415) 555-8833
train_landmarks/512423.parquet,512423,2126,28131,science university asl dataset fingerspelling welcome
train_landmarks/266140.parquet,266140,2127,59823,742 evergreen terrace
train_landmarks/844515.parquet,844515,2128,44671,fox recognition asl evaluation university model
train_landmarks/266779.parquet,266779,2129,59797,fox the the
train_landmarks/907437.parquet,907437,2130,10851,computer sign
train_landmarks/182598.parquet,182598,2131,23434,dataset jumps
train_landmarks/575745.parquet,575745,2132,20328,lazy vision dog lazy
train_landmarks/981282.parquet,981282,2133,22676,+1-800-222-3344
train_landmarks/946302.parquet,946302,2134,42953,vision world university computer
train_landmarks/769396.parquet,769396,2135,93227,fox university
train_landmarks/228643.parquet,228643,2136,82357,http://weather.com/today
train_landmarks/374721.parquet,374721,2137,70589,brown model
train_landmarks/979037.parquet,979037,2138,83563,(555) 234-5678
train_landmarks/614889.parquet,614889,2139,59823,brown guatemala brown deep asl
train_landmarks/428817.parquet,428817,2140,99733,accuracy over the over language
train_landmarks/736123.parquet,736123,2141,31319,engineering engineering
train_landmarks/607417.parquet,607417,2142,19116,language over dataset university lazy the
train_landmarks/124157.parquet,124157,2143,25014,dog asl analysis
train_landmarks/130930.parquet,130930,2144,24371,123 main street apt 4b
train_landmarks/187496.parquet,187496,2145,99733,hello project guatemala
train_landmarks/465484.parquet,465484,2146,80010,project accuracy science guatemala
train_landmarks/302432.parquet,302432,2147,38785,800-555-0199
train_landmarks/820431.parquet,820431,2148,30926,guatemala fox accuracy recognition
train_landmarks/273699.parquet,273699,2149,35203,science science recognition hello welcome
train_landmarks/212783.parquet,212783,2150,39256,lazy to analysis model science
train_landmarks/135399.parquet,135399,2151,93320,recognition world model vision
train_landmarks/656267.parquet,656267,2152,89840,742 evergreen terrace
train_landmarks/220219.parquet,220219,2153,46421,+1-555-987-6543
train_landmarks/550244.parquet,550244,2154,71348,hello dog asl jumps
train_landmarks/429727.parquet,429727,2155,99192,www.amazon.com/deals
train_landmarks/821726.parquet,821726,2156,95909,www.amazon.com/deals
train_landmarks/324156.parquet,324156,2157,94939,1600 pennsylvania ave
train_landmarks/343949.parquet,343949,2158,16175,world dog dog language learning
train_landmarks/946648.parquet,946648,2159,13478,language vision
train_landmarks/815267.parquet,815267,2160,83579,accuracy lazy quick american
train_landmarks/149064.parquet,149064,2161,76237,fox science recognition recognition dog
train_landmarks/122301.parquet,122301,2162,80644,(415) 555-8833
train_landmarks/921355.parquet,921355,2163,22676,university world
train_landmarks/982526.parquet,982526,2164,24371,analysis university
train_landmarks/141020.parquet,141020,2165,60432,742 evergreen terrace
train_landmarks/172827.parquet,172827,2166,95181,456 elm st suite 200
train_landmarks/858386.parquet,858386,2167,69429,1600 pennsylvania ave
train_landmarks/890303.parquet,890303,2168,11504,742 evergreen terrace
train_landmarks/683480.parquet,683480,2169,57819,computer asl deep project frequency
train_landmarks/227310.parquet,227310,2170,21915,fox dog model jumps engineering frequency
train_landmarks/859434.parquet,859434,2171,59735,123 main street apt 4b
train_landmarks/192292.parquet,192292,2172,91070,+1-800-222-3344
train_landmarks/486798.parquet,486798,2173,57052,engineering university frequency hello evaluation fox
train_landmarks/419071.parquet,419071,2174,30926,www.amazon.com/deals
train_landmarks/821338.parquet,821338,2175,28726,hello over jumps project jumps
train_landmarks/255190.parquet,255190,2176,85674,vision deep sign dog project
train_landmarks/613911.parquet,613911,2177,56566,evaluation project fox evaluation
train_landmarks/845937.parquet,845937,2178,31319,https://apple.com/ios
train_landmarks/976129.parquet,976129,2179,42087,deep brown american
train_landmarks/322796.parquet,322796,2180,16175,https://github.com/kaggle
train_landmarks/590891.parquet,590891,2181,11504,american to accuracy
train_landmarks/898598.parquet,898598,2182,96673,evaluation welcome science over
train_landmarks/629018.parquet,629018,2183,28131,www.cdc.gov/covid
train_landmarks/329412.parquet,329412,2184,44718,engineering frequency american evaluation lazy
train_landmarks/391334.parquet,391334,2185,80010,10 downing street london
train_landmarks/422066.parquet,422066,2186,88104,vision jumps frequency dataset dog analysis
train_landmarks/296114.parquet,296114,2187,30926,(212) 555-4321
train_landmarks/794037.parquet,794037,2188,22280,hello university brown science
train_landmarks/257936.parquet,257936,2189,74686,456 elm st suite 200
train_landmarks/632599.parquet,632599,2190,59823,456 elm st suite 200
train_landmarks/385830.parquet,385830,2191,76784,742 evergreen terrace
train_landmarks/780129.parquet,780129,2192,30033,456 elm st suite 200
train_landmarks/303352.parquet,303352,2193,98696,(212) 555-4321
train_landmarks/285225.parquet,285225,2194,24371,computer sign fox quick hello fox
train_landmarks/220783.parquet,220783,2195,46434,https://www.google.com
train_landmarks/703172.parquet,703172,2196,56566,(555) 234-5678
train_landmarks/657980.parquet,657980,2197,99733,https://github.com/kaggle
train_landmarks/750348.parquet,750348,2198,88172,asl fox dataset analysis hello
train_landmarks/315697.parquet,315697,2199,46048,800-555-0199
train_landmarks/464519.parquet,464519,2200,93320,world the lazy analysis computer dataset
train_landmarks/993978.parquet,993978,2201,45093,over deep over
train_landmarks/448290.parquet,448290,2202,95909,guatemala vision science
train_landmarks/121838.parquet,121838,2203,18675,+1-555-987-6543
train_landmarks/180716.parquet,180716,2204,13478,+1-800-222-3344
train_landmarks/994529.parquet,994529,2205,44671,www.amazon.com/deals
train_landmarks/596846.parquet,596846,2206,48427,frequency project quick the deep
train_landmarks/404777.parquet,404777,2207,66155,american dataset evaluation fox accuracy to
train_landmarks/614496.parquet,614496,2208,22676,hello american asl the to learning
train_landmarks/642985.parquet,642985,2209,54597,project hello sign vision jumps fingerspelling
train_landmarks/330954.parquet,330954,2210,88104,to quick recognition
train_landmarks/829605.parquet,829605,2211,24592,lazy brown university asl
train_landmarks/213174.parquet,213174,2212,25014,analysis science guatemala sign hello deep
train_landmarks/447283.parquet,447283,2213,62581,456 elm st suite 200
train_landmarks/389666.parquet,389666,2214,28131,742 evergreen terrace
train_landmarks/707667.parquet,707667,2215,89131,model jumps accuracy language
train_landmarks/931023.parquet,931023,2216,13278,fox the university jumps
train_landmarks/813999.parquet,813999,2217,75435,+1-555-987-6543
train_landmarks/754096.parquet,754096,2218,28131,welcome world accuracy
train_landmarks/116349.parquet,116349,2219,75435,123 main street apt 4b
train_landmarks/396765.parquet,396765,2220,36062,quick welcome
train_landmarks/551226.parquet,551226,2221,70142,742 evergreen terrace
train_landmarks/152326.parquet,152326,2222,28301,+1-555-987-6543
train_landmarks/397025.parquet,397025,2223,14207,vision evaluation over brown hello engineering
train_landmarks/306283.parquet,306283,2224,44718,742 evergreen terrace
train_landmarks/404928.parquet,404928,2225,76784,(212) 555-4321
train_landmarks/471858.parquet,471858,2226,83000,(415) 555-8833
train_landmarks/767989.parquet,767989,2227,65302,456 elm st suite 200
train_landmarks/202905.parquet,202905,2228,31319,recognition over science frequency
train_landmarks/943453.parquet,943453,2229,87397,hello fingerspelling lazy
train_landmarks/419811.parquet,419811,2230,96673,www.nytimes.com/world
train_landmarks/672344.parquet,672344,2231,96673,+1-800-222-3344
train_landmarks/974357.parquet,974357,2232,98696,123 main street apt 4b
train_landmarks/652150.parquet,652150,2233,82357,1600 pennsylvania ave
train_landmarks/628288.parquet,628288,2234,38657,project science fingerspelling fingerspelling
train_landmarks/129017.parquet,129017,2235,86484,guatemala fingerspelling
train_landmarks/892572.parquet,892572,2236,60019,http://weather.com/today
train_landmarks/924843.parquet,924843,2237,21395,1-888-456-7890
train_landmarks/491235.parquet,491235,2238,88104,https://apple.com/ios
train_landmarks/693047.parquet,693047,2239,37460,dataset asl
train_landmarks/522515.parquet,522515,2240,44671,accuracy frequency project quick quick
train_landmarks/970207.parquet,970207,2241,87397,to fox
train_landmarks/404691.parquet,404691,2242,58520,frequency jumps recognition american
train_landmarks/851778.parquet,851778,2243,80644,https://github.com/kaggle
train_landmarks/641342.parquet,641342,2244,51245,www.nytimes.com/world
train_landmarks/243028.parquet,243028,2245,28289,(415) 555-8833
train_landmarks/770740.parquet,770740,2246,21395,computer learning university accuracy
train_landmarks/753959.parquet,753959,2247,19116,brown over
train_landmarks/226913.parquet,226913,2248,89131,lazy project model
train_landmarks/565374.parquet,565374,2249,30379,742 evergreen terrace
train_landmarks/414492.parquet,414492,2250,22676,123 main street apt 4b
train_landmarks/960116.parquet,960116,2251,86622,+1-800-222-3344
train_landmarks/673276.parquet,673276,2252,88172,1-888-456-7890
train_landmarks/814416.parquet,814416,2253,16006,10 downing street london
train_landmarks/747137.parquet,747137,2254,99192,www.cdc.gov/covid
train_landmarks/767101.parquet,767101,2255,70217,www.cdc.gov/covid
train_landmarks/958311.parquet,958311,2256,93320,over dataset language
train_landmarks/599288.parquet,599288,2257,46421,1600 pennsylvania ave
train_landmarks/799961.parquet,799961,2258,17331,www.nytimes.com/world
train_landmarks/485183.parquet,485183,2259,11504,asl accuracy project accuracy jumps
train_landmarks/397189.parquet,397189,2260,93886,221b baker street
train_landmarks/508346.parquet,508346,2261,48427,http://weather.com/today
train_landmarks/135739.parquet,135739,2262,40021,science analysis to jumps analysis project
train_landmarks/109563.parquet,109563,2263,76237,american frequency lazy analysis
train_landmarks/650560.parquet,650560,2264,30033,742 evergreen terrace
train_landmarks/282973.parquet,282973,2265,58520,vision language project frequency
train_landmarks/246841.parquet,246841,2266,46434,+1-800-222-3344
train_landmarks/790428.parquet,790428,2267,70589,456 elm st suite 200
train_landmarks/171523.parquet,171523,2268,99733,asl project vision recognition university
train_landmarks/913063.parquet,913063,2269,21395,jumps welcome guatemala to
train_landmarks/747469.parquet,747469,2270,45093,quick frequency
train_landmarks/266911.parquet,266911,2271,38221,(415) 555-8833
train_landmarks/211380.parquet,211380,2272,37869,10 downing street london
train_landmarks/599555.parquet,599555,2273,57447,123 main street apt 4b
train_landmarks/909231.parquet,909231,2274,86622,fox analysis dataset
train_landmarks/502740.parquet,502740,2275,89840,university brown hello quick dataset
train_landmarks/562976.parquet,562976,2276,56566,computer the over fox science jumps
train_landmarks/768357.parquet,768357,2277,36062,lazy american deep
train_landmarks/336450.parquet,336450,2278,28301,800-555-0199
train_landmarks/555148.parquet,555148,2279,22676,brown the guatemala
train_landmarks/200879.parquet,200879,2280,31319,+1-800-222-3344
train_landmarks/247390.parquet,247390,2281,57052,evaluation language frequency to
train_landmarks/815507.parquet,815507,2282,13478,american model language project to computer
train_landmarks/685836.parquet,685836,2283,99733,science computer
train_landmarks/174310.parquet,174310,2284,23434,evaluation world fox
train_landmarks/341773.parquet,341773,2285,61856,https://apple.com/ios
train_landmarks/446994.parquet,446994,2286,15695,http://weather.com/today
train_landmarks/968376.parquet,968376,2287,93810,(415) 555-8833
train_landmarks/475290.parquet,475290,2288,56566,www.cdc.gov/covid
train_landmarks/402062.parquet,402062,2289,39256,https://github.com/kaggle
train_landmarks/994640.parquet,994640,2290,22676,american fingerspelling quick learning fox project
train_landmarks/375831.parquet,375831,2291,51245,to hello
train_landmarks/450791.parquet,450791,2292,98696,jumps language
train_landmarks/869521.parquet,869521,2293,76784,10 downing street london
train_landmarks/165356.parquet,165356,2294,93810,(555) 234-5678
train_landmarks/944797.parquet,944797,2295,54118,learning evaluation quick engineering guatemala recognition
train_landmarks/742182.parquet,742182,2296,61856,project jumps learning fox american dog
train_landmarks/467271.parquet,467271,2297,15695,1600 pennsylvania ave
train_landmarks/919506.parquet,919506,2298,13905,the quick evaluation
train_landmarks/950775.parquet,950775,2299,48427,1-888-456-7890
train_landmarks/497817.parquet,497817,2300,22676,language quick
train_landmarks/902875.parquet,902875,2301,76784,123 main street apt 4b
train_landmarks/550592.parquet,550592,2302,44671,jumps science analysis engineering asl lazy
train_landmarks/557729.parquet,557729,2303,83579,dog recognition dog
train_landmarks/883785.parquet,883785,2304,30033,language engineering the learning accuracy brown
train_landmarks/232871.parquet,232871,2305,40512,1600 pennsylvania ave
train_landmarks/145843.parquet,145843,2306,99192,221b baker street
train_landmarks/787036.parquet,787036,2307,91070,jumps fingerspelling vision vision
train_landmarks/180088.parquet,180088,2308,71348,1-888-456-7890
train_landmarks/315860.parquet,315860,2309,65302,10 downing street london
train_landmarks/952937.parquet,952937,2310,45093,123 main street apt 4b
train_landmarks/565087.parquet,565087,2311,31319,evaluation world vision sign
train_landmarks/380531.parquet,380531,2312,85674,221b baker street
train_landmarks/627900.parquet,627900,2313,52504,www.amazon.com/deals
train_landmarks/530790.parquet,530790,2314,84341,american brown university model sign welcome
train_landmarks/679826.parquet,679826,2315,93810,+1-555-987-6543
train_landmarks/860124.parquet,860124,2316,38893,quick dog science
train_landmarks/901313.parquet,901313,2317,37869,742 evergreen terrace
train_landmarks/122323.parquet,122323,2318,14207,742 evergreen terrace
train_landmarks/383428.parquet,383428,2319,42953,(212) 555-4321
train_landmarks/415005.parquet,415005,2320,28726,quick frequency
train_landmarks/502586.parquet,502586,2321,60019,456 elm st suite 200
train_landmarks/503348.parquet,503348,2322,37653,123 main street apt 4b
train_landmarks/315723.parquet,315723,2323,89131,10 downing street london
train_landmarks/552025.parquet,552025,2324,22280,quick evaluation university university
train_landmarks/891127.parquet,891127,2325,42325,accuracy recognition dataset to
train_landmarks/969520.parquet,969520,2326,40021,evaluation university dataset accuracy language
train_landmarks/856334.parquet,856334,2327,39256,frequency university project language
train_landmarks/695908.parquet,695908,2328,48427,over asl dataset university
train_landmarks/238278.parquet,238278,2329,88104,accuracy guatemala brown hello
train_landmarks/669171.parquet,669171,2330,58520,1-888-456-7890
train_landmarks/513769.parquet,513769,2331,40512,http://weather.com/today
train_landmarks/479264.parquet,479264,2332,69429,+1-555-987-6543
train_landmarks/920433.parquet,920433,2333,54597,the welcome vision model model science
train_landmarks/118105.parquet,118105,2334,92397,456 elm st suite 200
train_landmarks/138801.parquet,138801,2335,92397,vision language fingerspelling recognition brown
train_landmarks/739975.parquet,739975,2336,28289,science hello
train_landmarks/924952.parquet,924952,2337,44718,+1-800-222-3344
train_landmarks/618970.parquet,618970,2338,47930,www.cdc.gov/covid
train_landmarks/254037.parquet,254037,2339,57447,dog vision
train_landmarks/293205.parquet,293205,2340,74686,recognition quick learning brown learning
train_landmarks/371638.parquet,371638,2341,54597,deep frequency
train_landmarks/470498.parquet,470498,2342,40021,recognition to
train_landmarks/181242.parquet,181242,2343,69429,american dog
train_landmarks/441614.parquet,441614,2344,24371,brown science world the computer
train_landmarks/477788.parquet,477788,2345,54597,456 elm st suite 200
train_landmarks/783648.parquet,783648,2346,62581,1600 pennsylvania ave
train_landmarks/752126.parquet,752126,2347,93886,www.amazon.com/deals
train_landmarks/146777.parquet,146777,2348,89131,800-555-0199
train_landmarks/719946.parquet,719946,2349,13478,https://github.com/kaggle
train_landmarks/947285.parquet,947285,2350,40021,10 downing street london
train_landmarks/918805.parquet,918805,2351,75435,learning guatemala asl recognition vision jumps
train_landmarks/899656.parquet,899656,2352,15695,guatemala guatemala
train_landmarks/335490.parquet,335490,2353,40021,computer dataset sign jumps frequency accuracy
train_landmarks/736592.parquet,736592,2354,35203,221b baker street
train_landmarks/645611.parquet,645611,2355,37869,1600 pennsylvania ave
train_landmarks/304497.parquet,304497,2356,10851,university welcome accuracy engineering
train_landmarks/342106.parquet,342106,2357,30033,10 downing street london
train_landmarks/221023.parquet,221023,2358,57052,dataset analysis to to american
train_landmarks/479895.parquet,479895,2359,92397,dog evaluation dog model engineering university
train_landmarks/356842.parquet,356842,2360,23434,deep vision recognition accuracy to
train_landmarks/223694.parquet,223694,2361,38657,https://youtube.com/watch
train_landmarks/629558.parquet,629558,2362,56566,american analysis lazy over science over
train_landmarks/538960.parquet,538960,2363,59797,1-888-456-7890
train_landmarks/845937.parquet,845937,2364,28131,jumps quick
train_landmarks/552376.parquet,552376,2365,13278,www.cdc.gov/covid
train_landmarks/176561.parquet,176561,2366,91070,https://apple.com/ios
train_landmarks/506967.parquet,506967,2367,26361,jumps deep dog world
train_landmarks/453169.parquet,453169,2368,46048,recognition computer engineering quick
train_landmarks/874633.parquet,874633,2369,76237,university computer dataset science evaluation
train_landmarks/834122.parquet,834122,2370,39871,www.cdc.gov/covid
train_landmarks/858862.parquet,858862,2371,31319,brown analysis recognition asl vision asl
train_landmarks/559891.parquet,559891,2372,19116,(415) 555-8833
train_landmarks/716647.parquet,716647,2373,99593,+1-800-222-3344
train_landmarks/201605.parquet,201605,2374,45382,(212) 555-4321
train_landmarks/457687.parquet,457687,2375,24592,https://apple.com/ios
train_landmarks/650705.parquet,650705,2376,69429,world asl dataset guatemala quick
train_landmarks/870310.parquet,870310,2377,71348,science world analysis
train_landmarks/429638.parquet,429638,2378,56566,http://weather.com/today
train_landmarks/273636.parquet,273636,2379,62581,http://weather.com/today
train_landmarks/610274.parquet,610274,2380,44671,123 main street apt 4b
train_landmarks/402491.parquet,402491,2381,28301,engineering dataset university vision
train_landmarks/247852.parquet,247852,2382,28301,https://apple.com/ios
train_landmarks/979535.parquet,979535,2383,56566,the analysis guatemala
train_landmarks/666052.parquet,666052,2384,11504,the model the
train_landmarks/313008.parquet,313008,2385,76237,1-888-456-7890
train_landmarks/547220.parquet,547220,2386,13278,jumps science university learning university fox
train_landmarks/553263.parquet,553263,2387,28301,742 evergreen terrace
train_landmarks/243464.parquet,243464,2388,86484,guatemala accuracy
train_landmarks/880431.parquet,880431,2389,76237,welcome american
train_landmarks/389520.parquet,389520,2390,59797,10 downing street london
train_landmarks/637756.parquet,637756,2391,13278,learning welcome
train_landmarks/140220.parquet,140220,2392,89131,10 downing street london
train_landmarks/932776.parquet,932776,2393,28301,model vision frequency
train_landmarks/137367.parquet,137367,2394,56566,hello recognition
train_landmarks/330906.parquet,330906,2395,82357,project project lazy american
train_landmarks/238193.parquet,238193,2396,91070,(555) 234-5678
train_landmarks/641386.parquet,641386,2397,93810,the brown language
train_landmarks/318677.parquet,318677,2398,44671,fingerspelling hello
train_landmarks/498763.parquet,498763,2399,40021,vision project vision
train_landmarks/288811.parquet,288811,2400,82512,frequency deep american
train_landmarks/760631.parquet,760631,2401,76784,1600 pennsylvania ave
train_landmarks/669810.parquet,669810,2402,46048,742 evergreen terrace
train_landmarks/329565.parquet,329565,2403,30969,http://weather.com/today
train_landmarks/539976.parquet,539976,2404,42325,hello science over guatemala
train_landmarks/792702.parquet,792702,2405,42325,https://youtube.com/watch
train_landmarks/839056.parquet,839056,2406,69429,www.nytimes.com/world
train_landmarks/980930.parquet,980930,2407,19116,recognition deep the hello dog
train_landmarks/992325.parquet,992325,2408,44671,language welcome
train_landmarks/807777.parquet,807777,2409,98696,456 elm st suite 200
train_landmarks/948330.parquet,948330,2410,46421,456 elm st suite 200
train_landmarks/373363.parquet,373363,2411,54118,american dog computer quick
train_landmarks/569380.parquet,569380,2412,57819,221b baker street
train_landmarks/274624.parquet,274624,2413,61856,guatemala computer
train_landmarks/445698.parquet,445698,2414,93320,https://apple.com/ios
train_landmarks/120887.parquet,120887,2415,23434,accuracy brown
train_landmarks/838963.parquet,838963,2416,88104,1600 pennsylvania ave
train_landmarks/904092.parquet,904092,2417,60432,vision sign
train_landmarks/479687.parquet,479687,2418,42325,model fingerspelling learning
train_landmarks/404283.parquet,404283,2419,25014,welcome dog dataset guatemala
train_landmarks/137827.parquet,137827,2420,89840,fox fingerspelling american over world dog
train_landmarks/909932.parquet,909932,2421,71348,hello jumps
train_landmarks/922139.parquet,922139,2422,87397,456 elm st suite 200
train_landmarks/237566.parquet,237566,2423,92397,frequency brown american learning
train_landmarks/868227.parquet,868227,2424,46421,742 evergreen terrace
train_landmarks/878727.parquet,878727,2425,10851,university fox recognition asl model frequency
train_landmarks/922892.parquet,922892,2426,83563,221b baker street
train_landmarks/879598.parquet,879598,2427,38785,http://weather.com/today
train_landmarks/581197.parquet,581197,2428,42325,+1-555-987-6543
train_landmarks/787919.parquet,787919,2429,31417,world fox guatemala language project
train_landmarks/837022.parquet,837022,2430,95181,asl engineering dataset
train_landmarks/490843.parquet,490843,2431,62350,science recognition
train_landmarks/126101.parquet,126101,2432,52504,123 main street apt 4b
train_landmarks/568802.parquet,568802,2433,85674,221b baker street
train_landmarks/214240.parquet,214240,2434,62581,jumps computer brown language
train_landmarks/317770.parquet,317770,2435,59797,recognition brown fingerspelling model sign
train_landmarks/980436.parquet,980436,2436,20328,quick american fingerspelling
train_landmarks/876482.parquet,876482,2437,99192,123 main street apt 4b
train_landmarks/138283.parquet,138283,2438,55082,221b baker street
train_landmarks/727814.parquet,727814,2439,69429,742 evergreen terrace
train_landmarks/381170.parquet,381170,2440,30033,accuracy language welcome vision welcome learning
train_landmarks/639420.parquet,639420,2441,51245,university science
train_landmarks/181269.parquet,181269,2442,23434,742 evergreen terrace
train_landmarks/269966.parquet,269966,2443,95181,over science
train_landmarks/219185.parquet,219185,2444,93810,https://youtube.com/watch
train_landmarks/619238.parquet,619238,2445,52504,+1-800-222-3344
train_landmarks/650071.parquet,650071,2446,46434,10 downing street london
train_landmarks/673660.parquet,673660,2447,13478,742 evergreen terrace
train_landmarks/411166.parquet,411166,2448,88104,http://weather.com/today
train_landmarks/854914.parquet,854914,2449,44993,sign computer asl vision
train_landmarks/248391.parquet,248391,2450,38221,(415) 555-8833
train_landmarks/314393.parquet,314393,2451,58520,sign hello project university
train_landmarks/883039.parquet,883039,2452,45093,over learning project
train_landmarks/433120.parquet,433120,2453,87397,123 main street apt 4b
train_landmarks/593348.parquet,593348,2454,22676,https://www.google.com
train_landmarks/426988.parquet,426988,2455,86484,deep sign welcome
train_landmarks/164076.parquet,164076,2456,69429,over to language dog computer university
train_landmarks/387918.parquet,387918,2457,89840,+1-800-222-3344
train_landmarks/546867.parquet,546867,2458,40512,asl evaluation university language
train_landmarks/772765.parquet,772765,2459,39256,recognition fox
train_landmarks/326955.parquet,326955,2460,64987,+1-555-987-6543
train_landmarks/691040.parquet,691040,2461,46434,https://apple.com/ios
train_landmarks/715846.parquet,715846,2462,54597,welcome evaluation recognition world accuracy
train_landmarks/745804.parquet,745804,2463,28289,lazy the dog dog university
train_landmarks/744794.parquet,744794,2464,76784,www.cdc.gov/covid
train_landmarks/598560.parquet,598560,2465,99166,brown engineering jumps accuracy
train_landmarks/546070.parquet,546070,2466,80644,world evaluation dog asl
train_landmarks/911513.parquet,911513,2467,74686,456 elm st suite 200
train_landmarks/472235.parquet,472235,2468,38221,221b baker street
train_landmarks/432369.parquet,432369,2469,71348,model guatemala guatemala model learning model
train_landmarks/687712.parquet,687712,2470,10851,10 downing street london
train_landmarks/927289.parquet,927289,2471,60019,(555) 234-5678
train_landmarks/685005.parquet,685005,2472,25014,over frequency frequency evaluation
train_landmarks/462798.parquet,462798,2473,51245,computer frequency university
train_landmarks/300261.parquet,300261,2474,11504,123 main street apt 4b
train_landmarks/883945.parquet,883945,2475,80010,science sign the
train_landmarks/425468.parquet,425468,2476,59797,1600 pennsylvania ave
train_landmarks/366086.parquet,366086,2477,40512,computer quick
train_landmarks/388307.parquet,388307,2478,45382,quick deep hello computer engineering
train_landmarks/963319.parquet,963319,2479,21395,www.nytimes.com/world
train_landmarks/737058.parquet,737058,2480,38785,over dataset vision language fox
train_landmarks/487484.parquet,487484,2481,11504,www.cdc.gov/covid
train_landmarks/839916.parquet,839916,2482,46463,brown model fox
train_landmarks/564915.parquet,564915,2483,80644,welcome frequency
train_landmarks/390956.parquet,390956,2484,99192,vision dataset welcome
train_landmarks/804633.parquet,804633,2485,60432,analysis over engineering learning
train_landmarks/484047.parquet,484047,2486,88104,fingerspelling deep brown lazy evaluation
train_landmarks/254679.parquet,254679,2487,56566,over quick
train_landmarks/738088.parquet,738088,2488,11504,1-888-456-7890
train_landmarks/529131.parquet,529131,2489,28726,(415) 555-8833
train_landmarks/983031.parquet,983031,2490,64987,welcome language
train_landmarks/223432.parquet,223432,2491,93320,221b baker street
train_landmarks/976720.parquet,976720,2492,37869,university brown university lazy brown welcome
train_landmarks/757063.parquet,757063,2493,54118,accuracy dog asl
train_landmarks/185222.parquet,185222,2494,17331,welcome deep guatemala
train_landmarks/300368.parquet,300368,2495,51347,welcome asl world
train_landmarks/392514.parquet,392514,2496,64987,www.amazon.com/deals
train_landmarks/534092.parquet,534092,2497,32431,800-555-0199
train_landmarks/386050.parquet,386050,2498,28301,engineering hello science
train_landmarks/196901.parquet,196901,2499,58520,221b baker street
train_landmarks/481276.parquet,481276,2500,24592,10 downing street london
train_landmarks/648450.parquet,648450,2501,24592,10 downing street london
train_landmarks/820413.parquet,820413,2502,48427,guatemala recognition
train_landmarks/263267.parquet,263267,2503,88172,engineering science vision
train_landmarks/815147.parquet,815147,2504,46421,to guatemala language
train_landmarks/879230.parquet,879230,2505,52504,american lazy
train_landmarks/328856.parquet,328856,2506,46421,742 evergreen terrace
train_landmarks/220898.parquet,220898,2507,70217,project project welcome
train_landmarks/691155.parquet,691155,2508,76784,221b baker street
train_landmarks/135494.parquet,135494,2509,75435,742 evergreen terrace
train_landmarks/760049.parquet,760049,2510,14165,742 evergreen terrace
train_landmarks/266461.parquet,266461,2511,20458,1600 pennsylvania ave
train_landmarks/453026.parquet,453026,2512,42098,lazy to
train_landmarks/270651.parquet,270651,2513,57819,123 main street apt 4b
train_landmarks/888576.parquet,888576,2514,14207,www.nytimes.com/world
train_landmarks/722408.parquet,722408,2515,40495,dataset project hello learning recognition
train_landmarks/605998.parquet,605998,2516,57052,quick university dog university
train_landmarks/631586.parquet,631586,2517,19116,https://youtube.com/watch
train_landmarks/911673.parquet,911673,2518,99192,1-888-456-7890
train_landmarks/520216.parquet,520216,2519,25014,american university analysis
train_landmarks/831519.parquet,831519,2520,39256,guatemala language jumps
train_landmarks/795632.parquet,795632,2521,28726,742 evergreen terrace
train_landmarks/194789.parquet,194789,2522,91070,123 main street apt 4b
train_landmarks/940422.parquet,940422,2523,35203,456 elm st suite 200
train_landmarks/273373.parquet,273373,2524,70142,10 downing street london
train_landmarks/254655.parquet,254655,2525,99192,800-555-0199
train_landmarks/415917.parquet,415917,2526,60019,123 main street apt 4b
train_landmarks/347656.parquet,347656,2527,42087,brown hello deep model asl
train_landmarks/600531.parquet,600531,2528,48427,(555) 234-5678
train_landmarks/593670.parquet,593670,2529,83579,learning university deep model learning
train_landmarks/900122.parquet,900122,2530,23396,jumps evaluation jumps evaluation analysis
train_landmarks/959613.parquet,959613,2531,32431,recognition sign to deep engineering
train_landmarks/128202.parquet,128202,2532,48427,1-888-456-7890
train_landmarks/286814.parquet,286814,2533,40021,to american the recognition
train_landmarks/517522.parquet,517522,2534,38221,jumps lazy lazy
train_landmarks/556550.parquet,556550,2535,46463,https://youtube.com/watch
train_landmarks/785815.parquet,785815,2536,99192,800-555-0199
train_landmarks/398806.parquet,398806,2537,13905,10 downing street london
train_landmarks/961169.parquet,961169,2538,58520,1600 pennsylvania ave
train_landmarks/542223.parquet,542223,2539,46421,(212) 555-4321
train_landmarks/815485.parquet,815485,2540,42098,project brown
train_landmarks/819391.parquet,819391,2541,42098,accuracy the welcome language asl
train_landmarks/576779.parquet,576779,2542,68878,https://youtube.com/watch
train_landmarks/542978.parquet,542978,2543,16175,science dataset fox accuracy
train_landmarks/572142.parquet,572142,2544,57052,learning model engineering fox over
train_landmarks/544664.parquet,544664,2545,60019,frequency brown the guatemala learning
train_landmarks/370361.parquet,370361,2546,70589,+1-800-222-3344
train_landmarks/744371.parquet,744371,2547,40512,science project quick frequency project
train_landmarks/152505.parquet,152505,2548,70589,hello to world model
train_landmarks/669113.parquet,669113,2549,56566,+1-555-987-6543
train_landmarks/474221.parquet,474221,2550,28726,456 elm st suite 200
train_landmarks/440401.parquet,440401,2551,57052,(555) 234-5678
train_landmarks/724719.parquet,724719,2552,82357,https://www.google.com
train_landmarks/657075.parquet,657075,2553,92240,over sign jumps
train_landmarks/251670.parquet,251670,2554,60019,analysis to project computer university
train_landmarks/975474.parquet,975474,2555,30033,language quick welcome quick computer learning
train_landmarks/951943.parquet,951943,2556,47930,american learning to vision world
train_landmarks/520205.parquet,520205,2557,42325,http://weather.com/today
train_landmarks/856646.parquet,856646,2558,93320,model science
train_landmarks/222080.parquet,222080,2559,31319,hello welcome american frequency hello accuracy
train_landmarks/492415.parquet,492415,2560,30926,evaluation science dataset
train_landmarks/916116.parquet,916116,2561,59735,1-888-456-7890
train_landmarks/804055.parquet,804055,2562,46463,https://youtube.com/watch
train_landmarks/290065.parquet,290065,2563,26361,the lazy evaluation vision
train_landmarks/388115.parquet,388115,2564,74686,1-888-456-7890
train_landmarks/928645.parquet,928645,2565,65392,fox dog learning dog
train_landmarks/741084.parquet,741084,2566,21395,(415) 555-8833
train_landmarks/738914.parquet,738914,2567,98696,fingerspelling recognition sign project language to
train_landmarks/435169.parquet,435169,2568,18326,456 elm st suite 200
train_landmarks/259151.parquet,259151,2569,58520,10 downing street london
train_landmarks/623212.parquet,623212,2570,96673,(415) 555-8833
train_landmarks/278271.parquet,278271,2571,62350,fingerspelling vision language brown
train_landmarks/610172.parquet,610172,2572,28131,brown dataset sign welcome
train_landmarks/887331.parquet,887331,2573,26361,10 downing street london
train_landmarks/590083.parquet,590083,2574,18675,www.cdc.gov/covid
train_landmarks/754589.parquet,754589,2575,28301,456 elm st suite 200
train_landmarks/535571.parquet,535571,2576,40021,dataset world
train_landmarks/880195.parquet,880195,2577,81426,123 main street apt 4b
train_landmarks/493514.parquet,493514,2578,24371,asl guatemala jumps
train_landmarks/514973.parquet,514973,2579,19358,(555) 234-5678
train_landmarks/698469.parquet,698469,2580,57052,+1-800-222-3344
train_landmarks/266846.parquet,266846,2581,20458,language to dog analysis world
train_landmarks/907927.parquet,907927,2582,42098,742 evergreen terrace
train_landmarks/796500.parquet,796500,2583,88907,american sign dog fingerspelling
train_landmarks/893591.parquet,893591,2584,44718,456 elm st suite 200
train_landmarks/264592.parquet,264592,2585,93810,fingerspelling the model
train_landmarks/899995.parquet,899995,2586,47930,123 main street apt 4b
train_landmarks/816546.parquet,816546,2587,37460,recognition fingerspelling fingerspelling lazy the
train_landmarks/335082.parquet,335082,2588,23434,https://apple.com/ios
train_landmarks/184416.parquet,184416,2589,82512,guatemala welcome hello language project
train_landmarks/195385.parquet,195385,2590,46421,dataset analysis
train_landmarks/785890.parquet,785890,2591,44671,221b baker street
train_landmarks/302408.parquet,302408,2592,44671,project learning dog
train_landmarks/595104.parquet,595104,2593,30379,welcome world analysis
train_landmarks/317062.parquet,317062,2594,93810,hello recognition engineering accuracy engineering
train_landmarks/624513.parquet,624513,2595,75435,model frequency analysis hello learning brown
train_landmarks/884972.parquet,884972,2596,42953,https://youtube.com/watch
train_landmarks/645015.parquet,645015,2597,46421,brown fingerspelling hello learning fox
train_landmarks/914320.parquet,914320,2598,14207,learning science model quick accuracy model
train_landmarks/860375.parquet,860375,2599,61856,fingerspelling university computer science
train_landmarks/925673.parquet,925673,2600,76784,www.cdc.gov/covid
train_landmarks/988217.parquet,988217,2601,47930,+1-800-222-3344
train_landmarks/707976.parquet,707976,2602,44671,learning asl
train_landmarks/788428.parquet,788428,2603,80284,123 main street apt 4b
train_landmarks/934197.parquet,934197,2604,37869,1600 pennsylvania ave
train_landmarks/201843.parquet,201843,2605,57447,10 downing street london
train_landmarks/177667.parquet,177667,2606,46463,10 downing street london
train_landmarks/615455.parquet,615455,2607,91070,to deep welcome science
train_landmarks/370450.parquet,370450,2608,30969,quick jumps sign the analysis language
train_landmarks/848476.parquet,848476,2609,86484,(415) 555-8833
train_landmarks/265992.parquet,265992,2610,99166,project science world dataset
train_landmarks/828846.parquet,828846,2611,70142,http://weather.com/today
train_landmarks/502890.parquet,502890,2612,35203,800-555-0199
train_landmarks/129365.parquet,129365,2613,59735,world recognition hello learning dataset engineering
train_landmarks/525558.parquet,525558,2614,14207,123 main street apt 4b
train_landmarks/460934.parquet,460934,2615,87397,frequency welcome asl frequency american over
train_landmarks/650750.parquet,650750,2616,89840,456 elm st suite 200
train_landmarks/498325.parquet,498325,2617,51245,http://wikipedia.org/asl
train_landmarks/458997.parquet,458997,2618,38893,800-555-0199
train_landmarks/335206.parquet,335206,2619,42325,1-888-456-7890
train_landmarks/915807.parquet,915807,2620,70589,vision to
train_landmarks/581633.parquet,581633,2621,60019,model model
train_landmarks/921126.parquet,921126,2622,39256,dataset to quick
train_landmarks/756830.parquet,756830,2623,59797,www.amazon.com/deals
train_landmarks/632064.parquet,632064,2624,45382,https://apple.com/ios
train_landmarks/660730.parquet,660730,2625,89131,frequency engineering quick language hello hello
train_landmarks/875354.parquet,875354,2626,37869,(415) 555-8833
train_landmarks/999177.parquet,999177,2627,28726,(415) 555-8833
train_landmarks/852227.parquet,852227,2628,13905,742 evergreen terrace
train_landmarks/738727.parquet,738727,2629,56566,+1-555-987-6543
train_landmarks/195797.parquet,195797,2630,56566,analysis jumps
train_landmarks/417467.parquet,417467,2631,92397,https://github.com/kaggle
train_landmarks/355790.parquet,355790,2632,18326,project fox analysis quick accuracy brown
train_landmarks/601532.parquet,601532,2633,28131,http://wikipedia.org/asl
train_landmarks/599159.parquet,599159,2634,18675,1-888-456-7890
train_landmarks/718005.parquet,718005,2635,37869,(212) 555-4321
train_landmarks/414531.parquet,414531,2636,69429,science analysis learning science vision recognition
train_landmarks/765775.parquet,765775,2637,99192,engineering hello fingerspelling hello computer
train_landmarks/444603.parquet,444603,2638,18675,world vision hello sign to deep
train_landmarks/627499.parquet,627499,2639,75435,456 elm st suite 200
train_landmarks/216884.parquet,216884,2640,21915,american welcome engineering
train_landmarks/593361.parquet,593361,2641,22676,123 main street apt 4b
train_landmarks/168744.parquet,168744,2642,86484,fox frequency to deep
train_landmarks/962514.parquet,962514,2643,10851,+1-800-222-3344
train_landmarks/213992.parquet,213992,2644,20328,welcome welcome evaluation
train_landmarks/594797.parquet,594797,2645,26361,http://weather.com/today
train_landmarks/739135.parquet,739135,2646,11504,(415) 555-8833
train_landmarks/262107.parquet,262107,2647,74686,123 main street apt 4b
train_landmarks/903625.parquet,903625,2648,37653,123 main street apt 4b
train_landmarks/993761.parquet,993761,2649,75435,(415) 555-8833
train_landmarks/264765.parquet,264765,2650,32431,221b baker street
train_landmarks/596789.parquet,596789,2651,60019,evaluation hello university project frequency
train_landmarks/418366.parquet,418366,2652,31319,1600 pennsylvania ave
train_landmarks/449933.parquet,449933,2653,91070,science science asl fingerspelling
train_landmarks/899248.parquet,899248,2654,64987,guatemala to
train_landmarks/944492.parquet,944492,2655,42325,www.nytimes.com/world
train_landmarks/904308.parquet,904308,2656,75435,+1-800-222-3344
train_landmarks/838552.parquet,838552,2657,57400,(415) 555-8833
train_landmarks/851485.parquet,851485,2658,42098,+1-800-222-3344
train_landmarks/491617.parquet,491617,2659,76784,https://youtube.com/watch
train_landmarks/929339.parquet,929339,2660,24592,221b baker street
train_landmarks/687173.parquet,687173,2661,84341,computer science world
train_landmarks/178042.parquet,178042,2662,42953,+1-555-987-6543
train_landmarks/857962.parquet,857962,2663,23238,10 downing street london
train_landmarks/721742.parquet,721742,2664,30379,742 evergreen terrace
train_landmarks/919176.parquet,919176,2665,84341,hello engineering recognition quick quick
train_landmarks/459338.parquet,459338,2666,57447,+1-555-987-6543
train_landmarks/559406.parquet,559406,2667,89840,project analysis
train_landmarks/177582.parquet,177582,2668,42953,10 downing street london
train_landmarks/533877.parquet,533877,2669,28289,recognition language language
train_landmarks/559550.parquet,559550,2670,58520,1-888-456-7890
train_landmarks/673136.parquet,673136,2671,37869,language accuracy deep jumps
train_landmarks/907304.parquet,907304,2672,21915,www.amazon.com/deals
train_landmarks/994889.parquet,994889,2673,87236,456 elm st suite 200
train_landmarks/883572.parquet,883572,2674,86622,welcome dog to
train_landmarks/308651.parquet,308651,2675,89840,hello dataset the fox
train_landmarks/530732.parquet,530732,2676,35203,456 elm st suite 200
train_landmarks/936865.parquet,936865,2677,13478,https://apple.com/ios
train_landmarks/163214.parquet,163214,2678,21915,asl language engineering guatemala frequency welcome
train_landmarks/664982.parquet,664982,2679,81426,221b baker street
train_landmarks/449964.parquet,449964,2680,44671,language engineering
train_landmarks/918506.parquet,918506,2681,55082,www.cdc.gov/covid
train_landmarks/937383.parquet,937383,2682,16175,language project
train_landmarks/781756.parquet,781756,2683,62581,evaluation science
train_landmarks/390313.parquet,390313,2684,44438,10 downing street london
train_landmarks/259598.parquet,259598,2685,23396,over language
train_landmarks/576102.parquet,576102,2686,99733,analysis fingerspelling world computer asl
train_landmarks/108952.parquet,108952,2687,80010,(212) 555-4321
train_landmarks/257805.parquet,257805,2688,28131,800-555-0199
train_landmarks/712763.parquet,712763,2689,99192,sign vision lazy model
train_landmarks/471872.parquet,471872,2690,24592,over evaluation lazy over the recognition
train_landmarks/985730.parquet,985730,2691,62581,www.cdc.gov/covid
train_landmarks/666310.parquet,666310,2692,28289,742 evergreen terrace
train_landmarks/443367.parquet,443367,2693,89840,vision lazy over
train_landmarks/384245.parquet,384245,2694,57052,800-555-0199
train_landmarks/909862.parquet,909862,2695,44671,123 main street apt 4b
train_landmarks/560996.parquet,560996,2696,82357,https://youtube.com/watch
train_landmarks/126658.parquet,126658,2697,38785,10 downing street london
train_landmarks/995681.parquet,995681,2698,26361,quick science lazy evaluation recognition
train_landmarks/230704.parquet,230704,2699,75435,www.cdc.gov/covid
train_landmarks/631316.parquet,631316,2700,16006,jumps dataset fox american recognition dataset
train_landmarks/432272.parquet,432272,2701,98696,123 main street apt 4b
train_landmarks/195201.parquet,195201,2702,42325,project american guatemala the
train_landmarks/498489.parquet,498489,2703,57052,guatemala fox to welcome brown
train_landmarks/988991.parquet,988991,2704,40512,engineering brown vision
train_landmarks/508615.parquet,508615,2705,45093,guatemala world
train_landmarks/778805.parquet,778805,2706,26361,jumps hello
train_landmarks/692004.parquet,692004,2707,23434,https://apple.com/ios
train_landmarks/263324.parquet,263324,2708,91070,www.nytimes.com/world
train_landmarks/899316.parquet,899316,2709,60432,https://github.com/kaggle
train_landmarks/875788.parquet,875788,2710,40021,computer model fingerspelling over
train_landmarks/643791.parquet,643791,2711,62581,asl university evaluation
train_landmarks/131436.parquet,131436,2712,52504,1600 pennsylvania ave
train_landmarks/523262.parquet,523262,2713,10851,computer the the the
train_landmarks/593357.parquet,593357,2714,47930,www.cdc.gov/covid
train_landmarks/527456.parquet,527456,2715,94259,https://youtube.com/watch
train_landmarks/899541.parquet,899541,2716,13905,over fox to dog fingerspelling brown
train_landmarks/598796.parquet,598796,2717,22676,456 elm st suite 200
train_landmarks/997728.parquet,997728,2718,22676,jumps recognition vision welcome project
train_landmarks/369338.parquet,369338,2719,40512,https://apple.com/ios
train_landmarks/483341.parquet,483341,2720,11504,project dataset
train_landmarks/993353.parquet,993353,2721,98696,dog jumps guatemala
train_landmarks/336508.parquet,336508,2722,56566,learning world
train_landmarks/744889.parquet,744889,2723,87236,https://github.com/kaggle
train_landmarks/362847.parquet,362847,2724,42953,(415) 555-8833
train_landmarks/415734.parquet,415734,2725,38657,456 elm st suite 200
train_landmarks/800822.parquet,800822,2726,19116,recognition analysis evaluation jumps fingerspelling vision
train_landmarks/707511.parquet,707511,2727,75435,dataset accuracy
train_landmarks/762574.parquet,762574,2728,84341,https://github.com/kaggle
train_landmarks/291021.parquet,291021,2729,47930,https://www.google.com
train_landmarks/975958.parquet,975958,2730,82357,fingerspelling the project
train_landmarks/999343.parquet,999343,2731,19116,10 downing street london
train_landmarks/956675.parquet,956675,2732,59797,science dog computer language fox
train_landmarks/392872.parquet,392872,2733,65392,university to analysis hello accuracy american
train_landmarks/675564.parquet,675564,2734,57819,742 evergreen terrace
train_landmarks/800462.parquet,800462,2735,22676,hello evaluation science the sign fox
train_landmarks/579653.parquet,579653,2736,57052,language world
train_landmarks/464510.parquet,464510,2737,40021,456 elm st suite 200
train_landmarks/680175.parquet,680175,2738,42953,guatemala engineering
train_landmarks/291482.parquet,291482,2739,93886,221b baker street
train_landmarks/304344.parquet,304344,2740,87397,https://github.com/kaggle
train_landmarks/913602.parquet,913602,2741,87397,www.amazon.com/deals
train_landmarks/651105.parquet,651105,2742,60019,language sign quick
train_landmarks/659054.parquet,659054,2743,89131,123 main street apt 4b
train_landmarks/827391.parquet,827391,2744,65302,over over deep computer frequency dog
train_landmarks/887589.parquet,887589,2745,45382,guatemala computer frequency world guatemala guatemala
train_landmarks/410899.parquet,410899,2746,99733,221b baker street
train_landmarks/541727.parquet,541727,2747,40021,welcome learning world brown learning
train_landmarks/800574.parquet,800574,2748,59797,10 downing street london
train_landmarks/742900.parquet,742900,2749,13278,quick fingerspelling
train_landmarks/250776.parquet,250776,2750,79352,123 main street apt 4b
train_landmarks/901733.parquet,901733,2751,23396,asl over fingerspelling
train_landmarks/720145.parquet,720145,2752,62581,+1-800-222-3344
train_landmarks/467428.parquet,467428,2753,84341,http://weather.com/today
train_landmarks/247262.parquet,247262,2754,93886,learning recognition
train_landmarks/804975.parquet,804975,2755,44671,(212) 555-4321
train_landmarks/249326.parquet,249326,2756,22676,the fox welcome fox
train_landmarks/759077.parquet,759077,2757,45382,vision world jumps
train_landmarks/878999.parquet,878999,2758,16175,brown engineering university
train_landmarks/457959.parquet,457959,2759,60019,asl analysis
train_landmarks/218318.parquet,218318,2760,22280,recognition frequency deep accuracy evaluation
train_landmarks/335545.parquet,335545,2761,81426,engineering recognition
train_landmarks/728146.parquet,728146,2762,60432,frequency vision model
train_landmarks/553485.parquet,553485,2763,75435,10 downing street london
train_landmarks/210299.parquet,210299,2764,24371,model dataset analysis vision
train_landmarks/444802.parquet,444802,2765,30926,1600 pennsylvania ave
train_landmarks/473986.parquet,473986,2766,59735,http://wikipedia.org/asl
train_landmarks/847734.parquet,847734,2767,37653,recognition dog science
train_landmarks/378663.parquet,378663,2768,45093,www.nytimes.com/world
train_landmarks/687905.parquet,687905,2769,96673,asl sign university asl recognition recognition
train_landmarks/932149.parquet,932149,2770,13278,language fox
train_landmarks/901144.parquet,901144,2771,70589,1-888-456-7890
train_landmarks/805282.parquet,805282,2772,22156,fingerspelling asl dataset to accuracy frequency
train_landmarks/701195.parquet,701195,2773,46434,guatemala accuracy
train_landmarks/758629.parquet,758629,2774,88104,deep the language the guatemala
train_landmarks/203603.parquet,203603,2775,19116,(212) 555-4321
train_landmarks/940848.parquet,940848,2776,76784,www.nytimes.com/world
train_landmarks/990691.parquet,990691,2777,46463,model to engineering hello
train_landmarks/567672.parquet,567672,2778,62581,project engineering hello accuracy
train_landmarks/319551.parquet,319551,2779,11504,vision dataset dataset evaluation over american
train_landmarks/193186.parquet,193186,2780,13905,221b baker street
train_landmarks/664380.parquet,664380,2781,93810,welcome welcome university
train_landmarks/194825.parquet,194825,2782,40512,computer vision dataset lazy
train_landmarks/997555.parquet,997555,2783,65302,to science to over
train_landmarks/276730.parquet,276730,2784,61856,742 evergreen terrace
train_landmarks/299008.parquet,299008,2785,99192,learning language dataset sign fingerspelling deep
train_landmarks/308267.parquet,308267,2786,40512,https://youtube.com/watch
train_landmarks/993605.parquet,993605,2787,59797,(415) 555-8833
train_landmarks/456687.parquet,456687,2788,40512,jumps asl model dataset frequency
train_landmarks/937274.parquet,937274,2789,95909,1-888-456-7890
train_landmarks/186205.parquet,186205,2790,24592,123 main street apt 4b
train_landmarks/564032.parquet,564032,2791,59735,language deep world
train_landmarks/618513.parquet,618513,2792,83000,(415) 555-8833
train_landmarks/329612.parquet,329612,2793,17331,800-555-0199
train_landmarks/561746.parquet,561746,2794,38221,jumps world guatemala
train_landmarks/999186.parquet,999186,2795,37869,fingerspelling language language fingerspelling model
train_landmarks/709113.parquet,709113,2796,65302,221b baker street
train_landmarks/505907.parquet,505907,2797,10851,accuracy hello asl analysis
train_landmarks/346106.parquet,346106,2798,24371,1600 pennsylvania ave
train_landmarks/180782.parquet,180782,2799,75435,welcome model learning
train_landmarks/934202.parquet,934202,2800,24592,fox university engineering
train_landmarks/842762.parquet,842762,2801,23396,1600 pennsylvania ave
train_landmarks/209898.parquet,209898,2802,54597,dog to learning engineering model dog
train_landmarks/382206.parquet,382206,2803,22676,project science
train_landmarks/719774.parquet,719774,2804,54118,123 main street apt 4b
train_landmarks/123189.parquet,123189,2805,98696,vision analysis project learning brown to
train_landmarks/853788.parquet,853788,2806,69429,+1-555-987-6543
train_landmarks/863112.parquet,863112,2807,75435,www.nytimes.com/world
train_landmarks/551758.parquet,551758,2808,93886,engineering dog science
train_landmarks/664548.parquet,664548,2809,62581,welcome language frequency guatemala
train_landmarks/251239.parquet,251239,2810,65302,welcome the computer learning to fox
train_landmarks/174462.parquet,174462,2811,60019,fingerspelling over lazy engineering evaluation engineering
train_landmarks/976336.parquet,976336,2812,76784,(415) 555-8833
train_landmarks/619018.parquet,619018,2813,66155,brown guatemala language guatemala
train_landmarks/506271.parquet,506271,2814,38746,deep jumps to fox to
train_landmarks/841618.parquet,841618,2815,18326,1600 pennsylvania ave
train_landmarks/623954.parquet,623954,2816,89840,http://weather.com/today
train_landmarks/520927.parquet,520927,2817,10851,+1-555-987-6543
train_landmarks/778664.parquet,778664,2818,83000,science fox hello analysis
train_landmarks/163859.parquet,163859,2819,61856,deep fox
train_landmarks/101812.parquet,101812,2820,75435,the welcome welcome accuracy language asl
train_landmarks/172759.parquet,172759,2821,56566,vision american sign
train_landmarks/462018.parquet,462018,2822,98696,www.cdc.gov/covid
train_landmarks/728850.parquet,728850,2823,91070,123 main street apt 4b
train_landmarks/562104.parquet,562104,2824,99192,american accuracy science
train_landmarks/752300.parquet,752300,2825,70589,https://apple.com/ios
train_landmarks/932199.parquet,932199,2826,94939,university fox deep recognition
train_landmarks/275516.parquet,275516,2827,22676,lazy over computer to project
train_landmarks/790474.parquet,790474,2828,92397,evaluation guatemala deep brown hello
train_landmarks/248249.parquet,248249,2829,92240,+1-800-222-3344
train_landmarks/614607.parquet,614607,2830,51347,(212) 555-4321
train_landmarks/143610.parquet,143610,2831,83579,456 elm st suite 200
train_landmarks/950297.parquet,950297,2832,69429,fox sign vision welcome sign language
train_landmarks/657764.parquet,657764,2833,52504,vision world jumps evaluation world computer
train_landmarks/523874.parquet,523874,2834,23396,742 evergreen terrace
train_landmarks/614290.parquet,614290,2835,84341,http://wikipedia.org/asl
train_landmarks/437132.parquet,437132,2836,20458,asl american evaluation world deep quick
train_landmarks/971636.parquet,971636,2837,59823,http://wikipedia.org/asl
train_landmarks/422038.parquet,422038,2838,40021,sign vision dataset sign quick world
train_landmarks/297382.parquet,297382,2839,18326,221b baker street
train_landmarks/154982.parquet,154982,2840,98696,dataset sign over asl learning
train_landmarks/324912.parquet,324912,2841,38746,www.cdc.gov/covid
train_landmarks/332329.parquet,332329,2842,55082,learning american
train_landmarks/698889.parquet,698889,2843,59823,quick asl
train_landmarks/822877.parquet,822877,2844,46048,http://weather.com/today
train_landmarks/104968.parquet,104968,2845,44671,engineering engineering model asl
train_landmarks/978483.parquet,978483,2846,58520,123 main street apt 4b
train_landmarks/248551.parquet,248551,2847,23434,deep analysis fingerspelling language frequency computer
train_landmarks/314828.parquet,314828,2848,31319,fingerspelling the model asl
train_landmarks/983566.parquet,983566,2849,88172,hello the deep quick evaluation
train_landmarks/235149.parquet,235149,2850,22280,brown fox over
train_landmarks/929622.parquet,929622,2851,44718,123 main street apt 4b
train_landmarks/663022.parquet,663022,2852,96673,10 downing street london
train_landmarks/368958.parquet,368958,2853,40021,world world frequency hello evaluation
train_landmarks/514089.parquet,514089,2854,59797,guatemala language american
train_landmarks/233289.parquet,233289,2855,81426,project fox
train_landmarks/339751.parquet,339751,2856,64987,https://youtube.com/watch
train_landmarks/293439.parquet,293439,2857,21395,http://wikipedia.org/asl
train_landmarks/353495.parquet,353495,2858,46463,1600 pennsylvania ave
train_landmarks/559390.parquet,559390,2859,14207,recognition quick university evaluation lazy
train_landmarks/320653.parquet,320653,2860,24371,language guatemala
train_landmarks/457928.parquet,457928,2861,62350,university to lazy vision
train_landmarks/510320.parquet,510320,2862,45093,1600 pennsylvania ave
train_landmarks/630154.parquet,630154,2863,22280,www.cdc.gov/covid
train_landmarks/757681.parquet,757681,2864,55082,(415) 555-8833
train_landmarks/856213.parquet,856213,2865,44671,456 elm st suite 200
train_landmarks/172753.parquet,172753,2866,23396,sign language jumps guatemala quick deep
train_landmarks/529836.parquet,529836,2867,56566,computer over
train_landmarks/437281.parquet,437281,2868,94939,123 main street apt 4b
train_landmarks/208834.parquet,208834,2869,48427,asl language
train_landmarks/953232.parquet,953232,2870,82357,221b baker street
train_landmarks/225453.parquet,225453,2871,28131,language brown
train_landmarks/780381.parquet,780381,2872,83579,university vision world computer science
train_landmarks/884407.parquet,884407,2873,44671,(212) 555-4321
train_landmarks/742366.parquet,742366,2874,99192,(415) 555-8833
train_landmarks/577085.parquet,577085,2875,60019,123 main street apt 4b
train_landmarks/576287.parquet,576287,2876,80284,dog world dataset guatemala
train_landmarks/507321.parquet,507321,2877,82357,asl the accuracy
train_landmarks/250977.parquet,250977,2878,58520,https://youtube.com/watch
train_landmarks/845208.parquet,845208,2879,18326,engineering jumps computer
train_landmarks/318209.parquet,318209,2880,24371,analysis project science guatemala project
train_landmarks/454210.parquet,454210,2881,13905,456 elm st suite 200
train_landmarks/239580.parquet,239580,2882,35203,hello learning language
train_landmarks/864733.parquet,864733,2883,89840,to project frequency accuracy asl welcome
train_landmarks/511911.parquet,511911,2884,58520,http://wikipedia.org/asl
train_landmarks/669197.parquet,669197,2885,10851,analysis guatemala frequency fingerspelling
train_landmarks/309096.parquet,309096,2886,21915,1-888-456-7890
train_landmarks/264332.parquet,264332,2887,62581,science guatemala the lazy language over
train_landmarks/882208.parquet,882208,2888,76784,vision language accuracy
train_landmarks/258002.parquet,258002,2889,21915,456 elm st suite 200
train_landmarks/357633.parquet,357633,2890,61856,evaluation american computer
train_landmarks/900475.parquet,900475,2891,59823,deep evaluation
train_landmarks/189915.parquet,189915,2892,93886,https://www.google.com
train_landmarks/447611.parquet,447611,2893,64987,university to dataset guatemala
train_landmarks/422501.parquet,422501,2894,62581,computer welcome analysis science
train_landmarks/455069.parquet,455069,2895,87236,welcome accuracy over analysis
train_landmarks/271187.parquet,271187,2896,18675,221b baker street
train_landmarks/748322.parquet,748322,2897,30379,221b baker street
train_landmarks/679150.parquet,679150,2898,40495,deep analysis engineering vision
train_landmarks/253769.parquet,253769,2899,64987,dataset jumps
train_landmarks/499454.parquet,499454,2900,93810,456 elm st suite 200
train_landmarks/278738.parquet,278738,2901,37869,deep accuracy university recognition lazy analysis
train_landmarks/615655.parquet,615655,2902,75435,to to brown asl over computer
train_landmarks/810277.parquet,810277,2903,56566,123 main street apt 4b
train_landmarks/216362.parquet,216362,2904,64987,guatemala welcome learning
train_landmarks/924786.parquet,924786,2905,65302,www.nytimes.com/world
train_landmarks/116730.parquet,116730,2906,46048,fingerspelling over frequency lazy world sign
train_landmarks/124583.parquet,124583,2907,64987,123 main street apt 4b
train_landmarks/154537.parquet,154537,2908,30033,hello engineering to world
train_landmarks/896671.parquet,896671,2909,38221,welcome quick
train_landmarks/754489.parquet,754489,2910,82357,https://www.google.com
train_landmarks/417414.parquet,417414,2911,22280,456 elm st suite 200
train_landmarks/498476.parquet,498476,2912,46421,10 downing street london
train_landmarks/804542.parquet,804542,2913,56566,(212) 555-4321
train_landmarks/451938.parquet,451938,2914,93886,221b baker street
train_landmarks/995092.parquet,995092,2915,54118,fingerspelling to guatemala learning language
train_landmarks/612575.parquet,612575,2916,23434,(555) 234-5678
train_landmarks/571727.parquet,571727,2917,35203,accuracy university
train_landmarks/633506.parquet,633506,2918,30379,accuracy accuracy
train_landmarks/212249.parquet,212249,2919,46421,800-555-0199
train_landmarks/491526.parquet,491526,2920,88104,https://github.com/kaggle
train_landmarks/916711.parquet,916711,2921,83000,http://wikipedia.org/asl
train_landmarks/110113.parquet,110113,2922,93227,frequency computer over computer
train_landmarks/583145.parquet,583145,2923,39871,evaluation fox jumps learning
train_landmarks/309213.parquet,309213,2924,20458,lazy learning
train_landmarks/196034.parquet,196034,2925,19358,https://github.com/kaggle
train_landmarks/320430.parquet,320430,2926,18675,http://wikipedia.org/asl
train_landmarks/505695.parquet,505695,2927,37653,221b baker street
train_landmarks/301996.parquet,301996,2928,38893,123 main street apt 4b
train_landmarks/842640.parquet,842640,2929,58520,learning project dataset recognition frequency science
train_landmarks/632240.parquet,632240,2930,39871,www.cdc.gov/covid
train_landmarks/307324.parquet,307324,2931,16175,1-888-456-7890
train_landmarks/703386.parquet,703386,2932,52504,learning brown
train_landmarks/296134.parquet,296134,2933,94939,over computer recognition
train_landmarks/730775.parquet,730775,2934,40495,10 downing street london
train_landmarks/399266.parquet,399266,2935,93886,+1-555-987-6543
train_landmarks/964517.parquet,964517,2936,40495,123 main street apt 4b
train_landmarks/656322.parquet,656322,2937,26361,http://weather.com/today
train_landmarks/395120.parquet,395120,2938,36062,brown american
train_landmarks/868516.parquet,868516,2939,18675,https://youtube.com/watch
train_landmarks/183835.parquet,183835,2940,65392,the dataset brown recognition university
train_landmarks/479039.parquet,479039,2941,35203,deep brown hello model science dataset
train_landmarks/603787.parquet,603787,2942,92240,1600 pennsylvania ave
train_landmarks/900496.parquet,900496,2943,30926,221b baker street
train_landmarks/881156.parquet,881156,2944,58520,1-888-456-7890
train_landmarks/278837.parquet,278837,2945,47930,www.amazon.com/deals
train_landmarks/529635.parquet,529635,2946,13278,456 elm st suite 200
train_landmarks/440124.parquet,440124,2947,80644,project analysis science jumps dataset
train_landmarks/539979.parquet,539979,2948,98696,accuracy asl frequency
train_landmarks/256640.parquet,256640,2949,93320,742 evergreen terrace
train_landmarks/555481.parquet,555481,2950,32431,jumps guatemala dog
train_landmarks/117185.parquet,117185,2951,99733,123 main street apt 4b
train_landmarks/384048.parquet,384048,2952,45093,742 evergreen terrace
train_landmarks/621480.parquet,621480,2953,22156,1600 pennsylvania ave
train_landmarks/970085.parquet,970085,2954,24592,world lazy computer american science frequency
train_landmarks/611015.parquet,611015,2955,95909,to fox
train_landmarks/438986.parquet,438986,2956,94939,world dog guatemala accuracy fingerspelling the
train_landmarks/422969.parquet,422969,2957,28131,computer deep science jumps
train_landmarks/235715.parquet,235715,2958,57447,learning accuracy frequency asl
train_landmarks/596524.parquet,596524,2959,76784,www.nytimes.com/world
train_landmarks/487982.parquet,487982,2960,57819,123 main street apt 4b
train_landmarks/442046.parquet,442046,2961,26361,computer analysis project world
train_landmarks/457309.parquet,457309,2962,83579,learning analysis guatemala evaluation
train_landmarks/700073.parquet,700073,2963,69429,learning computer accuracy
train_landmarks/361199.parquet,361199,2964,46463,456 elm st suite 200
train_landmarks/120339.parquet,120339,2965,74686,742 evergreen terrace
train_landmarks/502803.parquet,502803,2966,24371,welcome sign project analysis guatemala dataset
train_landmarks/170176.parquet,170176,2967,69429,123 main street apt 4b
train_landmarks/929718.parquet,929718,2968,87397,asl evaluation project
train_landmarks/334181.parquet,334181,2969,85674,to computer language evaluation
train_landmarks/435581.parquet,435581,2970,86622,1600 pennsylvania ave
train_landmarks/734148.parquet,734148,2971,30969,model vision guatemala
train_landmarks/726615.parquet,726615,2972,30926,dataset dataset lazy accuracy
train_landmarks/396176.parquet,396176,2973,98696,(212) 555-4321
train_landmarks/543538.parquet,543538,2974,24371,world lazy
train_landmarks/410486.parquet,410486,2975,85674,https://youtube.com/watch
train_landmarks/182533.parquet,182533,2976,19358,123 main street apt 4b
train_landmarks/568383.parquet,568383,2977,42953,over science welcome university project lazy
train_landmarks/736005.parquet,736005,2978,98696,123 main street apt 4b
train_landmarks/714969.parquet,714969,2979,40021,https://www.google.com
train_landmarks/229934.parquet,229934,2980,87397,www.amazon.com/deals
train_landmarks/679417.parquet,679417,2981,91070,123 main street apt 4b
train_landmarks/430583.parquet,430583,2982,86622,language computer vision fingerspelling welcome
train_landmarks/976686.parquet,976686,2983,40512,welcome dataset quick american
train_landmarks/857886.parquet,857886,2984,25014,american university jumps
train_landmarks/207220.parquet,207220,2985,93227,fox to to
train_landmarks/185101.parquet,185101,2986,70217,742 evergreen terrace
train_landmarks/616377.parquet,616377,2987,46421,742 evergreen terrace
train_landmarks/650166.parquet,650166,2988,82357,456 elm st suite 200
train_landmarks/828326.parquet,828326,2989,91070,+1-800-222-3344
train_landmarks/193819.parquet,193819,2990,98696,over evaluation frequency dog quick
train_landmarks/816724.parquet,816724,2991,92397,vision learning
train_landmarks/601946.parquet,601946,2992,69429,https://github.com/kaggle
train_landmarks/895373.parquet,895373,2993,95909,800-555-0199
train_landmarks/244360.parquet,244360,2994,40021,asl computer fingerspelling american
train_landmarks/403708.parquet,403708,2995,51245,10 downing street london
train_landmarks/849461.parquet,849461,2996,93810,brown lazy quick dog american to
train_landmarks/184543.parquet,184543,2997,54597,american model fingerspelling over
train_landmarks/107706.parquet,107706,2998,14207,world language american over lazy computer
train_landmarks/450733.parquet,450733,2999,57819,+1-555-987-6543
train_landmarks/511704.parquet,511704,3000,93810,http://weather.com/today
train_landmarks/573589.parquet,573589,3001,66155,https://apple.com/ios
train_landmarks/907420.parquet,907420,3002,28301,123 main street apt 4b
train_landmarks/218167.parquet,218167,3003,89840,http://wikipedia.org/asl
train_landmarks/878896.parquet,878896,3004,98696,lazy language dataset
train_landmarks/973390.parquet,973390,3005,44718,analysis accuracy to
train_landmarks/157008.parquet,157008,3006,70589,language analysis hello
train_landmarks/635926.parquet,635926,3007,42325,https://www.google.com
train_landmarks/326936.parquet,326936,3008,94259,lazy guatemala asl welcome
train_landmarks/509735.parquet,509735,3009,86622,university project recognition
train_landmarks/933621.parquet,933621,3010,56566,brown fox the
train_landmarks/132715.parquet,132715,3011,83563,guatemala university
train_landmarks/418186.parquet,418186,3012,62581,10 downing street london
train_landmarks/695707.parquet,695707,3013,38785,quick dog
train_landmarks/300053.parquet,300053,3014,61856,brown fingerspelling the evaluation
train_landmarks/225909.parquet,225909,3015,38893,1600 pennsylvania ave
train_landmarks/579123.parquet,579123,3016,10851,fox vision guatemala
train_landmarks/931271.parquet,931271,3017,30033,www.nytimes.com/world
train_landmarks/283061.parquet,283061,3018,94259,http://wikipedia.org/asl
train_landmarks/860017.parquet,860017,3019,99192,+1-800-222-3344
train_landmarks/707940.parquet,707940,3020,28726,hello learning project dataset
train_landmarks/260741.parquet,260741,3021,45382,(212) 555-4321
train_landmarks/810954.parquet,810954,3022,40021,742 evergreen terrace
train_landmarks/621586.parquet,621586,3023,30033,456 elm st suite 200
train_landmarks/532458.parquet,532458,3024,31417,(555) 234-5678
train_landmarks/704777.parquet,704777,3025,52504,guatemala frequency
train_landmarks/844385.parquet,844385,3026,81426,(212) 555-4321
train_landmarks/312544.parquet,312544,3027,93320,deep guatemala
train_landmarks/297205.parquet,297205,3028,37869,(212) 555-4321
train_landmarks/949717.parquet,949717,3029,22676,https://www.google.com
train_landmarks/690570.parquet,690570,3030,30926,language learning accuracy learning dataset
train_landmarks/400434.parquet,400434,3031,15695,221b baker street
train_landmarks/485138.parquet,485138,3032,38221,456 elm st suite 200
train_landmarks/671044.parquet,671044,3033,54597,(415) 555-8833
train_landmarks/489307.parquet,489307,3034,20458,jumps dataset to over fingerspelling project
train_landmarks/464314.parquet,464314,3035,99192,accuracy dataset american
train_landmarks/668609.parquet,668609,3036,58520,456 elm st suite 200
train_landmarks/190644.parquet,190644,3037,46463,welcome to project
train_landmarks/890315.parquet,890315,3038,87397,analysis to university
train_landmarks/755425.parquet,755425,3039,18675,www.amazon.com/deals
train_landmarks/666452.parquet,666452,3040,57400,frequency language engineering
train_landmarks/930763.parquet,930763,3041,57447,(415) 555-8833
train_landmarks/515603.parquet,515603,3042,14207,https://youtube.com/watch
train_landmarks/217314.parquet,217314,3043,44438,quick fox the university vision over
train_landmarks/337798.parquet,337798,3044,22676,american welcome model asl
train_landmarks/514146.parquet,514146,3045,18675,dog to fingerspelling dataset fox
train_landmarks/771580.parquet,771580,3046,59797,model analysis lazy
train_landmarks/100625.parquet,100625,3047,18326,accuracy american university deep welcome dataset
train_landmarks/417569.parquet,417569,3048,52504,vision guatemala lazy the world lazy
train_landmarks/967860.parquet,967860,3049,70217,brown science
train_landmarks/224731.parquet,224731,3050,22676,1600 pennsylvania ave
train_landmarks/793722.parquet,793722,3051,46463,10 downing street london
train_landmarks/726587.parquet,726587,3052,18675,456 elm st suite 200
train_landmarks/493127.parquet,493127,3053,46421,(212) 555-4321
train_landmarks/749338.parquet,749338,3054,45382,computer recognition deep engineering american
train_landmarks/468571.parquet,468571,3055,59797,www.nytimes.com/world
train_landmarks/936587.parquet,936587,3056,14207,221b baker street
train_landmarks/907180.parquet,907180,3057,62350,www.amazon.com/deals
train_landmarks/818115.parquet,818115,3058,28301,742 evergreen terrace
train_landmarks/498424.parquet,498424,3059,28726,www.nytimes.com/world
train_landmarks/895921.parquet,895921,3060,46463,hello fox hello model computer
train_landmarks/198572.parquet,198572,3061,65302,10 downing street london
train_landmarks/453771.parquet,453771,3062,37653,(212) 555-4321
train_landmarks/136010.parquet,136010,3063,92397,221b baker street
train_landmarks/914915.parquet,914915,3064,40512,dog fingerspelling the jumps frequency
train_landmarks/918764.parquet,918764,3065,42098,https://apple.com/ios
train_landmarks/566018.parquet,566018,3066,59797,www.cdc.gov/covid
train_landmarks/585679.parquet,585679,3067,42098,1-888-456-7890
train_landmarks/507034.parquet,507034,3068,24371,vision quick recognition learning american analysis
train_landmarks/407641.parquet,407641,3069,54118,world welcome
train_landmarks/215002.parquet,215002,3070,93227,lazy american
train_landmarks/105969.parquet,105969,3071,42098,10 downing street london
train_landmarks/945993.parquet,945993,3072,51347,evaluation quick lazy
train_landmarks/456589.parquet,456589,3073,70217,model dog science learning university fox
train_landmarks/245967.parquet,245967,3074,30969,https://www.google.com
train_landmarks/559378.parquet,559378,3075,30033,10 downing street london
train_landmarks/550859.parquet,550859,3076,80284,https://apple.com/ios
train_landmarks/827514.parquet,827514,3077,30969,221b baker street
train_landmarks/211493.parquet,211493,3078,25014,742 evergreen terrace
train_landmarks/392450.parquet,392450,3079,28131,10 downing street london
train_landmarks/542766.parquet,542766,3080,76784,http://wikipedia.org/asl
train_landmarks/375540.parquet,375540,3081,23396,project american hello university
train_landmarks/244207.parquet,244207,3082,42087,www.cdc.gov/covid
train_landmarks/190573.parquet,190573,3083,98696,science engineering asl
train_landmarks/375782.parquet,375782,3084,65302,10 downing street london
train_landmarks/294521.parquet,294521,3085,25014,language dog
train_landmarks/254546.parquet,254546,3086,80284,10 downing street london
train_landmarks/835548.parquet,835548,3087,61856,1600 pennsylvania ave
train_landmarks/162908.parquet,162908,3088,86484,fox vision
train_landmarks/714017.parquet,714017,3089,21915,analysis jumps university frequency
train_landmarks/940145.parquet,940145,3090,25014,(415) 555-8833
train_landmarks/597821.parquet,597821,3091,38221,123 main street apt 4b
train_landmarks/203858.parquet,203858,3092,39256,1-888-456-7890
train_landmarks/764164.parquet,764164,3093,39871,jumps jumps
train_landmarks/634635.parquet,634635,3094,13478,http://wikipedia.org/asl
train_landmarks/600892.parquet,600892,3095,46048,language hello
train_landmarks/890011.parquet,890011,3096,48427,10 downing street london
train_landmarks/479293.parquet,479293,3097,42325,fingerspelling dataset quick welcome
train_landmarks/513798.parquet,513798,3098,80010,www.amazon.com/deals
train_landmarks/509758.parquet,509758,3099,44671,123 main street apt 4b
train_landmarks/884972.parquet,884972,3100,40021,computer accuracy analysis vision dataset
train_landmarks/264925.parquet,264925,3101,30379,1-888-456-7890
train_landmarks/401599.parquet,401599,3102,13278,742 evergreen terrace
train_landmarks/553762.parquet,553762,3103,44718,brown brown analysis jumps vision
train_landmarks/487470.parquet,487470,3104,99733,+1-555-987-6543
train_landmarks/587070.parquet,587070,3105,28726,welcome sign welcome welcome
train_landmarks/592738.parquet,592738,3106,42098,dataset model recognition language deep
train_landmarks/728455.parquet,728455,3107,76784,jumps to deep engineering sign computer
train_landmarks/165991.parquet,165991,3108,38785,+1-555-987-6543
train_landmarks/384427.parquet,384427,3109,32431,american welcome analysis analysis language to
train_landmarks/421228.parquet,421228,3110,99733,+1-555-987-6543
train_landmarks/642818.parquet,642818,3111,21915,hello fingerspelling vision evaluation
train_landmarks/925117.parquet,925117,3112,59735,http://weather.com/today
train_landmarks/299193.parquet,299193,3113,70589,learning language lazy project
train_landmarks/645377.parquet,645377,3114,25014,(415) 555-8833
train_landmarks/857850.parquet,857850,3115,28726,lazy accuracy model
train_landmarks/291971.parquet,291971,3116,59823,asl asl learning university project
train_landmarks/457983.parquet,457983,3117,51245,http://wikipedia.org/asl
train_landmarks/364802.parquet,364802,3118,85674,https://youtube.com/watch
train_landmarks/952612.parquet,952612,3119,46421,the lazy university university project
train_landmarks/677392.parquet,677392,3120,45382,american fingerspelling hello engineering
train_landmarks/758623.parquet,758623,3121,88172,fox science welcome jumps jumps evaluation
train_landmarks/157149.parquet,157149,3122,88172,http://wikipedia.org/asl
train_landmarks/390828.parquet,390828,3123,20328,https://apple.com/ios
train_landmarks/381452.parquet,381452,3124,44993,http://wikipedia.org/asl
train_landmarks/879116.parquet,879116,3125,54597,quick vision quick
train_landmarks/216844.parquet,216844,3126,25014,221b baker street
train_landmarks/854525.parquet,854525,3127,11504,(212) 555-4321
train_landmarks/352371.parquet,352371,3128,40021,1-888-456-7890
train_landmarks/732984.parquet,732984,3129,66155,university to dog the
train_landmarks/712494.parquet,712494,3130,37869,123 main street apt 4b
train_landmarks/280189.parquet,280189,3131,45382,lazy computer guatemala fox dataset
train_landmarks/382831.parquet,382831,3132,28289,fox model
train_landmarks/331707.parquet,331707,3133,69429,1-888-456-7890
train_landmarks/273688.parquet,273688,3134,62581,world the deep
train_landmarks/556333.parquet,556333,3135,62581,frequency science dog model fingerspelling science
train_landmarks/257690.parquet,257690,3136,91070,frequency dataset the evaluation lazy
train_landmarks/806017.parquet,806017,3137,60432,221b baker street
train_landmarks/458915.parquet,458915,3138,38893,456 elm st suite 200
train_landmarks/632214.parquet,632214,3139,58520,computer asl learning recognition learning
train_landmarks/496009.parquet,496009,3140,18675,(212) 555-4321
train_landmarks/317192.parquet,317192,3141,18675,+1-555-987-6543
train_landmarks/524780.parquet,524780,3142,40021,(415) 555-8833
train_landmarks/404798.parquet,404798,3143,22676,recognition project the university hello
train_landmarks/831466.parquet,831466,3144,81426,https://www.google.com
train_landmarks/507759.parquet,507759,3145,52504,asl american learning university
train_landmarks/193806.parquet,193806,3146,45382,1600 pennsylvania ave
train_landmarks/339659.parquet,339659,3147,87236,+1-555-987-6543
train_landmarks/601775.parquet,601775,3148,84341,800-555-0199
train_landmarks/995113.parquet,995113,3149,69429,recognition accuracy model engineering asl evaluation
train_landmarks/194343.parquet,194343,3150,51347,fox deep quick
train_landmarks/183105.parquet,183105,3151,76784,science world frequency world
train_landmarks/295056.parquet,295056,3152,38893,+1-555-987-6543
train_landmarks/274722.parquet,274722,3153,46048,frequency computer language
train_landmarks/921140.parquet,921140,3154,42325,world project fingerspelling
train_landmarks/276083.parquet,276083,3155,93886,+1-800-222-3344
train_landmarks/304876.parquet,304876,3156,37653,brown fox
train_landmarks/956990.parquet,956990,3157,76784,jumps project evaluation learning over university
train_landmarks/357579.parquet,357579,3158,86622,frequency evaluation american the
train_landmarks/629016.parquet,629016,3159,71348,jumps quick over jumps frequency
train_landmarks/974805.parquet,974805,3160,94939,1600 pennsylvania ave
train_landmarks/584867.parquet,584867,3161,31319,800-555-0199
train_landmarks/844708.parquet,844708,3162,19116,https://github.com/kaggle
train_landmarks/269960.parquet,269960,3163,81426,brown asl
train_landmarks/100601.parquet,100601,3164,80010,1-888-456-7890
train_landmarks/937642.parquet,937642,3165,22676,456 elm st suite 200
train_landmarks/677047.parquet,677047,3166,99192,analysis project vision sign evaluation
train_landmarks/705523.parquet,705523,3167,70589,dataset sign fingerspelling american american
train_landmarks/943934.parquet,943934,3168,59735,http://wikipedia.org/asl
train_landmarks/728934.parquet,728934,3169,82357,fox analysis asl world
train_landmarks/125035.parquet,125035,3170,28289,123 main street apt 4b
train_landmarks/886758.parquet,886758,3171,42098,https://youtube.com/watch
train_landmarks/912721.parquet,912721,3172,47930,science recognition evaluation
train_landmarks/246638.parquet,246638,3173,65302,fingerspelling jumps analysis analysis
train_landmarks/365205.parquet,365205,3174,93886,456 elm st suite 200
train_landmarks/847519.parquet,847519,3175,24371,123 main street apt 4b
train_landmarks/585804.parquet,585804,3176,24371,https://www.google.com
train_landmarks/357284.parquet,357284,3177,14207,world quick
train_landmarks/587681.parquet,587681,3178,54597,brown world model language quick
train_landmarks/988326.parquet,988326,3179,21915,1600 pennsylvania ave
train_landmarks/447553.parquet,447553,3180,30033,1-888-456-7890
train_landmarks/274006.parquet,274006,3181,10851,http://wikipedia.org/asl
train_landmarks/253028.parquet,253028,3182,75435,hello the dog sign the fingerspelling
train_landmarks/937299.parquet,937299,3183,57052,computer world quick sign
train_landmarks/229287.parquet,229287,3184,86622,science american vision language dataset
train_landmarks/630524.parquet,630524,3185,25014,www.cdc.gov/covid
train_landmarks/964774.parquet,964774,3186,42098,10 downing street london
train_landmarks/848967.parquet,848967,3187,92240,10 downing street london
train_landmarks/766060.parquet,766060,3188,99733,800-555-0199
train_landmarks/899128.parquet,899128,3189,82512,computer world
train_landmarks/330935.parquet,330935,3190,69429,http://weather.com/today
train_landmarks/112703.parquet,112703,3191,76784,fingerspelling lazy accuracy
train_landmarks/259012.parquet,259012,3192,98696,221b baker street
train_landmarks/367541.parquet,367541,3193,26361,the brown frequency
train_landmarks/378404.parquet,378404,3194,98696,dog university
train_landmarks/273648.parquet,273648,3195,82512,fox deep accuracy to dataset
train_landmarks/490192.parquet,490192,3196,57447,recognition language analysis dataset
train_landmarks/762201.parquet,762201,3197,74686,over deep learning sign world recognition
train_landmarks/357212.parquet,357212,3198,18326,(555) 234-5678
train_landmarks/554949.parquet,554949,3199,65302,1600 pennsylvania ave
train_landmarks/633552.parquet,633552,3200,85674,10 downing street london
train_landmarks/524368.parquet,524368,3201,21395,http://weather.com/today
train_landmarks/940615.parquet,940615,3202,54597,model language
train_landmarks/985510.parquet,985510,3203,30379,project over fox
train_landmarks/668547.parquet,668547,3204,69429,dataset fingerspelling welcome brown over
train_landmarks/604547.parquet,604547,3205,22676,evaluation university
train_landmarks/159667.parquet,159667,3206,13905,456 elm st suite 200
train_landmarks/261528.parquet,261528,3207,38893,742 evergreen terrace
train_landmarks/449999.parquet,449999,3208,95181,welcome american
train_landmarks/615753.parquet,615753,3209,82512,recognition fingerspelling frequency world computer
train_landmarks/272904.parquet,272904,3210,28726,221b baker street
train_landmarks/443034.parquet,443034,3211,42953,fox brown
train_landmarks/873251.parquet,873251,3212,59823,https://apple.com/ios
train_landmarks/549359.parquet,549359,3213,22676,742 evergreen terrace
train_landmarks/932138.parquet,932138,3214,86622,engineering the over
train_landmarks/239967.parquet,239967,3215,80284,+1-800-222-3344
train_landmarks/484583.parquet,484583,3216,44671,vision brown over welcome
train_landmarks/204827.parquet,204827,3217,30379,http://wikipedia.org/asl
train_landmarks/141433.parquet,141433,3218,13478,accuracy analysis model
train_landmarks/614179.parquet,614179,3219,22156,http://weather.com/today
train_landmarks/745330.parquet,745330,3220,82357,model world
train_landmarks/168097.parquet,168097,3221,62581,1600 pennsylvania ave
train_landmarks/265039.parquet,265039,3222,98696,fox computer deep quick frequency vision
train_landmarks/828664.parquet,828664,3223,54597,456 elm st suite 200
train_landmarks/476178.parquet,476178,3224,86484,world learning fingerspelling accuracy
train_landmarks/346546.parquet,346546,3225,95181,vision lazy project learning
train_landmarks/138585.parquet,138585,3226,20328,http://wikipedia.org/asl
train_landmarks/254853.parquet,254853,3227,21915,www.nytimes.com/world
train_landmarks/232235.parquet,232235,3228,81426,http://wikipedia.org/asl
train_landmarks/396196.parquet,396196,3229,65302,recognition learning science jumps
train_landmarks/775609.parquet,775609,3230,57819,dataset world learning analysis vision asl
train_landmarks/509777.parquet,509777,3231,44671,(555) 234-5678
train_landmarks/151288.parquet,151288,3232,32431,http://weather.com/today
train_landmarks/508482.parquet,508482,3233,86622,(212) 555-4321
train_landmarks/586019.parquet,586019,3234,13478,evaluation frequency science accuracy dataset
train_landmarks/841746.parquet,841746,3235,70589,1600 pennsylvania ave
train_landmarks/888019.parquet,888019,3236,58520,the evaluation guatemala
train_landmarks/535998.parquet,535998,3237,95181,www.amazon.com/deals
train_landmarks/255365.parquet,255365,3238,99733,www.cdc.gov/covid
train_landmarks/351682.parquet,351682,3239,22676,guatemala analysis learning fingerspelling evaluation
train_landmarks/762215.parquet,762215,3240,31319,1600 pennsylvania ave
train_landmarks/939079.parquet,939079,3241,65302,the project model american
train_landmarks/321314.parquet,321314,3242,69429,https://apple.com/ios
train_landmarks/386728.parquet,386728,3243,44671,engineering computer computer science guatemala accuracy
train_landmarks/577052.parquet,577052,3244,57447,language sign dataset quick welcome fingerspelling
train_landmarks/757501.parquet,757501,3245,23434,project frequency
train_landmarks/586060.parquet,586060,3246,47930,language university model dog hello analysis
train_landmarks/993559.parquet,993559,3247,69429,https://github.com/kaggle
train_landmarks/800901.parquet,800901,3248,95909,fingerspelling the dog dog
train_landmarks/961412.parquet,961412,3249,80010,456 elm st suite 200
train_landmarks/102359.parquet,102359,3250,51347,742 evergreen terrace
train_landmarks/941368.parquet,941368,3251,28301,accuracy language fingerspelling american guatemala accuracy
train_landmarks/771109.parquet,771109,3252,21915,vision american recognition sign language evaluation
train_landmarks/996777.parquet,996777,3253,15695,(212) 555-4321
train_landmarks/687993.parquet,687993,3254,94939,sign lazy deep
train_landmarks/183547.parquet,183547,3255,76784,123 main street apt 4b
train_landmarks/603174.parquet,603174,3256,99166,www.cdc.gov/covid
train_landmarks/885813.parquet,885813,3257,30033,vision deep fingerspelling
train_landmarks/547164.parquet,547164,3258,91070,800-555-0199
train_landmarks/478986.parquet,478986,3259,10851,http://weather.com/today
train_landmarks/424526.parquet,424526,3260,31319,vision brown over jumps university guatemala
train_landmarks/169187.parquet,169187,3261,61856,guatemala fox science jumps
train_landmarks/903208.parquet,903208,3262,31319,project jumps deep world brown accuracy
train_landmarks/470399.parquet,470399,3263,57819,+1-800-222-3344
train_landmarks/298495.parquet,298495,3264,76784,learning university computer guatemala
train_landmarks/903716.parquet,903716,3265,48427,http://wikipedia.org/asl
train_landmarks/270175.parquet,270175,3266,21915,www.cdc.gov/covid
train_landmarks/647447.parquet,647447,3267,96673,lazy engineering dataset to to asl
train_landmarks/893516.parquet,893516,3268,80284,221b baker street
train_landmarks/913550.parquet,913550,3269,69429,over computer project
train_landmarks/714837.parquet,714837,3270,28726,engineering dataset
train_landmarks/975048.parquet,975048,3271,88907,language project welcome asl analysis
train_landmarks/138146.parquet,138146,3272,10851,742 evergreen terrace
train_landmarks/698673.parquet,698673,3273,60019,10 downing street london
train_landmarks/490633.parquet,490633,3274,68878,dataset the welcome project jumps
train_landmarks/200639.parquet,200639,3275,80010,evaluation recognition project language language evaluation
train_landmarks/225570.parquet,225570,3276,70589,evaluation vision
train_landmarks/357989.parquet,357989,3277,31319,456 elm st suite 200
train_landmarks/407706.parquet,407706,3278,40021,http://wikipedia.org/asl
train_landmarks/157580.parquet,157580,3279,30379,deep accuracy engineering
train_landmarks/394301.parquet,394301,3280,89840,456 elm st suite 200
train_landmarks/178011.parquet,178011,3281,91070,brown welcome world the
train_landmarks/399006.parquet,399006,3282,14207,10 downing street london
train_landmarks/197597.parquet,197597,3283,36062,recognition frequency to fox hello to
train_landmarks/229737.parquet,229737,3284,80010,800-555-0199
train_landmarks/710510.parquet,710510,3285,46463,quick welcome evaluation
train_landmarks/891507.parquet,891507,3286,22676,accuracy language
train_landmarks/705407.parquet,705407,3287,46421,world language world analysis dataset quick
train_landmarks/540581.parquet,540581,3288,46463,www.amazon.com/deals
train_landmarks/382117.parquet,382117,3289,28131,brown guatemala recognition
train_landmarks/212018.parquet,212018,3290,57052,project to
train_landmarks/668290.parquet,668290,3291,88172,www.cdc.gov/covid
train_landmarks/719555.parquet,719555,3292,42953,brown over vision
train_landmarks/696655.parquet,696655,3293,80010,computer the
train_landmarks/329027.parquet,329027,3294,95181,over guatemala frequency
train_landmarks/634442.parquet,634442,3295,91070,(212) 555-4321
train_landmarks/105543.parquet,105543,3296,86622,recognition dataset model american
train_landmarks/349468.parquet,349468,3297,92397,https://github.com/kaggle
train_landmarks/743047.parquet,743047,3298,65302,model world jumps
train_landmarks/719467.parquet,719467,3299,89840,221b baker street
train_landmarks/401636.parquet,401636,3300,76784,1-888-456-7890
train_landmarks/997727.parquet,997727,3301,44438,hello recognition the fox recognition
train_landmarks/883061.parquet,883061,3302,68878,800-555-0199
train_landmarks/704625.parquet,704625,3303,62581,(415) 555-8833
train_landmarks/708388.parquet,708388,3304,46421,https://github.com/kaggle
train_landmarks/238882.parquet,238882,3305,46421,engineering dataset dataset
train_landmarks/817297.parquet,817297,3306,24371,123 main street apt 4b
train_landmarks/389982.parquet,389982,3307,23396,the lazy fox deep fingerspelling to
train_landmarks/568791.parquet,568791,3308,59797,http://wikipedia.org/asl
train_landmarks/486669.parquet,486669,3309,93810,456 elm st suite 200
train_landmarks/497121.parquet,497121,3310,16175,science lazy computer lazy
train_landmarks/470334.parquet,470334,3311,80644,(415) 555-8833
train_landmarks/999797.parquet,999797,3312,99733,american guatemala science
train_landmarks/364357.parquet,364357,3313,94259,www.nytimes.com/world
train_landmarks/266309.parquet,266309,3314,81426,https://www.google.com
train_landmarks/884674.parquet,884674,3315,69429,1600 pennsylvania ave
train_landmarks/313741.parquet,313741,3316,82357,1600 pennsylvania ave
train_landmarks/247532.parquet,247532,3317,65302,800-555-0199
train_landmarks/546853.parquet,546853,3318,57819,evaluation sign recognition to vision
train_landmarks/571170.parquet,571170,3319,99192,+1-800-222-3344
train_landmarks/389003.parquet,389003,3320,39256,hello project science jumps evaluation
train_landmarks/776562.parquet,776562,3321,55082,123 main street apt 4b
train_landmarks/678548.parquet,678548,3322,65392,fox learning sign
train_landmarks/823420.parquet,823420,3323,30379,https://apple.com/ios
train_landmarks/938295.parquet,938295,3324,99192,456 elm st suite 200
train_landmarks/121285.parquet,121285,3325,69429,http://wikipedia.org/asl
train_landmarks/352943.parquet,352943,3326,69429,accuracy evaluation deep language
train_landmarks/743400.parquet,743400,3327,28726,university computer engineering the guatemala welcome
train_landmarks/823137.parquet,823137,3328,81426,language the lazy fox welcome
train_landmarks/901282.parquet,901282,3329,31319,10 downing street london
train_landmarks/943677.parquet,943677,3330,20458,800-555-0199
train_landmarks/759393.parquet,759393,3331,45382,221b baker street
train_landmarks/692671.parquet,692671,3332,25014,asl computer
train_landmarks/356779.parquet,356779,3333,28301,1600 pennsylvania ave
train_landmarks/474216.parquet,474216,3334,19116,123 main street apt 4b
train_landmarks/658352.parquet,658352,3335,28131,123 main street apt 4b
train_landmarks/551750.parquet,551750,3336,38893,deep fox
train_landmarks/243650.parquet,243650,3337,42098,+1-800-222-3344
train_landmarks/146008.parquet,146008,3338,30926,(212) 555-4321
train_landmarks/660967.parquet,660967,3339,59615,fox engineering
train_landmarks/675215.parquet,675215,3340,56566,123 main street apt 4b
train_landmarks/331454.parquet,331454,3341,83000,asl quick the
train_landmarks/716038.parquet,716038,3342,99192,1600 pennsylvania ave
train_landmarks/774254.parquet,774254,3343,56566,analysis fox university computer fox
train_landmarks/362476.parquet,362476,3344,58520,dataset university dog project world over
train_landmarks/894114.parquet,894114,3345,28289,university american
train_landmarks/326868.parquet,326868,3346,42098,fox american dog language
train_landmarks/100097.parquet,100097,3347,89840,1600 pennsylvania ave
train_landmarks/474236.parquet,474236,3348,23238,deep the fox computer the world
train_landmarks/280426.parquet,280426,3349,76784,dataset dataset lazy
train_landmarks/319226.parquet,319226,3350,64987,+1-555-987-6543
train_landmarks/583241.parquet,583241,3351,42098,www.nytimes.com/world
train_landmarks/336585.parquet,336585,3352,46434,fox university
train_landmarks/314081.parquet,314081,3353,30379,1600 pennsylvania ave
train_landmarks/975295.parquet,975295,3354,28289,deep model over
train_landmarks/496452.parquet,496452,3355,95909,www.amazon.com/deals
train_landmarks/136835.parquet,136835,3356,38657,fox evaluation lazy over fox
train_landmarks/340393.parquet,340393,3357,93886,hello sign language
train_landmarks/810034.parquet,810034,3358,22676,analysis university engineering analysis over engineering
train_landmarks/658731.parquet,658731,3359,68878,guatemala science computer
train_landmarks/933320.parquet,933320,3360,91070,1600 pennsylvania ave
train_landmarks/372869.parquet,372869,3361,86622,lazy world
train_landmarks/910085.parquet,910085,3362,35203,frequency fox
train_landmarks/828254.parquet,828254,3363,94259,https://www.google.com
train_landmarks/340897.parquet,340897,3364,76237,guatemala fox project university recognition dataset
train_landmarks/241786.parquet,241786,3365,28301,www.cdc.gov/covid
train_landmarks/665209.parquet,665209,3366,30379,dog quick frequency
train_landmarks/670079.parquet,670079,3367,62581,sign brown sign
train_landmarks/198080.parquet,198080,3368,80010,+1-555-987-6543
train_landmarks/675571.parquet,675571,3369,88172,www.cdc.gov/covid
train_landmarks/146156.parquet,146156,3370,85674,123 main street apt 4b
train_landmarks/246499.parquet,246499,3371,98696,learning brown jumps
train_landmarks/563835.parquet,563835,3372,46048,https://apple.com/ios
train_landmarks/184050.parquet,184050,3373,28131,project deep engineering to
train_landmarks/134714.parquet,134714,3374,97841,evaluation deep
train_landmarks/948924.parquet,948924,3375,28301,welcome dataset
train_landmarks/947220.parquet,947220,3376,30379,brown lazy
train_landmarks/944495.parquet,944495,3377,20328,https://apple.com/ios
train_landmarks/779002.parquet,779002,3378,42098,10 downing street london
train_landmarks/884829.parquet,884829,3379,71348,learning engineering
train_landmarks/428040.parquet,428040,3380,51347,742 evergreen terrace
train_landmarks/933292.parquet,933292,3381,18326,dataset hello brown accuracy
train_landmarks/729510.parquet,729510,3382,59797,project american university brown over evaluation
train_landmarks/625772.parquet,625772,3383,93886,welcome project
train_landmarks/631778.parquet,631778,3384,62581,742 evergreen terrace
train_landmarks/146290.parquet,146290,3385,15695,vision analysis
train_landmarks/496252.parquet,496252,3386,76784,1600 pennsylvania ave
train_landmarks/192996.parquet,192996,3387,60019,221b baker street
train_landmarks/388441.parquet,388441,3388,24371,asl jumps fingerspelling accuracy american
train_landmarks/437264.parquet,437264,3389,75435,742 evergreen terrace
train_landmarks/483999.parquet,483999,3390,22676,123 main street apt 4b
train_landmarks/923278.parquet,923278,3391,57052,language quick
train_landmarks/592588.parquet,592588,3392,71348,https://github.com/kaggle
train_landmarks/352067.parquet,352067,3393,24592,221b baker street
train_landmarks/685380.parquet,685380,3394,37869,1600 pennsylvania ave
train_landmarks/924729.parquet,924729,3395,84341,evaluation guatemala frequency sign jumps brown
train_landmarks/940951.parquet,940951,3396,99733,http://wikipedia.org/asl
train_landmarks/510702.parquet,510702,3397,25014,1-888-456-7890
train_landmarks/230300.parquet,230300,3398,44671,dataset hello dataset guatemala vision language
train_landmarks/596649.parquet,596649,3399,59615,123 main street apt 4b
train_landmarks/640712.parquet,640712,3400,87397,(415) 555-8833
train_landmarks/900957.parquet,900957,3401,59823,(415) 555-8833
train_landmarks/167282.parquet,167282,3402,59797,123 main street apt 4b
train_landmarks/262383.parquet,262383,3403,20328,deep computer world
train_landmarks/279171.parquet,279171,3404,28131,fingerspelling over hello fingerspelling
train_landmarks/851819.parquet,851819,3405,18326,https://apple.com/ios
train_landmarks/551819.parquet,551819,3406,46463,+1-555-987-6543
train_landmarks/916101.parquet,916101,3407,91070,(212) 555-4321
train_landmarks/142759.parquet,142759,3408,88172,guatemala computer over guatemala
train_landmarks/491816.parquet,491816,3409,23434,lazy accuracy
train_landmarks/856153.parquet,856153,3410,65302,sign lazy lazy frequency
train_landmarks/864670.parquet,864670,3411,64987,http://wikipedia.org/asl
train_landmarks/592654.parquet,592654,3412,45382,456 elm st suite 200
train_landmarks/930570.parquet,930570,3413,81426,+1-555-987-6543
train_landmarks/637898.parquet,637898,3414,42953,american university evaluation dataset asl language
train_landmarks/625304.parquet,625304,3415,46434,welcome engineering project model
train_landmarks/164518.parquet,164518,3416,58520,quick deep quick frequency
train_landmarks/350417.parquet,350417,3417,54118,800-555-0199
train_landmarks/319086.parquet,319086,3418,69429,lazy sign recognition analysis
train_landmarks/228115.parquet,228115,3419,14207,123 main street apt 4b
train_landmarks/945891.parquet,945891,3420,94259,http://wikipedia.org/asl
train_landmarks/194432.parquet,194432,3421,70142,www.nytimes.com/world
train_landmarks/651772.parquet,651772,3422,31417,742 evergreen terrace
train_landmarks/670821.parquet,670821,3423,99192,https://github.com/kaggle
train_landmarks/352807.parquet,352807,3424,57447,american jumps vision
train_landmarks/336682.parquet,336682,3425,28726,https://youtube.com/watch
train_landmarks/996336.parquet,996336,3426,23434,http://wikipedia.org/asl
train_landmarks/187939.parquet,187939,3427,93810,evaluation american guatemala engineering fox guatemala
train_landmarks/526977.parquet,526977,3428,54597,analysis the lazy model engineering the
train_landmarks/211931.parquet,211931,3429,14207,456 elm st suite 200
train_landmarks/217455.parquet,217455,3430,39871,sign the deep to vision american
train_landmarks/864685.parquet,864685,3431,19116,1-888-456-7890
train_landmarks/225515.parquet,225515,3432,24371,university analysis deep asl computer
train_landmarks/462589.parquet,462589,3433,92240,https://www.google.com
train_landmarks/179955.parquet,179955,3434,99192,742 evergreen terrace
train_landmarks/947787.parquet,947787,3435,15695,https://apple.com/ios
train_landmarks/770342.parquet,770342,3436,18675,fox world dog sign
train_landmarks/459609.parquet,459609,3437,22676,jumps engineering lazy accuracy over dog
train_landmarks/731205.parquet,731205,3438,46463,dog world
train_landmarks/454098.parquet,454098,3439,46463,742 evergreen terrace
train_landmarks/367541.parquet,367541,3440,20328,jumps sign guatemala quick
train_landmarks/484655.parquet,484655,3441,20458,dog university science guatemala
train_landmarks/879885.parquet,879885,3442,28131,http://wikipedia.org/asl
train_landmarks/222172.parquet,222172,3443,76237,evaluation the quick lazy engineering
train_landmarks/645528.parquet,645528,3444,75435,asl analysis brown frequency
train_landmarks/128594.parquet,128594,3445,99593,10 downing street london
train_landmarks/577761.parquet,577761,3446,57052,https://github.com/kaggle
train_landmarks/204800.parquet,204800,3447,31319,hello to quick
train_landmarks/550671.parquet,550671,3448,44671,science fox computer
train_landmarks/608842.parquet,608842,3449,45382,221b baker street
train_landmarks/775441.parquet,775441,3450,40512,lazy sign hello dataset quick dog
train_landmarks/681467.parquet,681467,3451,64987,https://apple.com/ios
train_landmarks/569164.parquet,569164,3452,40495,world project deep language
train_landmarks/654285.parquet,654285,3453,89840,https://www.google.com
train_landmarks/322256.parquet,322256,3454,30969,+1-555-987-6543
train_landmarks/744358.parquet,744358,3455,20328,fox asl
train_landmarks/824679.parquet,824679,3456,75435,model american engineering recognition brown world
train_landmarks/701974.parquet,701974,3457,14207,(555) 234-5678
train_landmarks/849367.parquet,849367,3458,18326,recognition over dataset learning
train_landmarks/754076.parquet,754076,3459,57447,evaluation language asl evaluation world
train_landmarks/679546.parquet,679546,3460,80010,dataset deep evaluation frequency brown sign
train_landmarks/252233.parquet,252233,3461,40021,recognition vision language jumps
train_landmarks/692801.parquet,692801,3462,30969,https://www.google.com
train_landmarks/909814.parquet,909814,3463,19116,language accuracy frequency guatemala
train_landmarks/299623.parquet,299623,3464,80284,https://github.com/kaggle
train_landmarks/408733.parquet,408733,3465,24592,fingerspelling language university fingerspelling learning
train_landmarks/685009.parquet,685009,3466,28131,456 elm st suite 200
train_landmarks/771339.parquet,771339,3467,86622,https://youtube.com/watch
train_landmarks/132002.parquet,132002,3468,22280,dataset welcome guatemala
train_landmarks/859589.parquet,859589,3469,42087,1-888-456-7890
train_landmarks/331103.parquet,331103,3470,69429,10 downing street london
train_landmarks/731662.parquet,731662,3471,40495,analysis sign vision
train_landmarks/688411.parquet,688411,3472,11504,model analysis guatemala analysis
train_landmarks/223527.parquet,223527,3473,54597,computer to language frequency jumps recognition
train_landmarks/476147.parquet,476147,3474,98696,science hello evaluation
train_landmarks/501010.parquet,501010,3475,45382,fingerspelling brown model the
train_landmarks/605339.parquet,605339,3476,75435,deep deep
train_landmarks/252795.parquet,252795,3477,42098,welcome to university fox model evaluation
train_landmarks/518036.parquet,518036,3478,14207,recognition evaluation frequency
train_landmarks/385109.parquet,385109,3479,99593,frequency model
train_landmarks/272223.parquet,272223,3480,13905,123 main street apt 4b
train_landmarks/101025.parquet,101025,3481,68878,https://apple.com/ios
train_landmarks/555342.parquet,555342,3482,80010,brown quick model evaluation american
train_landmarks/178702.parquet,178702,3483,89131,https://github.com/kaggle
train_landmarks/953869.parquet,953869,3484,18326,quick brown
train_landmarks/653451.parquet,653451,3485,57447,http://weather.com/today
train_landmarks/183995.parquet,183995,3486,99166,1-888-456-7890
train_landmarks/176716.parquet,176716,3487,59797,quick fingerspelling over computer
train_landmarks/305415.parquet,305415,3488,42953,vision computer quick asl vision
train_landmarks/383242.parquet,383242,3489,20458,www.nytimes.com/world
train_landmarks/562054.parquet,562054,3490,82357,1600 pennsylvania ave
train_landmarks/509718.parquet,509718,3491,28289,(415) 555-8833
train_landmarks/570836.parquet,570836,3492,28289,evaluation fingerspelling jumps jumps the
train_landmarks/937463.parquet,937463,3493,18675,www.nytimes.com/world
train_landmarks/860205.parquet,860205,3494,69429,university university engineering language university
train_landmarks/170038.parquet,170038,3495,46421,the university deep hello
train_landmarks/304753.parquet,304753,3496,83000,(212) 555-4321
train_landmarks/343388.parquet,343388,3497,22156,www.cdc.gov/covid
train_landmarks/429462.parquet,429462,3498,31417,123 main street apt 4b
train_landmarks/312460.parquet,312460,3499,48427,456 elm st suite 200
train_landmarks/213994.parquet,213994,3500,38746,742 evergreen terrace
train_landmarks/586806.parquet,586806,3501,57447,www.cdc.gov/covid
train_landmarks/810968.parquet,810968,3502,93320,www.cdc.gov/covid
train_landmarks/100487.parquet,100487,3503,82357,123 main street apt 4b
train_landmarks/886786.parquet,886786,3504,48427,221b baker street
train_landmarks/802160.parquet,802160,3505,66155,456 elm st suite 200
train_landmarks/619829.parquet,619829,3506,80284,asl lazy science analysis
train_landmarks/671671.parquet,671671,3507,54597,+1-555-987-6543
train_landmarks/721338.parquet,721338,3508,65302,www.cdc.gov/covid
train_landmarks/706922.parquet,706922,3509,69429,123 main street apt 4b
train_landmarks/514804.parquet,514804,3510,57819,(555) 234-5678
train_landmarks/957170.parquet,957170,3511,76784,http://weather.com/today
train_landmarks/398593.parquet,398593,3512,46421,science deep model
train_landmarks/517710.parquet,517710,3513,91070,742 evergreen terrace
train_landmarks/248660.parquet,248660,3514,86484,deep over lazy the over
train_landmarks/196750.parquet,196750,3515,38746,sign lazy computer hello university fingerspelling
train_landmarks/700330.parquet,700330,3516,57400,evaluation deep science evaluation frequency
train_landmarks/342880.parquet,342880,3517,69429,hello fox sign sign engineering fingerspelling
train_landmarks/454912.parquet,454912,3518,44671,+1-800-222-3344
train_landmarks/571485.parquet,571485,3519,18326,american learning
train_landmarks/671052.parquet,671052,3520,40495,fingerspelling university fox project brown
train_landmarks/620580.parquet,620580,3521,18326,(212) 555-4321
train_landmarks/643453.parquet,643453,3522,45093,frequency the evaluation
train_landmarks/494387.parquet,494387,3523,99593,vision over
train_landmarks/334784.parquet,334784,3524,42098,deep brown asl frequency
train_landmarks/483821.parquet,483821,3525,93320,www.amazon.com/deals
train_landmarks/665260.parquet,665260,3526,96673,deep fingerspelling
train_landmarks/257643.parquet,257643,3527,64987,vision university brown language welcome fingerspelling
train_landmarks/578911.parquet,578911,3528,40021,language sign
train_landmarks/814984.parquet,814984,3529,42953,(212) 555-4321
train_landmarks/753721.parquet,753721,3530,32431,evaluation frequency guatemala jumps
train_landmarks/139623.parquet,139623,3531,37869,guatemala deep
train_landmarks/340961.parquet,340961,3532,98696,science learning learning hello guatemala vision
train_landmarks/412619.parquet,412619,3533,47930,model computer language brown
train_landmarks/188095.parquet,188095,3534,40495,(212) 555-4321
train_landmarks/756477.parquet,756477,3535,83000,guatemala dataset quick vision fox
train_landmarks/287739.parquet,287739,3536,18326,1-888-456-7890
train_landmarks/521164.parquet,521164,3537,14207,456 elm st suite 200
train_landmarks/305509.parquet,305509,3538,87397,the computer world
train_landmarks/918149.parquet,918149,3539,82357,http://wikipedia.org/asl
train_landmarks/854354.parquet,854354,3540,89840,american sign asl jumps computer
train_landmarks/557666.parquet,557666,3541,19116,model jumps sign
train_landmarks/305681.parquet,305681,3542,28131,10 downing street london
train_landmarks/140034.parquet,140034,3543,62350,welcome sign fingerspelling lazy computer dog
train_landmarks/154391.parquet,154391,3544,83000,vision frequency
train_landmarks/892269.parquet,892269,3545,91070,dataset welcome project quick deep
train_landmarks/276076.parquet,276076,3546,22156,1-888-456-7890
train_landmarks/284452.parquet,284452,3547,22280,frequency hello lazy sign
train_landmarks/583064.parquet,583064,3548,82357,jumps model computer
train_landmarks/294708.parquet,294708,3549,39871,deep dataset model
train_landmarks/927887.parquet,927887,3550,62581,123 main street apt 4b
train_landmarks/304019.parquet,304019,3551,14207,university to over brown deep welcome
train_landmarks/658933.parquet,658933,3552,81482,over guatemala asl guatemala over
train_landmarks/717741.parquet,717741,3553,35203,(415) 555-8833
train_landmarks/333067.parquet,333067,3554,46463,221b baker street
train_landmarks/919653.parquet,919653,3555,81426,dog engineering
train_landmarks/628986.parquet,628986,3556,28131,https://youtube.com/watch
train_landmarks/487167.parquet,487167,3557,39256,10 downing street london
train_landmarks/613416.parquet,613416,3558,47930,guatemala language the welcome american
train_landmarks/813139.parquet,813139,3559,38893,+1-555-987-6543
train_landmarks/335097.parquet,335097,3560,24371,http://weather.com/today
train_landmarks/758639.parquet,758639,3561,93227,model brown model university recognition over
train_landmarks/308821.parquet,308821,3562,30379,recognition hello quick model
train_landmarks/320395.parquet,320395,3563,58520,742 evergreen terrace
train_landmarks/441045.parquet,441045,3564,75435,(555) 234-5678
train_landmarks/442640.parquet,442640,3565,88104,fox dataset asl
train_landmarks/324885.parquet,324885,3566,46421,dataset guatemala fox accuracy science
train_landmarks/432734.parquet,432734,3567,30033,http://weather.com/today
train_landmarks/987729.parquet,987729,3568,18326,http://wikipedia.org/asl
train_landmarks/397249.parquet,397249,3569,99192,quick to
train_landmarks/578814.parquet,578814,3570,52504,221b baker street
train_landmarks/227940.parquet,227940,3571,52504,project quick dataset jumps project hello
train_landmarks/236079.parquet,236079,3572,19116,1-888-456-7890
train_landmarks/652372.parquet,652372,3573,94259,fingerspelling analysis university language
train_landmarks/948708.parquet,948708,3574,99593,quick welcome evaluation american accuracy
train_landmarks/571628.parquet,571628,3575,62581,world over american to
train_landmarks/453669.parquet,453669,3576,20458,sign to recognition guatemala
train_landmarks/935298.parquet,935298,3577,75435,world american welcome computer fox brown
train_landmarks/826852.parquet,826852,3578,38746,1600 pennsylvania ave
train_landmarks/126629.parquet,126629,3579,95181,https://www.google.com
train_landmarks/141316.parquet,141316,3580,28131,http://weather.com/today
train_landmarks/490598.parquet,490598,3581,19358,vision dog guatemala jumps frequency analysis
train_landmarks/967252.parquet,967252,3582,76784,www.amazon.com/deals
train_landmarks/432793.parquet,432793,3583,20458,https://www.google.com
train_landmarks/439714.parquet,439714,3584,91070,742 evergreen terrace
train_landmarks/647133.parquet,647133,3585,99192,(415) 555-8833
train_landmarks/546360.parquet,546360,3586,23396,deep world world
train_landmarks/645059.parquet,645059,3587,76784,asl computer learning jumps guatemala
train_landmarks/823895.parquet,823895,3588,57819,fingerspelling analysis accuracy
train_landmarks/854304.parquet,854304,3589,56566,jumps the asl sign dataset
train_landmarks/275855.parquet,275855,3590,44671,lazy guatemala sign accuracy
train_landmarks/281271.parquet,281271,3591,80010,dataset lazy
train_landmarks/165971.parquet,165971,3592,80284,www.cdc.gov/covid
train_landmarks/982027.parquet,982027,3593,42098,computer quick dataset analysis
train_landmarks/644830.parquet,644830,3594,22676,+1-555-987-6543
train_landmarks/613317.parquet,613317,3595,93810,(415) 555-8833
train_landmarks/679596.parquet,679596,3596,11504,742 evergreen terrace
train_landmarks/658380.parquet,658380,3597,42953,(212) 555-4321
train_landmarks/523651.parquet,523651,3598,35203,vision over
train_landmarks/289441.parquet,289441,3599,75435,project hello engineering language hello
train_landmarks/242256.parquet,242256,3600,82357,221b baker street
train_landmarks/134281.parquet,134281,3601,62581,221b baker street
train_landmarks/194617.parquet,194617,3602,66155,asl vision dog fox quick
train_landmarks/290476.parquet,290476,3603,60019,vision over
train_landmarks/579374.parquet,579374,3604,19116,science learning dog
train_landmarks/691905.parquet,691905,3605,42325,guatemala university welcome
train_landmarks/280925.parquet,280925,3606,59797,1-888-456-7890
train_landmarks/744674.parquet,744674,3607,25014,(212) 555-4321
train_landmarks/279508.parquet,279508,3608,42098,accuracy vision recognition vision dog
train_landmarks/677407.parquet,677407,3609,93886,www.cdc.gov/covid
train_landmarks/440894.parquet,440894,3610,14207,accuracy frequency sign
train_landmarks/435757.parquet,435757,3611,45093,hello jumps learning project
train_landmarks/879784.parquet,879784,3612,76237,over asl hello
train_landmarks/120510.parquet,120510,3613,18326,frequency recognition guatemala american
train_landmarks/850246.parquet,850246,3614,87236,analysis recognition model
train_landmarks/710549.parquet,710549,3615,99733,123 main street apt 4b
train_landmarks/698782.parquet,698782,3616,46421,(555) 234-5678
train_landmarks/269963.parquet,269963,3617,44671,https://github.com/kaggle
train_landmarks/799107.parquet,799107,3618,89840,evaluation university learning dog learning
train_landmarks/957211.parquet,957211,3619,47930,221b baker street
train_landmarks/685432.parquet,685432,3620,64987,hello jumps accuracy dataset fox accuracy
train_landmarks/516422.parquet,516422,3621,38893,language over
train_landmarks/146625.parquet,146625,3622,47930,1-888-456-7890
train_landmarks/612696.parquet,612696,3623,28726,sign american language to lazy
train_landmarks/875926.parquet,875926,3624,30969,deep to dog sign
train_landmarks/163838.parquet,163838,3625,65302,lazy world
train_landmarks/416778.parquet,416778,3626,35203,(212) 555-4321
train_landmarks/776758.parquet,776758,3627,14165,www.amazon.com/deals
train_landmarks/214798.parquet,214798,3628,13278,1600 pennsylvania ave
train_landmarks/975753.parquet,975753,3629,14207,frequency language university
train_landmarks/198114.parquet,198114,3630,45382,www.cdc.gov/covid
train_landmarks/774141.parquet,774141,3631,64987,dataset vision fox lazy world frequency
train_landmarks/636221.parquet,636221,3632,30379,1-888-456-7890
train_landmarks/963239.parquet,963239,3633,46048,(555) 234-5678
train_landmarks/704555.parquet,704555,3634,28131,456 elm st suite 200
train_landmarks/186662.parquet,186662,3635,82512,1-888-456-7890
train_landmarks/624146.parquet,624146,3636,13478,http://wikipedia.org/asl
train_landmarks/252236.parquet,252236,3637,30379,10 downing street london
train_landmarks/258263.parquet,258263,3638,16175,lazy fox
train_landmarks/820147.parquet,820147,3639,88172,fingerspelling dataset jumps fox evaluation
train_landmarks/806150.parquet,806150,3640,47930,http://wikipedia.org/asl
train_landmarks/501166.parquet,501166,3641,28289,123 main street apt 4b
train_landmarks/289485.parquet,289485,3642,42098,https://www.google.com
train_landmarks/568179.parquet,568179,3643,80010,www.amazon.com/deals
train_landmarks/793861.parquet,793861,3644,35203,evaluation university lazy computer dataset quick
train_landmarks/699663.parquet,699663,3645,42098,(212) 555-4321
train_landmarks/453698.parquet,453698,3646,70589,(555) 234-5678
train_landmarks/792413.parquet,792413,3647,24592,(415) 555-8833
train_landmarks/797453.parquet,797453,3648,83579,fox evaluation world fox world accuracy
train_landmarks/816221.parquet,816221,3649,44671,221b baker street
train_landmarks/247441.parquet,247441,3650,39256,recognition welcome
train_landmarks/241174.parquet,241174,3651,59735,+1-555-987-6543
train_landmarks/493820.parquet,493820,3652,19116,https://github.com/kaggle
train_landmarks/834659.parquet,834659,3653,82512,learning model brown dataset
train_landmarks/786981.parquet,786981,3654,89840,https://github.com/kaggle
train_landmarks/850437.parquet,850437,3655,22676,to evaluation recognition model evaluation dog
train_landmarks/575774.parquet,575774,3656,51245,http://weather.com/today
train_landmarks/300022.parquet,300022,3657,22676,1600 pennsylvania ave
train_landmarks/676396.parquet,676396,3658,99192,1600 pennsylvania ave
train_landmarks/506185.parquet,506185,3659,91070,123 main street apt 4b
train_landmarks/322311.parquet,322311,3660,89840,guatemala analysis evaluation the
train_landmarks/605258.parquet,605258,3661,28289,jumps computer project language world
train_landmarks/274432.parquet,274432,3662,20458,science learning
train_landmarks/189520.parquet,189520,3663,28131,221b baker street
train_landmarks/123467.parquet,123467,3664,66155,123 main street apt 4b
train_landmarks/232626.parquet,232626,3665,46421,vision analysis to hello frequency model
train_landmarks/817696.parquet,817696,3666,46421,dog learning
train_landmarks/399322.parquet,399322,3667,57447,https://www.google.com
train_landmarks/230751.parquet,230751,3668,18326,www.amazon.com/deals
train_landmarks/525239.parquet,525239,3669,14165,university vision asl analysis welcome brown
train_landmarks/564322.parquet,564322,3670,46434,asl science over hello
train_landmarks/602867.parquet,602867,3671,26361,model hello science
train_landmarks/215930.parquet,215930,3672,16175,https://www.google.com
train_landmarks/906519.parquet,906519,3673,65302,https://apple.com/ios
train_landmarks/228594.parquet,228594,3674,54597,https://www.google.com
train_landmarks/945253.parquet,945253,3675,94259,language fox fingerspelling evaluation brown
train_landmarks/269737.parquet,269737,3676,28289,742 evergreen terrace
train_landmarks/670816.parquet,670816,3677,31319,http://wikipedia.org/asl
train_landmarks/951796.parquet,951796,3678,59823,science jumps quick learning
train_landmarks/459366.parquet,459366,3679,26361,brown american fingerspelling fox quick
train_landmarks/847237.parquet,847237,3680,35203,(555) 234-5678
train_landmarks/150120.parquet,150120,3681,44993,to sign world world
train_landmarks/939937.parquet,939937,3682,64987,742 evergreen terrace
train_landmarks/838265.parquet,838265,3683,80010,(555) 234-5678
train_landmarks/692583.parquet,692583,3684,66155,1600 pennsylvania ave
train_landmarks/657519.parquet,657519,3685,28726,science learning recognition american
train_landmarks/314498.parquet,314498,3686,81426,https://www.google.com
train_landmarks/449975.parquet,449975,3687,95181,(415) 555-8833
train_landmarks/942691.parquet,942691,3688,22676,computer over accuracy
train_landmarks/560824.parquet,560824,3689,48427,analysis science jumps to brown
train_landmarks/352232.parquet,352232,3690,96673,the quick hello fingerspelling fox
train_landmarks/446377.parquet,446377,3691,45093,dataset accuracy
train_landmarks/153034.parquet,153034,3692,23434,456 elm st suite 200
train_landmarks/798914.parquet,798914,3693,42098,1600 pennsylvania ave
train_landmarks/139165.parquet,139165,3694,35203,http://weather.com/today
train_landmarks/714008.parquet,714008,3695,18675,+1-800-222-3344
train_landmarks/678850.parquet,678850,3696,10851,http://weather.com/today
train_landmarks/702059.parquet,702059,3697,40021,https://github.com/kaggle
train_landmarks/800144.parquet,800144,3698,59797,welcome over
train_landmarks/367933.parquet,367933,3699,30033,quick recognition vision recognition american university
train_landmarks/921376.parquet,921376,3700,92240,vision vision lazy recognition deep
train_landmarks/953189.parquet,953189,3701,89131,221b baker street
train_landmarks/683576.parquet,683576,3702,30379,fingerspelling asl
train_landmarks/204413.parquet,204413,3703,39871,www.nytimes.com/world
train_landmarks/400579.parquet,400579,3704,38221,project hello dog over welcome
train_landmarks/291905.parquet,291905,3705,62581,(415) 555-8833
train_landmarks/640423.parquet,640423,3706,28131,world language fox computer accuracy brown
train_landmarks/962501.parquet,962501,3707,62581,analysis model guatemala
train_landmarks/246346.parquet,246346,3708,38746,www.nytimes.com/world
train_landmarks/153457.parquet,153457,3709,35203,model fox fingerspelling model vision vision
train_landmarks/761467.parquet,761467,3710,81426,fox university university guatemala
train_landmarks/938007.parquet,938007,3711,75435,www.amazon.com/deals
train_landmarks/817588.parquet,817588,3712,48427,language recognition analysis evaluation science jumps
train_landmarks/217395.parquet,217395,3713,62581,www.nytimes.com/world
train_landmarks/123501.parquet,123501,3714,22676,american recognition world vision quick model
train_landmarks/174039.parquet,174039,3715,65302,analysis welcome jumps evaluation science
train_landmarks/473346.parquet,473346,3716,25014,language science american
train_landmarks/558927.parquet,558927,3717,81426,over accuracy hello quick project project
train_landmarks/198248.parquet,198248,3718,99166,model asl brown
train_landmarks/724616.parquet,724616,3719,11504,10 downing street london
train_landmarks/800431.parquet,800431,3720,80644,www.cdc.gov/covid
train_landmarks/635715.parquet,635715,3721,14207,hello over deep language american project
train_landmarks/888693.parquet,888693,3722,31417,10 downing street london
train_landmarks/989121.parquet,989121,3723,16175,10 downing street london
train_landmarks/152455.parquet,152455,3724,55082,1-888-456-7890
train_landmarks/471868.parquet,471868,3725,69429,(555) 234-5678
train_landmarks/371215.parquet,371215,3726,38785,accuracy fingerspelling
train_landmarks/471835.parquet,471835,3727,39871,456 elm st suite 200
train_landmarks/678654.parquet,678654,3728,20458,american deep accuracy
train_landmarks/680084.parquet,680084,3729,80284,learning to evaluation project
train_landmarks/936621.parquet,936621,3730,32431,over vision analysis university learning
train_landmarks/396788.parquet,396788,3731,74686,asl hello hello computer the
train_landmarks/575067.parquet,575067,3732,30926,brown the language
train_landmarks/207174.parquet,207174,3733,18326,123 main street apt 4b
train_landmarks/472843.parquet,472843,3734,45093,model fingerspelling sign
train_landmarks/231132.parquet,231132,3735,38746,https://github.com/kaggle
train_landmarks/378835.parquet,378835,3736,89840,deep dog quick science engineering fingerspelling
train_landmarks/258690.parquet,258690,3737,42325,science language science computer brown world
train_landmarks/324869.parquet,324869,3738,13278,recognition dataset
train_landmarks/859977.parquet,859977,3739,57447,(415) 555-8833
train_landmarks/892189.parquet,892189,3740,39256,engineering frequency learning
train_landmarks/213204.parquet,213204,3741,30033,(212) 555-4321
train_landmarks/854675.parquet,854675,3742,25014,742 evergreen terrace
train_landmarks/458328.parquet,458328,3743,89131,800-555-0199
train_landmarks/145918.parquet,145918,3744,54597,language fox welcome model
train_landmarks/122996.parquet,122996,3745,44718,analysis world world jumps
train_landmarks/230620.parquet,230620,3746,22156,welcome quick lazy world the
train_landmarks/694772.parquet,694772,3747,16175,742 evergreen terrace
train_landmarks/592879.parquet,592879,3748,13905,analysis university brown sign learning
train_landmarks/723427.parquet,723427,3749,88907,computer language guatemala dataset frequency project
train_landmarks/677925.parquet,677925,3750,11504,http://weather.com/today
train_landmarks/183487.parquet,183487,3751,62581,456 elm st suite 200
train_landmarks/642084.parquet,642084,3752,76784,evaluation model
train_landmarks/752788.parquet,752788,3753,70217,(212) 555-4321
train_landmarks/757027.parquet,757027,3754,62581,1600 pennsylvania ave
train_landmarks/672433.parquet,672433,3755,45382,10 downing street london
train_landmarks/664557.parquet,664557,3756,93886,learning recognition deep
train_landmarks/676247.parquet,676247,3757,45093,221b baker street
train_landmarks/499677.parquet,499677,3758,42087,welcome recognition
train_landmarks/428786.parquet,428786,3759,20458,fox computer
train_landmarks/857471.parquet,857471,3760,22676,quick deep project
train_landmarks/478867.parquet,478867,3761,44718,(212) 555-4321
train_landmarks/828515.parquet,828515,3762,46421,http://wikipedia.org/asl
train_landmarks/173802.parquet,173802,3763,18675,456 elm st suite 200
train_landmarks/815932.parquet,815932,3764,30379,model sign evaluation
train_landmarks/946729.parquet,946729,3765,99733,456 elm st suite 200
train_landmarks/429659.parquet,429659,3766,61856,(415) 555-8833
train_landmarks/779077.parquet,779077,3767,46421,https://apple.com/ios
train_landmarks/707407.parquet,707407,3768,23434,+1-555-987-6543
train_landmarks/728614.parquet,728614,3769,13478,www.nytimes.com/world
train_landmarks/108051.parquet,108051,3770,93886,http://weather.com/today
train_landmarks/946194.parquet,946194,3771,74686,https://apple.com/ios
train_landmarks/708555.parquet,708555,3772,39256,(555) 234-5678
train_landmarks/407565.parquet,407565,3773,75435,deep world analysis frequency computer
train_landmarks/552292.parquet,552292,3774,59615,742 evergreen terrace
train_landmarks/442752.parquet,442752,3775,93320,over model university welcome
train_landmarks/481878.parquet,481878,3776,88172,456 elm st suite 200
train_landmarks/456428.parquet,456428,3777,26361,language evaluation
train_landmarks/423508.parquet,423508,3778,69429,lazy american computer
train_landmarks/545803.parquet,545803,3779,24592,www.amazon.com/deals
train_landmarks/370625.parquet,370625,3780,65302,evaluation frequency lazy fingerspelling learning
train_landmarks/156824.parquet,156824,3781,59797,www.amazon.com/deals
train_landmarks/732973.parquet,732973,3782,42098,university the university
train_landmarks/546164.parquet,546164,3783,52504,800-555-0199
train_landmarks/224166.parquet,224166,3784,20458,+1-555-987-6543
train_landmarks/289838.parquet,289838,3785,89840,science analysis deep project fingerspelling
train_landmarks/900911.parquet,900911,3786,68878,742 evergreen terrace
train_landmarks/509095.parquet,509095,3787,89131,http://wikipedia.org/asl
train_landmarks/285469.parquet,285469,3788,14207,(555) 234-5678
train_landmarks/196783.parquet,196783,3789,79352,221b baker street
train_landmarks/954888.parquet,954888,3790,28289,accuracy vision engineering the analysis sign
train_landmarks/213610.parquet,213610,3791,30033,221b baker street
train_landmarks/515320.parquet,515320,3792,42087,456 elm st suite 200
train_landmarks/685975.parquet,685975,3793,32431,http://wikipedia.org/asl
train_landmarks/281287.parquet,281287,3794,58520,science evaluation the accuracy
train_landmarks/567785.parquet,567785,3795,81482,https://youtube.com/watch
train_landmarks/931026.parquet,931026,3796,65302,800-555-0199
train_landmarks/769614.parquet,769614,3797,45382,jumps fox
train_landmarks/272620.parquet,272620,3798,59615,https://apple.com/ios
train_landmarks/363432.parquet,363432,3799,99192,+1-800-222-3344
train_landmarks/601976.parquet,601976,3800,96673,456 elm st suite 200
train_landmarks/462512.parquet,462512,3801,95181,frequency sign project to model
train_landmarks/277003.parquet,277003,3802,37869,1600 pennsylvania ave
train_landmarks/639026.parquet,639026,3803,89131,800-555-0199
train_landmarks/229400.parquet,229400,3804,97841,american frequency to
train_landmarks/888971.parquet,888971,3805,18675,quick deep science welcome
train_landmarks/485275.parquet,485275,3806,30969,(212) 555-4321
train_landmarks/454984.parquet,454984,3807,83579,model brown jumps
train_landmarks/302950.parquet,302950,3808,62581,(415) 555-8833
train_landmarks/569184.parquet,569184,3809,45093,1-888-456-7890
train_landmarks/744640.parquet,744640,3810,60019,deep computer accuracy brown science
train_landmarks/911129.parquet,911129,3811,89131,123 main street apt 4b
train_landmarks/354695.parquet,354695,3812,93810,american quick frequency
train_landmarks/682052.parquet,682052,3813,22676,model analysis to
train_landmarks/113228.parquet,113228,3814,46421,accuracy brown
train_landmarks/922123.parquet,922123,3815,14207,123 main street apt 4b
train_landmarks/966859.parquet,966859,3816,52504,www.amazon.com/deals
train_landmarks/849478.parquet,849478,3817,45382,asl engineering
train_landmarks/340694.parquet,340694,3818,13278,221b baker street
train_landmarks/627477.parquet,627477,3819,75435,computer dog model analysis
train_landmarks/112389.parquet,112389,3820,70217,http://wikipedia.org/asl
train_landmarks/639704.parquet,639704,3821,14207,https://youtube.com/watch
train_landmarks/561941.parquet,561941,3822,89840,1600 pennsylvania ave
train_landmarks/639165.parquet,639165,3823,20328,to over hello university guatemala
train_landmarks/374362.parquet,374362,3824,13478,(555) 234-5678
train_landmarks/965968.parquet,965968,3825,65302,analysis deep project computer science evaluation
train_landmarks/212358.parquet,212358,3826,28131,www.amazon.com/deals
train_landmarks/352626.parquet,352626,3827,99192,jumps project
train_landmarks/626740.parquet,626740,3828,40021,frequency dataset accuracy language
train_landmarks/546258.parquet,546258,3829,13905,american over analysis deep brown engineering
train_landmarks/429779.parquet,429779,3830,19116,10 downing street london
train_landmarks/239297.parquet,239297,3831,75435,world science
train_landmarks/244210.parquet,244210,3832,42325,800-555-0199
train_landmarks/138198.parquet,138198,3833,40495,sign guatemala learning over jumps lazy
train_landmarks/683791.parquet,683791,3834,93810,science sign dog accuracy jumps fox
train_landmarks/777454.parquet,777454,3835,51245,the university over analysis lazy
train_landmarks/280777.parquet,280777,3836,48427,university learning language lazy jumps quick
train_landmarks/222655.parquet,222655,3837,22156,https://github.com/kaggle
train_landmarks/284265.parquet,284265,3838,24592,brown sign
train_landmarks/583717.parquet,583717,3839,19358,742 evergreen terrace
train_landmarks/147510.parquet,147510,3840,74686,model recognition frequency university deep learning
train_landmarks/227614.parquet,227614,3841,88104,http://wikipedia.org/asl
train_landmarks/957556.parquet,957556,3842,80010,+1-555-987-6543
train_landmarks/502355.parquet,502355,3843,56566,brown learning analysis world
train_landmarks/434836.parquet,434836,3844,65302,recognition dataset
train_landmarks/924357.parquet,924357,3845,89840,456 elm st suite 200
train_landmarks/921075.parquet,921075,3846,91070,vision lazy welcome frequency recognition model
train_landmarks/928485.parquet,928485,3847,93886,https://www.google.com
train_landmarks/308200.parquet,308200,3848,85674,project dataset
train_landmarks/291238.parquet,291238,3849,38221,http://weather.com/today
train_landmarks/445426.parquet,445426,3850,65302,asl model welcome analysis quick science
train_landmarks/800912.parquet,800912,3851,15695,1600 pennsylvania ave
train_landmarks/196497.parquet,196497,3852,14165,https://youtube.com/watch
train_landmarks/488988.parquet,488988,3853,68878,(555) 234-5678
train_landmarks/843397.parquet,843397,3854,99166,https://github.com/kaggle
train_landmarks/395900.parquet,395900,3855,59823,www.nytimes.com/world
train_landmarks/667965.parquet,667965,3856,99593,456 elm st suite 200
train_landmarks/743949.parquet,743949,3857,16175,hello computer quick computer asl language
train_landmarks/304102.parquet,304102,3858,25014,221b baker street
train_landmarks/312129.parquet,312129,3859,70589,800-555-0199
train_landmarks/496278.parquet,496278,3860,62350,language fingerspelling asl project the dog
train_landmarks/554504.parquet,554504,3861,80284,analysis language project engineering vision american
train_landmarks/744208.parquet,744208,3862,44671,https://www.google.com
train_landmarks/489017.parquet,489017,3863,19116,over science brown science asl
train_landmarks/826886.parquet,826886,3864,62581,the brown science
train_landmarks/835620.parquet,835620,3865,45093,project guatemala sign language
train_landmarks/295844.parquet,295844,3866,15695,1600 pennsylvania ave
train_landmarks/182480.parquet,182480,3867,13478,evaluation engineering
train_landmarks/699407.parquet,699407,3868,52504,123 main street apt 4b
train_landmarks/176377.parquet,176377,3869,88907,to welcome guatemala project
train_landmarks/579113.parquet,579113,3870,31417,(555) 234-5678
train_landmarks/803556.parquet,803556,3871,18675,world recognition evaluation fox deep
train_landmarks/975336.parquet,975336,3872,37653,world computer recognition
train_landmarks/244463.parquet,244463,3873,70142,123 main street apt 4b
train_landmarks/270623.parquet,270623,3874,16175,www.nytimes.com/world
train_landmarks/450504.parquet,450504,3875,58520,science accuracy
train_landmarks/377174.parquet,377174,3876,75435,hello jumps model to
train_landmarks/407912.parquet,407912,3877,38785,742 evergreen terrace
train_landmarks/434454.parquet,434454,3878,46463,221b baker street
train_landmarks/232559.parquet,232559,3879,42098,www.cdc.gov/covid
train_landmarks/232465.parquet,232465,3880,57052,american the language university
train_landmarks/152199.parquet,152199,3881,59823,https://youtube.com/watch
train_landmarks/330222.parquet,330222,3882,83000,fingerspelling guatemala project lazy
train_landmarks/242619.parquet,242619,3883,74686,+1-800-222-3344
train_landmarks/592833.parquet,592833,3884,10851,over language welcome learning evaluation the
train_landmarks/193280.parquet,193280,3885,76237,10 downing street london
train_landmarks/956505.parquet,956505,3886,71348,deep learning dog
train_landmarks/242868.parquet,242868,3887,22280,asl university
train_landmarks/933451.parquet,933451,3888,93320,project quick
train_landmarks/468503.parquet,468503,3889,70589,fox language
train_landmarks/101075.parquet,101075,3890,19358,analysis fox accuracy brown lazy
train_landmarks/184799.parquet,184799,3891,65302,dataset dog
train_landmarks/956624.parquet,956624,3892,23434,quick language lazy quick brown
train_landmarks/551084.parquet,551084,3893,22280,the project
train_landmarks/834696.parquet,834696,3894,70589,frequency language
train_landmarks/427426.parquet,427426,3895,89840,learning dog vision accuracy
train_landmarks/647254.parquet,647254,3896,30379,221b baker street
train_landmarks/682308.parquet,682308,3897,17331,to recognition world project fox
train_landmarks/976958.parquet,976958,3898,57447,accuracy american jumps project accuracy accuracy
train_landmarks/186656.parquet,186656,3899,39256,+1-800-222-3344
train_landmarks/860587.parquet,860587,3900,31319,hello quick
train_landmarks/468883.parquet,468883,3901,45093,fingerspelling deep brown analysis dog analysis
train_landmarks/929075.parquet,929075,3902,22156,hello evaluation model to university
train_landmarks/541111.parquet,541111,3903,44671,frequency engineering science dataset science
train_landmarks/716862.parquet,716862,3904,83000,analysis university american language
train_landmarks/285468.parquet,285468,3905,30969,123 main street apt 4b
train_landmarks/501211.parquet,501211,3906,62350,fingerspelling jumps quick to
train_landmarks/567157.parquet,567157,3907,70589,learning asl science to
train_landmarks/183950.parquet,183950,3908,75435,456 elm st suite 200
train_landmarks/267201.parquet,267201,3909,92397,800-555-0199
train_landmarks/864607.parquet,864607,3910,40021,quick university analysis welcome quick computer
train_landmarks/424506.parquet,424506,3911,69429,fox dog guatemala engineering project american
train_landmarks/506742.parquet,506742,3912,46463,https://www.google.com
train_landmarks/249237.parquet,249237,3913,37653,1600 pennsylvania ave
train_landmarks/838364.parquet,838364,3914,89840,quick learning over the learning
train_landmarks/488968.parquet,488968,3915,48427,accuracy university learning brown
train_landmarks/285730.parquet,285730,3916,99192,deep lazy
train_landmarks/428987.parquet,428987,3917,46048,to guatemala the frequency evaluation learning
train_landmarks/153240.parquet,153240,3918,15695,http://wikipedia.org/asl
train_landmarks/453643.parquet,453643,3919,23434,(415) 555-8833
train_landmarks/291986.parquet,291986,3920,44718,guatemala vision deep hello
train_landmarks/764499.parquet,764499,3921,37653,quick world guatemala american
train_landmarks/902144.parquet,902144,3922,26361,123 main street apt 4b
train_landmarks/985548.parquet,985548,3923,62581,https://apple.com/ios
train_landmarks/151922.parquet,151922,3924,35203,deep vision university vision model quick
train_landmarks/511744.parquet,511744,3925,28726,(415) 555-8833
train_landmarks/752256.parquet,752256,3926,69429,+1-555-987-6543
train_landmarks/910403.parquet,910403,3927,39871,deep recognition the
train_landmarks/465124.parquet,465124,3928,18326,https://www.google.com
train_landmarks/324933.parquet,324933,3929,23396,221b baker street
train_landmarks/741282.parquet,741282,3930,76237,brown sign computer university
train_landmarks/332135.parquet,332135,3931,70589,analysis computer over sign
train_landmarks/462920.parquet,462920,3932,42953,university deep to
train_landmarks/147924.parquet,147924,3933,91070,742 evergreen terrace
train_landmarks/134873.parquet,134873,3934,23434,www.nytimes.com/world
train_landmarks/697053.parquet,697053,3935,59615,vision fingerspelling
train_landmarks/549286.parquet,549286,3936,58520,quick language learning project quick deep
train_landmarks/353373.parquet,353373,3937,64987,hello deep learning guatemala vision language
train_landmarks/403013.parquet,403013,3938,40021,10 downing street london
train_landmarks/493183.parquet,493183,3939,25014,the american
train_landmarks/495288.parquet,495288,3940,69429,to the over
train_landmarks/464840.parquet,464840,3941,82357,american engineering
train_landmarks/428312.parquet,428312,3942,19116,(212) 555-4321
train_landmarks/292565.parquet,292565,3943,40495,(212) 555-4321
train_landmarks/663335.parquet,663335,3944,24371,1-888-456-7890
train_landmarks/164118.parquet,164118,3945,39871,learning jumps accuracy welcome frequency brown
train_landmarks/873040.parquet,873040,3946,85674,quick analysis fingerspelling deep to the
train_landmarks/901432.parquet,901432,3947,14207,university american hello jumps analysis brown
train_landmarks/511652.parquet,511652,3948,59823,123 main street apt 4b
train_landmarks/746202.parquet,746202,3949,40021,analysis to engineering university
train_landmarks/450311.parquet,450311,3950,23434,language engineering science frequency frequency brown
train_landmarks/722245.parquet,722245,3951,62350,welcome fingerspelling dog model fingerspelling
train_landmarks/943167.parquet,943167,3952,18326,analysis jumps
train_landmarks/488019.parquet,488019,3953,40021,123 main street apt 4b
train_landmarks/181513.parquet,181513,3954,88104,(212) 555-4321
train_landmarks/125862.parquet,125862,3955,81426,the science brown
train_landmarks/460974.parquet,460974,3956,93320,learning language over
train_landmarks/552407.parquet,552407,3957,45382,fox accuracy learning
train_landmarks/279219.parquet,279219,3958,70589,https://apple.com/ios
train_landmarks/923841.parquet,923841,3959,19116,www.nytimes.com/world
train_landmarks/857899.parquet,857899,3960,59615,www.amazon.com/deals
train_landmarks/693015.parquet,693015,3961,88907,http://wikipedia.org/asl
train_landmarks/910342.parquet,910342,3962,35203,https://youtube.com/watch
train_landmarks/321706.parquet,321706,3963,64987,language brown recognition welcome
train_landmarks/886038.parquet,886038,3964,75435,456 elm st suite 200
train_landmarks/275614.parquet,275614,3965,54597,asl sign
train_landmarks/843261.parquet,843261,3966,23434,www.amazon.com/deals
train_landmarks/347813.parquet,347813,3967,89840,10 downing street london
train_landmarks/733207.parquet,733207,3968,45382,language asl
train_landmarks/262081.parquet,262081,3969,16175,project over american welcome analysis frequency
train_landmarks/789288.parquet,789288,3970,42087,https://apple.com/ios
train_landmarks/244810.parquet,244810,3971,20328,+1-800-222-3344
train_landmarks/599931.parquet,599931,3972,86622,(555) 234-5678
train_landmarks/286260.parquet,286260,3973,19358,world jumps university engineering jumps guatemala
train_landmarks/162033.parquet,162033,3974,87397,+1-555-987-6543
train_landmarks/392284.parquet,392284,3975,80010,1600 pennsylvania ave
train_landmarks/786642.parquet,786642,3976,99192,800-555-0199
train_landmarks/885704.parquet,885704,3977,35203,brown engineering
train_landmarks/477384.parquet,477384,3978,89131,learning deep dataset
train_landmarks/870479.parquet,870479,3979,95181,https://www.google.com
train_landmarks/764843.parquet,764843,3980,81426,(555) 234-5678
train_landmarks/390453.parquet,390453,3981,40512,dog jumps learning
train_landmarks/622219.parquet,622219,3982,45382,123 main street apt 4b
train_landmarks/829234.parquet,829234,3983,87397,asl lazy analysis
train_landmarks/896188.parquet,896188,3984,18326,http://wikipedia.org/asl
train_landmarks/538229.parquet,538229,3985,70142,742 evergreen terrace
train_landmarks/526936.parquet,526936,3986,59735,800-555-0199
train_landmarks/103026.parquet,103026,3987,28131,to accuracy
train_landmarks/342020.parquet,342020,3988,87397,project to analysis fox sign
train_landmarks/238432.parquet,238432,3989,93320,vision engineering
train_landmarks/194014.parquet,194014,3990,52504,10 downing street london
train_landmarks/878354.parquet,878354,3991,28131,http://weather.com/today
train_landmarks/496487.parquet,496487,3992,42325,frequency over
train_landmarks/885461.parquet,885461,3993,22676,fox evaluation hello
train_landmarks/983054.parquet,983054,3994,18326,model brown asl over language accuracy
train_landmarks/312886.parquet,312886,3995,76237,american american asl language asl
train_landmarks/982102.parquet,982102,3996,24371,456 elm st suite 200
train_landmarks/582874.parquet,582874,3997,42953,asl learning
train_landmarks/260402.parquet,260402,3998,87236,https://apple.com/ios
train_landmarks/943245.parquet,943245,3999,95909,1600 pennsylvania ave
train_landmarks/163380.parquet,163380,4000,39256,1600 pennsylvania ave
train_landmarks/916634.parquet,916634,4001,16006,world quick guatemala asl
train_landmarks/305884.parquet,305884,4002,56566,evaluation learning language to world recognition
train_landmarks/275400.parquet,275400,4003,70589,123 main street apt 4b
train_landmarks/987629.parquet,987629,4004,18326,800-555-0199
train_landmarks/554914.parquet,554914,4005,62581,brown guatemala
train_landmarks/368148.parquet,368148,4006,57819,(212) 555-4321
train_landmarks/797790.parquet,797790,4007,86484,www.amazon.com/deals
train_landmarks/786341.parquet,786341,4008,60019,hello jumps deep frequency
train_landmarks/767137.parquet,767137,4009,46048,sign american
train_landmarks/722978.parquet,722978,4010,99166,fox computer fingerspelling vision learning analysis
train_landmarks/845763.parquet,845763,4011,65302,https://youtube.com/watch
train_landmarks/376477.parquet,376477,4012,62350,1-888-456-7890
train_landmarks/455294.parquet,455294,4013,22676,learning guatemala world
train_landmarks/583323.parquet,583323,4014,13478,analysis deep asl
train_landmarks/347306.parquet,347306,4015,59823,+1-555-987-6543
train_landmarks/312134.parquet,312134,4016,40021,accuracy dog
train_landmarks/182507.parquet,182507,4017,91070,model sign fingerspelling asl
train_landmarks/853682.parquet,853682,4018,23434,+1-800-222-3344
train_landmarks/589584.parquet,589584,4019,45382,university language hello welcome science
train_landmarks/715332.parquet,715332,4020,30969,learning guatemala university to
train_landmarks/309052.parquet,309052,4021,57400,123 main street apt 4b
train_landmarks/557793.parquet,557793,4022,54597,456 elm st suite 200
train_landmarks/998887.parquet,998887,4023,59823,(212) 555-4321
train_landmarks/863503.parquet,863503,4024,39256,asl accuracy science analysis jumps over
train_landmarks/399421.parquet,399421,4025,57447,221b baker street
train_landmarks/831634.parquet,831634,4026,28131,welcome model computer guatemala american accuracy
train_landmarks/294369.parquet,294369,4027,59735,jumps evaluation asl asl world science
train_landmarks/218323.parquet,218323,4028,82357,the frequency world
train_landmarks/351236.parquet,351236,4029,86622,10 downing street london
train_landmarks/717088.parquet,717088,4030,89840,over jumps accuracy quick
train_landmarks/800131.parquet,800131,4031,28131,recognition hello analysis guatemala accuracy world
train_landmarks/432120.parquet,432120,4032,52504,learning quick language
train_landmarks/330697.parquet,330697,4033,42325,dog guatemala deep the sign
train_landmarks/819594.parquet,819594,4034,45382,guatemala model university jumps fox
train_landmarks/486253.parquet,486253,4035,39871,fox university world over to
train_landmarks/789901.parquet,789901,4036,88104,800-555-0199
train_landmarks/553976.parquet,553976,4037,19358,accuracy hello model vision deep quick
train_landmarks/621373.parquet,621373,4038,93886,800-555-0199
train_landmarks/779587.parquet,779587,4039,46421,deep fingerspelling
train_landmarks/458022.parquet,458022,4040,99733,dog science science
train_landmarks/705347.parquet,705347,4041,80010,10 downing street london
train_landmarks/439648.parquet,439648,4042,46463,123 main street apt 4b
train_landmarks/590765.parquet,590765,4043,23434,http://weather.com/today
train_landmarks/164954.parquet,164954,4044,93886,university computer
train_landmarks/474456.parquet,474456,4045,44718,university brown university asl vision
train_landmarks/790262.parquet,790262,4046,37460,the over
train_landmarks/997932.parquet,997932,4047,46421,brown lazy project
train_landmarks/987810.parquet,987810,4048,51347,science recognition
train_landmarks/337721.parquet,337721,4049,87397,evaluation dog
train_landmarks/517329.parquet,517329,4050,59823,american over
train_landmarks/136786.parquet,136786,4051,64987,800-555-0199
train_landmarks/496449.parquet,496449,4052,46463,learning sign asl analysis
train_landmarks/128090.parquet,128090,4053,30926,language computer project
train_landmarks/358087.parquet,358087,4054,85674,10 downing street london
train_landmarks/491673.parquet,491673,4055,28289,model frequency deep university
train_landmarks/255565.parquet,255565,4056,19116,(415) 555-8833
train_landmarks/826899.parquet,826899,4057,56566,dog computer analysis recognition over
train_landmarks/401286.parquet,401286,4058,57819,456 elm st suite 200
train_landmarks/824765.parquet,824765,4059,57400,evaluation dog dog
train_landmarks/547554.parquet,547554,4060,76784,www.amazon.com/deals
train_landmarks/136446.parquet,136446,4061,95181,742 evergreen terrace
train_landmarks/151332.parquet,151332,4062,58520,quick lazy computer accuracy fox
train_landmarks/630229.parquet,630229,4063,23434,asl fox american
train_landmarks/263547.parquet,263547,4064,21395,1600 pennsylvania ave
train_landmarks/776128.parquet,776128,4065,80010,dog guatemala deep computer lazy brown
train_landmarks/616942.parquet,616942,4066,80010,university evaluation sign hello fingerspelling
train_landmarks/310034.parquet,310034,4067,24371,1600 pennsylvania ave
train_landmarks/237388.parquet,237388,4068,93227,https://github.com/kaggle
train_landmarks/824410.parquet,824410,4069,88104,guatemala university american
train_landmarks/765573.parquet,765573,4070,39256,http://weather.com/today
train_landmarks/366082.parquet,366082,4071,14165,language deep dataset over
train_landmarks/955309.parquet,955309,4072,39256,over guatemala fingerspelling
train_landmarks/495341.parquet,495341,4073,46463,1-888-456-7890
train_landmarks/453929.parquet,453929,4074,19358,(415) 555-8833
train_landmarks/151704.parquet,151704,4075,40021,model computer learning
train_landmarks/937537.parquet,937537,4076,39256,+1-800-222-3344
train_landmarks/779219.parquet,779219,4077,60019,https://www.google.com
train_landmarks/384747.parquet,384747,4078,76784,456 elm st suite 200
train_landmarks/389175.parquet,389175,4079,89131,https://github.com/kaggle
train_landmarks/106619.parquet,106619,4080,87397,1600 pennsylvania ave
train_landmarks/340244.parquet,340244,4081,38893,evaluation vision welcome the
train_landmarks/792051.parquet,792051,4082,88907,https://youtube.com/watch
train_landmarks/282992.parquet,282992,4083,76237,742 evergreen terrace
train_landmarks/633429.parquet,633429,4084,56566,dog model project asl brown
train_landmarks/865982.parquet,865982,4085,54118,(212) 555-4321
train_landmarks/147220.parquet,147220,4086,48427,1600 pennsylvania ave
train_landmarks/696301.parquet,696301,4087,99166,www.cdc.gov/covid
train_landmarks/756627.parquet,756627,4088,45093,brown engineering hello brown
train_landmarks/903657.parquet,903657,4089,60019,welcome hello language deep
train_landmarks/704223.parquet,704223,4090,36062,engineering recognition science american accuracy quick
train_landmarks/942455.parquet,942455,4091,57400,www.cdc.gov/covid
train_landmarks/119042.parquet,119042,4092,89840,(212) 555-4321
train_landmarks/265985.parquet,265985,4093,87397,computer vision
train_landmarks/200761.parquet,200761,4094,93810,http://wikipedia.org/asl
train_landmarks/256941.parquet,256941,4095,62581,123 main street apt 4b
train_landmarks/699338.parquet,699338,4096,40021,(415) 555-8833
train_landmarks/550883.parquet,550883,4097,96673,fingerspelling sign vision fingerspelling language sign
train_landmarks/326093.parquet,326093,4098,31319,https://youtube.com/watch
train_landmarks/614378.parquet,614378,4099,39871,brown recognition evaluation
train_landmarks/238256.parquet,238256,4100,46048,456 elm st suite 200
train_landmarks/807736.parquet,807736,4101,26361,guatemala deep guatemala sign project
train_landmarks/671155.parquet,671155,4102,87236,123 main street apt 4b
train_landmarks/981495.parquet,981495,4103,14165,guatemala deep analysis
train_landmarks/832203.parquet,832203,4104,88104,fox fox evaluation
train_landmarks/444788.parquet,444788,4105,45382,742 evergreen terrace
train_landmarks/637389.parquet,637389,4106,75435,vision over jumps quick fox brown
train_landmarks/983073.parquet,983073,4107,15695,www.amazon.com/deals
train_landmarks/609911.parquet,609911,4108,35203,engineering language project university
train_landmarks/603251.parquet,603251,4109,30379,https://www.google.com
train_landmarks/101248.parquet,101248,4110,14165,https://apple.com/ios
train_landmarks/586819.parquet,586819,4111,87236,1600 pennsylvania ave
train_landmarks/671217.parquet,671217,4112,86622,american world science science welcome
train_landmarks/193351.parquet,193351,4113,62581,123 main street apt 4b
train_landmarks/504390.parquet,504390,4114,89840,deep quick frequency quick fingerspelling
train_landmarks/470150.parquet,470150,4115,93320,123 main street apt 4b
train_landmarks/593103.parquet,593103,4116,99192,1-888-456-7890
train_landmarks/875018.parquet,875018,4117,21395,1600 pennsylvania ave
train_landmarks/692493.parquet,692493,4118,22676,123 main street apt 4b
train_landmarks/586961.parquet,586961,4119,82357,742 evergreen terrace
train_landmarks/765834.parquet,765834,4120,42325,jumps deep dog lazy
train_landmarks/828468.parquet,828468,4121,25014,456 elm st suite 200
train_landmarks/853942.parquet,853942,4122,38221,www.amazon.com/deals
train_landmarks/466754.parquet,466754,4123,24371,https://apple.com/ios
train_landmarks/268927.parquet,268927,4124,28131,10 downing street london
train_landmarks/316394.parquet,316394,4125,46421,123 main street apt 4b
train_landmarks/182169.parquet,182169,4126,19116,world sign frequency model evaluation computer
train_landmarks/465618.parquet,465618,4127,96673,vision hello engineering dataset frequency
train_landmarks/406351.parquet,406351,4128,11504,learning evaluation accuracy welcome
train_landmarks/227205.parquet,227205,4129,87236,221b baker street
train_landmarks/717703.parquet,717703,4130,86622,1-888-456-7890
train_landmarks/354235.parquet,354235,4131,26361,world science dog analysis
train_landmarks/529830.parquet,529830,4132,75435,1-888-456-7890
train_landmarks/895943.parquet,895943,4133,47930,over dog recognition american jumps learning
train_landmarks/858693.parquet,858693,4134,31417,deep sign evaluation sign frequency hello
train_landmarks/361281.parquet,361281,4135,28131,(555) 234-5678
train_landmarks/897178.parquet,897178,4136,86622,brown over frequency
train_landmarks/898683.parquet,898683,4137,16175,www.amazon.com/deals
train_landmarks/415997.parquet,415997,4138,23434,to world learning fingerspelling to accuracy
train_landmarks/238319.parquet,238319,4139,18675,quick the world
train_landmarks/694212.parquet,694212,4140,83563,1600 pennsylvania ave
train_landmarks/500033.parquet,500033,4141,39871,learning dog quick
train_landmarks/128716.parquet,128716,4142,89840,www.amazon.com/deals
train_landmarks/211816.parquet,211816,4143,19116,http://wikipedia.org/asl
train_landmarks/313951.parquet,313951,4144,56566,welcome asl to learning asl
train_landmarks/446834.parquet,446834,4145,25014,guatemala language science accuracy university
train_landmarks/739090.parquet,739090,4146,13478,(555) 234-5678
train_landmarks/373774.parquet,373774,4147,62581,world hello welcome asl brown dog
train_landmarks/668369.parquet,668369,4148,35203,analysis world
train_landmarks/292484.parquet,292484,4149,13478,(212) 555-4321
train_landmarks/265225.parquet,265225,4150,81426,quick hello welcome
train_landmarks/406975.parquet,406975,4151,60019,(212) 555-4321
train_landmarks/318011.parquet,318011,4152,24371,world vision
train_landmarks/848898.parquet,848898,4153,99192,dataset deep vision evaluation sign the
train_landmarks/678991.parquet,678991,4154,25014,learning analysis language world
train_landmarks/889853.parquet,889853,4155,65392,over accuracy
train_landmarks/194026.parquet,194026,4156,82357,science world project lazy quick
train_landmarks/317935.parquet,317935,4157,51347,over sign
train_landmarks/929816.parquet,929816,4158,57819,over accuracy
train_landmarks/739109.parquet,739109,4159,47930,asl over dataset dataset dataset
train_landmarks/895634.parquet,895634,4160,48427,800-555-0199
train_landmarks/239960.parquet,239960,4161,45382,computer dog jumps
train_landmarks/240972.parquet,240972,4162,42087,221b baker street
train_landmarks/213043.parquet,213043,4163,64987,(555) 234-5678
train_landmarks/340880.parquet,340880,4164,69429,https://github.com/kaggle
train_landmarks/365959.parquet,365959,4165,89840,456 elm st suite 200
train_landmarks/171010.parquet,171010,4166,80010,deep science
train_landmarks/578459.parquet,578459,4167,54597,742 evergreen terrace
train_landmarks/558793.parquet,558793,4168,61856,evaluation computer to
train_landmarks/953363.parquet,953363,4169,42098,10 downing street london
train_landmarks/159418.parquet,159418,4170,82357,(415) 555-8833
train_landmarks/488177.parquet,488177,4171,42325,(555) 234-5678
train_landmarks/281447.parquet,281447,4172,32431,language hello american dog dog learning
train_landmarks/930895.parquet,930895,4173,59797,www.cdc.gov/covid
train_landmarks/666423.parquet,666423,4174,18675,(555) 234-5678
train_landmarks/938394.parquet,938394,4175,80010,brown learning
train_landmarks/271344.parquet,271344,4176,44438,world analysis quick
train_landmarks/953880.parquet,953880,4177,75435,university hello analysis project evaluation
train_landmarks/206525.parquet,206525,4178,93886,vision deep welcome hello fox
train_landmarks/924872.parquet,924872,4179,31319,university quick to
train_landmarks/667933.parquet,667933,4180,13478,+1-800-222-3344
train_landmarks/562113.parquet,562113,4181,59797,(415) 555-8833
train_landmarks/591950.parquet,591950,4182,47930,american university over welcome
train_landmarks/142051.parquet,142051,4183,45382,evaluation to fingerspelling sign learning university
train_landmarks/859910.parquet,859910,4184,56566,american computer science
train_landmarks/906796.parquet,906796,4185,57052,fox brown engineering
train_landmarks/225017.parquet,225017,4186,93810,quick deep engineering language accuracy dataset
train_landmarks/152425.parquet,152425,4187,31319,science quick
train_landmarks/964424.parquet,964424,4188,57052,10 downing street london
train_landmarks/137805.parquet,137805,4189,75435,recognition to recognition
train_landmarks/749515.parquet,749515,4190,46048,over welcome analysis evaluation
train_landmarks/617987.parquet,617987,4191,70589,www.cdc.gov/covid
train_landmarks/249007.parquet,249007,4192,60432,dataset hello language over the
train_landmarks/998792.parquet,998792,4193,68878,800-555-0199
train_landmarks/218475.parquet,218475,4194,69429,456 elm st suite 200
train_landmarks/812116.parquet,812116,4195,65302,1600 pennsylvania ave
train_landmarks/719816.parquet,719816,4196,99733,frequency lazy lazy dataset deep
train_landmarks/956114.parquet,956114,4197,89840,+1-555-987-6543
train_landmarks/408729.parquet,408729,4198,96673,742 evergreen terrace
train_landmarks/419535.parquet,419535,4199,56566,american recognition university the project accuracy
train_landmarks/110825.parquet,110825,4200,92240,deep evaluation deep brown evaluation welcome
train_landmarks/926301.parquet,926301,4201,10851,hello learning over science vision
train_landmarks/267728.parquet,267728,4202,46048,dataset fingerspelling hello science american welcome
train_landmarks/278778.parquet,278778,4203,21915,+1-555-987-6543
train_landmarks/694792.parquet,694792,4204,42087,(212) 555-4321
train_landmarks/184466.parquet,184466,4205,30033,sign jumps recognition the
train_landmarks/486804.parquet,486804,4206,45382,jumps world brown
train_landmarks/905940.parquet,905940,4207,62350,742 evergreen terrace
train_landmarks/259000.parquet,259000,4208,20458,dataset learning fingerspelling science
train_landmarks/585776.parquet,585776,4209,94259,vision over computer
train_landmarks/411069.parquet,411069,4210,99192,quick asl to
train_landmarks/371800.parquet,371800,4211,80010,vision language
train_landmarks/201812.parquet,201812,4212,87236,(415) 555-8833
train_landmarks/212165.parquet,212165,4213,22676,1-888-456-7890
train_landmarks/897214.parquet,897214,4214,10851,hello sign
train_landmarks/992329.parquet,992329,4215,54118,+1-800-222-3344
train_landmarks/264662.parquet,264662,4216,44671,http://wikipedia.org/asl
train_landmarks/285367.parquet,285367,4217,89840,guatemala over
train_landmarks/179974.parquet,179974,4218,59735,1600 pennsylvania ave
train_landmarks/636201.parquet,636201,4219,20458,learning sign
train_landmarks/556592.parquet,556592,4220,83000,american fingerspelling analysis fox recognition sign
train_landmarks/374877.parquet,374877,4221,65302,asl engineering
train_landmarks/886512.parquet,886512,4222,65302,https://www.google.com
train_landmarks/144648.parquet,144648,4223,38893,language american university
train_landmarks/563726.parquet,563726,4224,56566,hello welcome welcome dataset asl
train_landmarks/521240.parquet,521240,4225,54597,+1-800-222-3344
train_landmarks/518691.parquet,518691,4226,57052,recognition learning
train_landmarks/328287.parquet,328287,4227,19116,800-555-0199
train_landmarks/217223.parquet,217223,4228,62350,accuracy over lazy the deep
train_landmarks/147680.parquet,147680,4229,24592,1-888-456-7890
train_landmarks/365222.parquet,365222,4230,40021,world american
train_landmarks/635906.parquet,635906,4231,51347,evaluation learning fox project computer over
train_landmarks/897286.parquet,897286,4232,86622,221b baker street
train_landmarks/722918.parquet,722918,4233,18326,language sign vision american
train_landmarks/308837.parquet,308837,4234,46048,https://apple.com/ios
train_landmarks/120869.parquet,120869,4235,81426,https://youtube.com/watch
train_landmarks/542759.parquet,542759,4236,30033,10 downing street london
train_landmarks/821618.parquet,821618,4237,69429,brown to
train_landmarks/306263.parquet,306263,4238,32431,to sign lazy fox welcome quick
train_landmarks/948940.parquet,948940,4239,14207,800-555-0199
train_landmarks/655179.parquet,655179,4240,62581,learning university language over fingerspelling accuracy
train_landmarks/279218.parquet,279218,4241,18326,evaluation brown science sign science model
train_landmarks/893023.parquet,893023,4242,25014,123 main street apt 4b
train_landmarks/999462.parquet,999462,4243,95909,+1-800-222-3344
train_landmarks/682809.parquet,682809,4244,57052,analysis american analysis
train_landmarks/805875.parquet,805875,4245,24371,dog project analysis
train_landmarks/187348.parquet,187348,4246,39256,analysis guatemala
train_landmarks/950736.parquet,950736,4247,30379,over project hello language guatemala
train_landmarks/213938.parquet,213938,4248,92240,http://wikipedia.org/asl
train_landmarks/299095.parquet,299095,4249,22156,1-888-456-7890
train_landmarks/929530.parquet,929530,4250,46421,800-555-0199
train_landmarks/851720.parquet,851720,4251,13478,deep frequency
train_landmarks/866603.parquet,866603,4252,21915,analysis project recognition frequency
train_landmarks/654020.parquet,654020,4253,58520,10 downing street london
train_landmarks/901378.parquet,901378,4254,62581,fingerspelling analysis
train_landmarks/616956.parquet,616956,4255,30379,10 downing street london
train_landmarks/145559.parquet,145559,4256,28726,10 downing street london
train_landmarks/858489.parquet,858489,4257,28726,221b baker street
train_landmarks/275162.parquet,275162,4258,44671,https://apple.com/ios
train_landmarks/648034.parquet,648034,4259,96673,http://weather.com/today
train_landmarks/359378.parquet,359378,4260,54597,jumps computer guatemala fox university deep
train_landmarks/469458.parquet,469458,4261,11504,recognition sign hello deep to
train_landmarks/621644.parquet,621644,4262,40021,(415) 555-8833
train_landmarks/117444.parquet,117444,4263,18326,learning asl deep
train_landmarks/961903.parquet,961903,4264,44671,456 elm st suite 200
train_landmarks/900817.parquet,900817,4265,42325,+1-800-222-3344
train_landmarks/471093.parquet,471093,4266,44718,jumps science
train_landmarks/423011.parquet,423011,4267,18675,language guatemala to dog world science
train_landmarks/767378.parquet,767378,4268,42953,www.nytimes.com/world
train_landmarks/874031.parquet,874031,4269,35203,800-555-0199
train_landmarks/707473.parquet,707473,4270,13478,science computer
train_landmarks/249652.parquet,249652,4271,62581,fingerspelling engineering welcome evaluation language
train_landmarks/515610.parquet,515610,4272,75435,221b baker street
train_landmarks/104034.parquet,104034,4273,80010,project deep american language deep frequency
train_landmarks/398033.parquet,398033,4274,65392,742 evergreen terrace
train_landmarks/633786.parquet,633786,4275,58520,1-888-456-7890
train_landmarks/940939.parquet,940939,4276,44671,fox project world project
train_landmarks/760512.parquet,760512,4277,20458,456 elm st suite 200
train_landmarks/868686.parquet,868686,4278,40021,fox asl evaluation sign hello welcome
train_landmarks/930823.parquet,930823,4279,61856,accuracy frequency welcome over model engineering
train_landmarks/271994.parquet,271994,4280,30379,456 elm st suite 200
train_landmarks/140983.parquet,140983,4281,16006,1600 pennsylvania ave
train_landmarks/679733.parquet,679733,4282,22676,the sign
train_landmarks/383702.parquet,383702,4283,10851,to fox dog language
train_landmarks/665836.parquet,665836,4284,42325,frequency accuracy welcome
train_landmarks/419942.parquet,419942,4285,99192,language computer dataset hello frequency engineering
train_landmarks/680210.parquet,680210,4286,92397,123 main street apt 4b
train_landmarks/115276.parquet,115276,4287,94259,www.nytimes.com/world
train_landmarks/926595.parquet,926595,4288,92240,742 evergreen terrace
train_landmarks/149538.parquet,149538,4289,76784,https://www.google.com
train_landmarks/812672.parquet,812672,4290,46463,456 elm st suite 200
train_landmarks/896678.parquet,896678,4291,88104,recognition frequency
train_landmarks/725412.parquet,725412,4292,91070,123 main street apt 4b
train_landmarks/118127.parquet,118127,4293,59615,asl fox hello language
train_landmarks/965565.parquet,965565,4294,98696,221b baker street
train_landmarks/797267.parquet,797267,4295,57819,science language american project
train_landmarks/856037.parquet,856037,4296,22280,sign over
train_landmarks/773960.parquet,773960,4297,23396,fox dataset
train_landmarks/548504.parquet,548504,4298,15695,10 downing street london
train_landmarks/228844.parquet,228844,4299,86484,http://weather.com/today
train_landmarks/409986.parquet,409986,4300,24371,1600 pennsylvania ave
train_landmarks/237915.parquet,237915,4301,44671,asl world
train_landmarks/459602.parquet,459602,4302,21915,analysis fingerspelling university over guatemala asl
train_landmarks/925646.parquet,925646,4303,21915,welcome to
train_landmarks/726373.parquet,726373,4304,44718,456 elm st suite 200
train_landmarks/243578.parquet,243578,4305,95181,456 elm st suite 200
train_landmarks/905430.parquet,905430,4306,18675,+1-800-222-3344
train_landmarks/289582.parquet,289582,4307,60019,https://www.google.com
train_landmarks/447902.parquet,447902,4308,45093,(415) 555-8833
train_landmarks/778970.parquet,778970,4309,26361,accuracy hello welcome analysis welcome
train_landmarks/402591.parquet,402591,4310,58520,asl dog science over
train_landmarks/989300.parquet,989300,4311,40021,sign welcome american
train_landmarks/185810.parquet,185810,4312,56566,welcome to fox learning
train_landmarks/724880.parquet,724880,4313,76237,https://github.com/kaggle
train_landmarks/513544.parquet,513544,4314,44671,www.cdc.gov/covid
train_landmarks/195844.parquet,195844,4315,86622,university evaluation
train_landmarks/348332.parquet,348332,4316,21915,computer project over
train_landmarks/909921.parquet,909921,4317,13478,(415) 555-8833
train_landmarks/672079.parquet,672079,4318,60019,to welcome deep language over recognition
train_landmarks/420102.parquet,420102,4319,80284,+1-800-222-3344
train_landmarks/463096.parquet,463096,4320,14207,www.amazon.com/deals
train_landmarks/206328.parquet,206328,4321,94259,221b baker street
train_landmarks/443609.parquet,443609,4322,62350,221b baker street
train_landmarks/188115.parquet,188115,4323,60019,742 evergreen terrace
train_landmarks/452309.parquet,452309,4324,44671,frequency quick welcome fox science welcome
train_landmarks/594525.parquet,594525,4325,21915,+1-555-987-6543
train_landmarks/769650.parquet,769650,4326,13478,+1-800-222-3344
train_landmarks/248002.parquet,248002,4327,84341,+1-800-222-3344
train_landmarks/654617.parquet,654617,4328,61856,fox accuracy project to
train_landmarks/414866.parquet,414866,4329,62581,project hello model recognition quick dog
train_landmarks/635345.parquet,635345,4330,22156,lazy sign fingerspelling
train_landmarks/925769.parquet,925769,4331,16175,https://github.com/kaggle
train_landmarks/351286.parquet,351286,4332,38893,university engineering science quick project sign
train_landmarks/283587.parquet,283587,4333,23434,brown accuracy project project the model
train_landmarks/555915.parquet,555915,4334,37869,(415) 555-8833
train_landmarks/165635.parquet,165635,4335,93320,742 evergreen terrace
train_landmarks/566794.parquet,566794,4336,74686,welcome vision university dataset project
train_landmarks/944918.parquet,944918,4337,57400,fox language
train_landmarks/212596.parquet,212596,4338,38893,10 downing street london
train_landmarks/601603.parquet,601603,4339,28131,+1-555-987-6543
train_landmarks/500048.parquet,500048,4340,89840,10 downing street london
train_landmarks/602467.parquet,602467,4341,46463,456 elm st suite 200
train_landmarks/270483.parquet,270483,4342,95909,recognition brown welcome lazy fingerspelling
train_landmarks/716206.parquet,716206,4343,56566,analysis computer science engineering
train_landmarks/458041.parquet,458041,4344,93886,https://www.google.com
train_landmarks/822986.parquet,822986,4345,69429,https://www.google.com
train_landmarks/658121.parquet,658121,4346,28131,project recognition sign dog
train_landmarks/816972.parquet,816972,4347,28131,fox brown recognition
train_landmarks/795804.parquet,795804,4348,51245,over world world university
train_landmarks/914197.parquet,914197,4349,22280,dataset analysis deep learning recognition science
train_landmarks/688293.parquet,688293,4350,76784,model analysis welcome learning
train_landmarks/465459.parquet,465459,4351,62581,guatemala dataset model
train_landmarks/153836.parquet,153836,4352,18675,(555) 234-5678
train_landmarks/562534.parquet,562534,4353,48427,dataset computer analysis model model
train_landmarks/959834.parquet,959834,4354,24371,https://apple.com/ios
train_landmarks/666700.parquet,666700,4355,95909,1-888-456-7890
train_landmarks/573802.parquet,573802,4356,38657,the welcome recognition world guatemala
train_landmarks/444699.parquet,444699,4357,96673,accuracy lazy american frequency
train_landmarks/648481.parquet,648481,4358,30033,fox lazy dog the sign to
train_landmarks/555519.parquet,555519,4359,39256,evaluation recognition
train_landmarks/739374.parquet,739374,4360,71348,model brown guatemala to the
train_landmarks/960950.parquet,960950,4361,62581,www.cdc.gov/covid
train_landmarks/973877.parquet,973877,4362,52504,www.nytimes.com/world
train_landmarks/705125.parquet,705125,4363,22676,www.amazon.com/deals
train_landmarks/254986.parquet,254986,4364,23396,university recognition dog accuracy brown
train_landmarks/969331.parquet,969331,4365,60432,sign the learning guatemala the model
train_landmarks/433884.parquet,433884,4366,89131,(415) 555-8833
train_landmarks/513730.parquet,513730,4367,28301,http://wikipedia.org/asl
train_landmarks/227780.parquet,227780,4368,35203,brown hello frequency jumps language project
train_landmarks/240929.parquet,240929,4369,83563,to hello science language
train_landmarks/823605.parquet,823605,4370,24592,accuracy frequency learning quick welcome analysis
train_landmarks/413877.parquet,413877,4371,89840,(212) 555-4321
train_landmarks/316619.parquet,316619,4372,11504,1600 pennsylvania ave
train_landmarks/831025.parquet,831025,4373,92397,american asl fingerspelling university brown deep
train_landmarks/634414.parquet,634414,4374,48427,language lazy dog computer learning
train_landmarks/757070.parquet,757070,4375,20328,1600 pennsylvania ave
train_landmarks/887769.parquet,887769,4376,56566,brown computer world vision brown
train_landmarks/450551.parquet,450551,4377,59823,dog american lazy to frequency
train_landmarks/206180.parquet,206180,4378,24371,123 main street apt 4b
train_landmarks/511972.parquet,511972,4379,58520,quick jumps american dog american project
train_landmarks/996805.parquet,996805,4380,58520,1-888-456-7890
train_landmarks/542314.parquet,542314,4381,13478,fingerspelling to hello over brown
train_landmarks/946450.parquet,946450,4382,99166,(555) 234-5678
train_landmarks/956686.parquet,956686,4383,23396,brown analysis computer deep guatemala
train_landmarks/439035.parquet,439035,4384,87397,to frequency computer
train_landmarks/414167.parquet,414167,4385,14207,1600 pennsylvania ave
train_landmarks/144935.parquet,144935,4386,45382,quick deep
train_landmarks/673427.parquet,673427,4387,39871,www.nytimes.com/world
train_landmarks/324388.parquet,324388,4388,47930,www.cdc.gov/covid
train_landmarks/610243.parquet,610243,4389,42325,456 elm st suite 200
train_landmarks/240845.parquet,240845,4390,10851,frequency hello hello hello fox dataset
train_landmarks/341085.parquet,341085,4391,57447,university language language
train_landmarks/147084.parquet,147084,4392,40021,456 elm st suite 200
train_landmarks/372763.parquet,372763,4393,47930,computer deep the over american evaluation
train_landmarks/391734.parquet,391734,4394,69429,science hello welcome guatemala fox learning
train_landmarks/971532.parquet,971532,4395,22156,sign analysis jumps american
train_landmarks/575542.parquet,575542,4396,94259,800-555-0199
train_landmarks/122306.parquet,122306,4397,56566,accuracy guatemala engineering accuracy dataset
train_landmarks/979905.parquet,979905,4398,70217,evaluation evaluation quick welcome
train_landmarks/318381.parquet,318381,4399,45382,analysis american lazy project vision to
train_landmarks/636838.parquet,636838,4400,25014,800-555-0199
train_landmarks/324866.parquet,324866,4401,40512,456 elm st suite 200
train_landmarks/571342.parquet,571342,4402,99192,http://weather.com/today
train_landmarks/198873.parquet,198873,4403,20328,(555) 234-5678
train_landmarks/734433.parquet,734433,4404,23434,http://wikipedia.org/asl
train_landmarks/466064.parquet,466064,4405,30926,+1-800-222-3344
train_landmarks/767854.parquet,767854,4406,47930,lazy jumps
train_landmarks/239712.parquet,239712,4407,46421,123 main street apt 4b
train_landmarks/141438.parquet,141438,4408,93810,vision over
train_landmarks/343944.parquet,343944,4409,99192,quick vision science jumps hello world
train_landmarks/120636.parquet,120636,4410,76784,www.nytimes.com/world
train_landmarks/822958.parquet,822958,4411,61856,fox dog hello engineering
train_landmarks/351865.parquet,351865,4412,38893,quick project
train_landmarks/746054.parquet,746054,4413,76237,10 downing street london
train_landmarks/251459.parquet,251459,4414,98696,http://weather.com/today
train_landmarks/670410.parquet,670410,4415,95909,recognition dataset
train_landmarks/597726.parquet,597726,4416,88172,(212) 555-4321
train_landmarks/368183.parquet,368183,4417,20458,fingerspelling lazy asl engineering model accuracy
train_landmarks/294534.parquet,294534,4418,40495,+1-555-987-6543
train_landmarks/972815.parquet,972815,4419,56566,over fox sign
train_landmarks/752064.parquet,752064,4420,82357,https://github.com/kaggle
train_landmarks/420317.parquet,420317,4421,91070,456 elm st suite 200
train_landmarks/204036.parquet,204036,4422,38785,quick the language
train_landmarks/570444.parquet,570444,4423,37869,quick university evaluation
train_landmarks/133342.parquet,133342,4424,22280,asl accuracy learning
train_landmarks/173482.parquet,173482,4425,42098,fingerspelling sign quick
train_landmarks/455429.parquet,455429,4426,25014,221b baker street
train_landmarks/428192.parquet,428192,4427,30379,http://wikipedia.org/asl
train_landmarks/618974.parquet,618974,4428,23434,+1-555-987-6543
train_landmarks/936702.parquet,936702,4429,46463,the project
train_landmarks/745226.parquet,745226,4430,42098,123 main street apt 4b
train_landmarks/889195.parquet,889195,4431,35203,over fox lazy accuracy language
train_landmarks/879348.parquet,879348,4432,86622,vision american
train_landmarks/294655.parquet,294655,4433,59615,http://weather.com/today
train_landmarks/431573.parquet,431573,4434,59823,dataset accuracy engineering fox
train_landmarks/275304.parquet,275304,4435,62581,project the
train_landmarks/369311.parquet,369311,4436,56566,456 elm st suite 200
train_landmarks/156406.parquet,156406,4437,21915,model evaluation world
train_landmarks/924724.parquet,924724,4438,16175,lazy jumps vision
train_landmarks/116144.parquet,116144,4439,24592,www.cdc.gov/covid
train_landmarks/325101.parquet,325101,4440,28301,dataset jumps dataset university
train_landmarks/865906.parquet,865906,4441,69429,http://weather.com/today
train_landmarks/419911.parquet,419911,4442,99166,accuracy project over computer lazy
train_landmarks/291503.parquet,291503,4443,57819,10 downing street london
train_landmarks/470275.parquet,470275,4444,99166,123 main street apt 4b
train_landmarks/236891.parquet,236891,4445,70142,742 evergreen terrace
train_landmarks/783195.parquet,783195,4446,23396,1600 pennsylvania ave
train_landmarks/855184.parquet,855184,4447,94939,hello to deep
train_landmarks/712731.parquet,712731,4448,25014,asl jumps
train_landmarks/211464.parquet,211464,4449,21915,welcome university
train_landmarks/709686.parquet,709686,4450,14165,over science
train_landmarks/524257.parquet,524257,4451,84341,dataset accuracy analysis hello
train_landmarks/683010.parquet,683010,4452,20328,221b baker street
train_landmarks/807227.parquet,807227,4453,93810,123 main street apt 4b
train_landmarks/586129.parquet,586129,4454,19116,742 evergreen terrace
train_landmarks/110141.parquet,110141,4455,30379,welcome hello american dog
train_landmarks/960738.parquet,960738,4456,57447,engineering fox
train_landmarks/134109.parquet,134109,4457,26361,221b baker street
train_landmarks/987484.parquet,987484,4458,28131,science quick
train_landmarks/523272.parquet,523272,4459,93810,university evaluation guatemala lazy computer dataset
train_landmarks/234068.parquet,234068,4460,44671,engineering world hello science
train_landmarks/570860.parquet,570860,4461,38221,american fox
train_landmarks/701970.parquet,701970,4462,30379,welcome science jumps frequency over
train_landmarks/274587.parquet,274587,4463,98696,(415) 555-8833
train_landmarks/615551.parquet,615551,4464,46463,frequency to welcome
train_landmarks/318247.parquet,318247,4465,89840,brown the
train_landmarks/644207.parquet,644207,4466,55082,1600 pennsylvania ave
train_landmarks/879906.parquet,879906,4467,47930,science recognition computer the sign
train_landmarks/905430.parquet,905430,4468,91070,jumps fox
train_landmarks/937100.parquet,937100,4469,24371,http://wikipedia.org/asl
train_landmarks/503159.parquet,503159,4470,99192,model jumps american
train_landmarks/578933.parquet,578933,4471,31319,deep guatemala recognition project learning quick
train_landmarks/109339.parquet,109339,4472,80284,world engineering guatemala guatemala
train_landmarks/674214.parquet,674214,4473,22280,1600 pennsylvania ave
train_landmarks/507380.parquet,507380,4474,60019,(555) 234-5678
train_landmarks/124177.parquet,124177,4475,23434,american deep hello fox fox model
train_landmarks/567318.parquet,567318,4476,89131,http://wikipedia.org/asl
train_landmarks/648815.parquet,648815,4477,89131,fox recognition vision deep
train_landmarks/445742.parquet,445742,4478,70217,guatemala welcome engineering lazy hello model
train_landmarks/112623.parquet,112623,4479,64987,https://github.com/kaggle
train_landmarks/439677.parquet,439677,4480,42325,fingerspelling the welcome guatemala
train_landmarks/736705.parquet,736705,4481,76237,recognition learning frequency science
train_landmarks/255472.parquet,255472,4482,52504,quick jumps
train_landmarks/775243.parquet,775243,4483,76237,learning sign fox
train_landmarks/631623.parquet,631623,4484,21395,800-555-0199
train_landmarks/784319.parquet,784319,4485,99192,(212) 555-4321
train_landmarks/725437.parquet,725437,4486,46463,guatemala jumps analysis jumps
train_landmarks/656666.parquet,656666,4487,57447,742 evergreen terrace
train_landmarks/621017.parquet,621017,4488,89840,+1-555-987-6543
train_landmarks/242546.parquet,242546,4489,87397,1600 pennsylvania ave
train_landmarks/768124.parquet,768124,4490,88104,welcome guatemala dog engineering the
train_landmarks/408972.parquet,408972,4491,54118,http://wikipedia.org/asl
train_landmarks/909070.parquet,909070,4492,21915,language welcome language
train_landmarks/819971.parquet,819971,4493,38893,742 evergreen terrace
train_landmarks/758864.parquet,758864,4494,74686,(415) 555-8833
train_landmarks/443266.parquet,443266,4495,24592,742 evergreen terrace
train_landmarks/400799.parquet,400799,4496,56566,fox quick project over quick
train_landmarks/547186.parquet,547186,4497,28301,742 evergreen terrace
train_landmarks/189394.parquet,189394,4498,18326,https://github.com/kaggle
train_landmarks/647746.parquet,647746,4499,99192,http://wikipedia.org/asl
train_landmarks/131063.parquet,131063,4500,57447,www.cdc.gov/covid
train_landmarks/310243.parquet,310243,4501,30033,language engineering computer
train_landmarks/171978.parquet,171978,4502,10851,123 main street apt 4b
train_landmarks/130791.parquet,130791,4503,57052,guatemala learning the dataset
train_landmarks/556367.parquet,556367,4504,57052,guatemala evaluation dataset
train_landmarks/890541.parquet,890541,4505,91070,(212) 555-4321
train_landmarks/860643.parquet,860643,4506,35203,http://weather.com/today
train_landmarks/786913.parquet,786913,4507,89840,800-555-0199
train_landmarks/561170.parquet,561170,4508,64987,123 main street apt 4b
train_landmarks/993523.parquet,993523,4509,18675,model the computer welcome the
train_landmarks/623470.parquet,623470,4510,38893,guatemala welcome model
train_landmarks/372077.parquet,372077,4511,44671,1-888-456-7890
train_landmarks/542347.parquet,542347,4512,58520,https://youtube.com/watch
train_landmarks/660734.parquet,660734,4513,44438,+1-555-987-6543
train_landmarks/893627.parquet,893627,4514,75435,www.cdc.gov/covid
train_landmarks/966176.parquet,966176,4515,40021,123 main street apt 4b
train_landmarks/513391.parquet,513391,4516,81426,742 evergreen terrace
train_landmarks/634131.parquet,634131,4517,89840,456 elm st suite 200
train_landmarks/837770.parquet,837770,4518,65302,university evaluation guatemala frequency
train_landmarks/389471.parquet,389471,4519,91070,analysis analysis fingerspelling language american model
train_landmarks/928487.parquet,928487,4520,39871,project brown over quick lazy
train_landmarks/115775.parquet,115775,4521,39256,http://wikipedia.org/asl
train_landmarks/945442.parquet,945442,4522,22676,language engineering engineering jumps welcome hello
train_landmarks/319650.parquet,319650,4523,88104,1600 pennsylvania ave
train_landmarks/861327.parquet,861327,4524,60019,10 downing street london
train_landmarks/890521.parquet,890521,4525,82357,123 main street apt 4b
train_landmarks/215828.parquet,215828,4526,39256,+1-555-987-6543
train_landmarks/929035.parquet,929035,4527,87236,recognition dataset over hello
train_landmarks/923818.parquet,923818,4528,35203,(212) 555-4321
train_landmarks/791981.parquet,791981,4529,60019,vision brown jumps deep
train_landmarks/742209.parquet,742209,4530,36062,123 main street apt 4b
train_landmarks/673258.parquet,673258,4531,28726,jumps hello frequency science welcome to
train_landmarks/715261.parquet,715261,4532,22280,frequency american over brown sign recognition
train_landmarks/540166.parquet,540166,4533,99166,fingerspelling frequency the model accuracy
train_landmarks/145867.parquet,145867,4534,57400,800-555-0199
train_landmarks/954775.parquet,954775,4535,28301,lazy dataset brown learning
train_landmarks/359139.parquet,359139,4536,20328,learning quick
train_landmarks/740995.parquet,740995,4537,99733,fingerspelling model dog jumps learning vision
train_landmarks/629778.parquet,629778,4538,46463,742 evergreen terrace
train_landmarks/312478.parquet,312478,4539,95181,(415) 555-8833
train_landmarks/311439.parquet,311439,4540,18326,www.nytimes.com/world
train_landmarks/677512.parquet,677512,4541,99192,recognition guatemala brown accuracy quick the
train_landmarks/412280.parquet,412280,4542,30033,accuracy dog dataset american fox
train_landmarks/962596.parquet,962596,4543,99733,10 downing street london
train_landmarks/681724.parquet,681724,4544,86484,10 downing street london
train_landmarks/210060.parquet,210060,4545,98696,analysis over engineering to learning
train_landmarks/887748.parquet,887748,4546,26361,hello recognition world engineering project sign
train_landmarks/482372.parquet,482372,4547,44671,brown guatemala
train_landmarks/457277.parquet,457277,4548,52504,1-888-456-7890
train_landmarks/273695.parquet,273695,4549,82357,project over
train_landmarks/654156.parquet,654156,4550,95181,sign the jumps project evaluation
train_landmarks/849793.parquet,849793,4551,45382,(555) 234-5678
train_landmarks/535685.parquet,535685,4552,62350,https://www.google.com
train_landmarks/679364.parquet,679364,4553,57400,evaluation project
train_landmarks/975340.parquet,975340,4554,13478,800-555-0199
train_landmarks/809724.parquet,809724,4555,10851,computer asl project evaluation sign american
train_landmarks/978183.parquet,978183,4556,30379,(212) 555-4321
train_landmarks/539589.parquet,539589,4557,44671,analysis the
train_landmarks/937045.parquet,937045,4558,40021,(555) 234-5678
train_landmarks/806463.parquet,806463,4559,45382,asl to frequency american the vision
train_landmarks/801633.parquet,801633,4560,18675,accuracy jumps frequency
train_landmarks/295268.parquet,295268,4561,48427,+1-800-222-3344
train_landmarks/227445.parquet,227445,4562,38746,742 evergreen terrace
train_landmarks/927685.parquet,927685,4563,30926,deep asl to project fingerspelling project
train_landmarks/507826.parquet,507826,4564,69429,brown computer fox recognition
train_landmarks/482391.parquet,482391,4565,86622,brown quick fox
train_landmarks/526321.parquet,526321,4566,87236,asl the university
train_landmarks/328155.parquet,328155,4567,22280,(555) 234-5678
train_landmarks/952880.parquet,952880,4568,24371,analysis over frequency learning
train_landmarks/828590.parquet,828590,4569,20328,https://apple.com/ios
train_landmarks/332921.parquet,332921,4570,45093,sign world brown the
train_landmarks/416069.parquet,416069,4571,42098,recognition accuracy accuracy welcome dog
train_landmarks/254518.parquet,254518,4572,45093,http://wikipedia.org/asl
train_landmarks/495372.parquet,495372,4573,15695,1600 pennsylvania ave
train_landmarks/900745.parquet,900745,4574,23434,engineering learning fingerspelling accuracy dog frequency
train_landmarks/744312.parquet,744312,4575,93886,welcome brown the
train_landmarks/117905.parquet,117905,4576,38221,university fingerspelling evaluation over
train_landmarks/630122.parquet,630122,4577,85674,evaluation frequency jumps project language welcome
train_landmarks/902075.parquet,902075,4578,87397,jumps evaluation
train_landmarks/570852.parquet,570852,4579,95181,accuracy jumps recognition evaluation
train_landmarks/621929.parquet,621929,4580,89131,to over frequency vision
train_landmarks/899462.parquet,899462,4581,65302,project dog asl over evaluation science
train_landmarks/874001.parquet,874001,4582,99192,evaluation fingerspelling project jumps
train_landmarks/475498.parquet,475498,4583,93810,http://wikipedia.org/asl
train_landmarks/128643.parquet,128643,4584,57819,742 evergreen terrace
train_landmarks/967078.parquet,967078,4585,76237,to accuracy
train_landmarks/891358.parquet,891358,4586,44671,engineering dataset project learning dog american
train_landmarks/421803.parquet,421803,4587,88172,the lazy science model model american
train_landmarks/440071.parquet,440071,4588,64987,asl over over
train_landmarks/372168.parquet,372168,4589,42953,deep fingerspelling jumps science language
train_landmarks/974413.parquet,974413,4590,65392,742 evergreen terrace
train_landmarks/570490.parquet,570490,4591,61856,1600 pennsylvania ave
train_landmarks/242718.parquet,242718,4592,89840,https://youtube.com/watch
train_landmarks/816379.parquet,816379,4593,24371,(212) 555-4321
train_landmarks/170881.parquet,170881,4594,89840,guatemala lazy language
train_landmarks/520360.parquet,520360,4595,94939,10 downing street london
train_landmarks/245084.parquet,245084,4596,10851,123 main street apt 4b
train_landmarks/328472.parquet,328472,4597,64987,learning model computer fingerspelling deep
train_landmarks/131677.parquet,131677,4598,99192,university sign asl deep over deep
train_landmarks/918069.parquet,918069,4599,80284,123 main street apt 4b
train_landmarks/372323.parquet,372323,4600,91070,https://www.google.com
train_landmarks/820690.parquet,820690,4601,28726,evaluation project recognition dataset guatemala welcome
train_landmarks/995226.parquet,995226,4602,59615,1600 pennsylvania ave
train_landmarks/914231.parquet,914231,4603,60019,https://github.com/kaggle
train_landmarks/814931.parquet,814931,4604,75435,fingerspelling quick project recognition
train_landmarks/585882.parquet,585882,4605,45382,1600 pennsylvania ave
train_landmarks/460984.parquet,460984,4606,24371,(212) 555-4321
train_landmarks/991854.parquet,991854,4607,28289,https://www.google.com
train_landmarks/352958.parquet,352958,4608,22156,hello model project frequency dataset jumps
train_landmarks/864037.parquet,864037,4609,69429,(555) 234-5678
train_landmarks/840469.parquet,840469,4610,46421,(415) 555-8833
train_landmarks/254376.parquet,254376,4611,61856,742 evergreen terrace
train_landmarks/898571.parquet,898571,4612,99192,www.nytimes.com/world
train_landmarks/970456.parquet,970456,4613,47930,456 elm st suite 200
train_landmarks/546616.parquet,546616,4614,20328,fox over evaluation over analysis
train_landmarks/490016.parquet,490016,4615,71348,http://weather.com/today
train_landmarks/977815.parquet,977815,4616,46434,language quick over fox science recognition
train_landmarks/317401.parquet,317401,4617,31319,lazy analysis dataset
train_landmarks/696261.parquet,696261,4618,82357,fox engineering
train_landmarks/379069.parquet,379069,4619,99192,(212) 555-4321
train_landmarks/381686.parquet,381686,4620,80010,742 evergreen terrace
train_landmarks/163491.parquet,163491,4621,28726,742 evergreen terrace
train_landmarks/174923.parquet,174923,4622,62350,742 evergreen terrace
train_landmarks/326531.parquet,326531,4623,20328,fingerspelling lazy
train_landmarks/916350.parquet,916350,4624,40512,www.amazon.com/deals
train_landmarks/818537.parquet,818537,4625,76784,https://www.google.com
train_landmarks/405350.parquet,405350,4626,48427,lazy model lazy
train_landmarks/393247.parquet,393247,4627,80644,123 main street apt 4b
train_landmarks/994237.parquet,994237,4628,18326,www.nytimes.com/world
train_landmarks/267677.parquet,267677,4629,99733,science dog language sign guatemala
train_landmarks/134090.parquet,134090,4630,61856,hello over to dataset
train_landmarks/957340.parquet,957340,4631,66155,fox recognition dataset dog
train_landmarks/584460.parquet,584460,4632,76784,over frequency over language model
train_landmarks/333002.parquet,333002,4633,35203,742 evergreen terrace
train_landmarks/412963.parquet,412963,4634,28289,accuracy quick model learning science vision
train_landmarks/964092.parquet,964092,4635,19116,+1-800-222-3344
train_landmarks/274277.parquet,274277,4636,62581,to lazy american computer
train_landmarks/757039.parquet,757039,4637,46434,science the
train_landmarks/672660.parquet,672660,4638,61856,742 evergreen terrace
train_landmarks/539034.parquet,539034,4639,48427,dataset model the quick
train_landmarks/110726.parquet,110726,4640,52504,language model
train_landmarks/280100.parquet,280100,4641,46463,lazy brown asl
train_landmarks/965368.parquet,965368,4642,61856,computer world sign
train_landmarks/136275.parquet,136275,4643,89840,analysis to lazy
train_landmarks/316310.parquet,316310,4644,30926,800-555-0199
train_landmarks/356564.parquet,356564,4645,55082,742 evergreen terrace
train_landmarks/261443.parquet,261443,4646,61856,to engineering fox analysis
train_landmarks/337232.parquet,337232,4647,57819,welcome learning analysis dog
train_landmarks/524484.parquet,524484,4648,54597,accuracy world evaluation computer dataset hello
train_landmarks/270080.parquet,270080,4649,42953,800-555-0199
train_landmarks/513258.parquet,513258,4650,37869,science the sign to dataset sign
train_landmarks/776446.parquet,776446,4651,88104,800-555-0199
train_landmarks/972051.parquet,972051,4652,20458,dataset brown analysis quick
train_landmarks/917968.parquet,917968,4653,93320,221b baker street
train_landmarks/511903.parquet,511903,4654,30969,221b baker street
train_landmarks/730344.parquet,730344,4655,97841,fox hello
train_landmarks/620526.parquet,620526,4656,51245,742 evergreen terrace
train_landmarks/604493.parquet,604493,4657,23396,221b baker street
train_landmarks/489750.parquet,489750,4658,46434,(555) 234-5678
train_landmarks/115610.parquet,115610,4659,76237,221b baker street
train_landmarks/912514.parquet,912514,4660,65392,language analysis
train_landmarks/458505.parquet,458505,4661,93810,recognition over
train_landmarks/568019.parquet,568019,4662,42098,https://github.com/kaggle
train_landmarks/204726.parquet,204726,4663,11504,123 main street apt 4b
train_landmarks/857645.parquet,857645,4664,38221,456 elm st suite 200
train_landmarks/996501.parquet,996501,4665,14207,welcome deep american university hello
train_landmarks/207883.parquet,207883,4666,76784,learning analysis science
train_landmarks/570358.parquet,570358,4667,89840,the language over
train_landmarks/877861.parquet,877861,4668,81426,welcome jumps brown over
train_landmarks/211038.parquet,211038,4669,75435,https://github.com/kaggle
train_landmarks/447985.parquet,447985,4670,45382,1600 pennsylvania ave
train_landmarks/198657.parquet,198657,4671,75435,(415) 555-8833
train_landmarks/909388.parquet,909388,4672,28301,http://wikipedia.org/asl
train_landmarks/414061.parquet,414061,4673,82512,+1-800-222-3344
train_landmarks/151767.parquet,151767,4674,80010,american recognition vision hello recognition
train_landmarks/233011.parquet,233011,4675,20328,10 downing street london
train_landmarks/363532.parquet,363532,4676,40021,engineering american dog
train_landmarks/958404.parquet,958404,4677,98696,+1-800-222-3344
train_landmarks/808214.parquet,808214,4678,92240,221b baker street
train_landmarks/929651.parquet,929651,4679,40495,www.cdc.gov/covid
train_landmarks/871703.parquet,871703,4680,80284,world sign
train_landmarks/616568.parquet,616568,4681,62350,www.nytimes.com/world
train_landmarks/764846.parquet,764846,4682,45382,221b baker street
train_landmarks/307905.parquet,307905,4683,35203,dataset recognition engineering
train_landmarks/550885.parquet,550885,4684,69429,1600 pennsylvania ave
train_landmarks/747507.parquet,747507,4685,74686,to learning vision
train_landmarks/554338.parquet,554338,4686,59615,1-888-456-7890
train_landmarks/449745.parquet,449745,4687,16175,dataset sign model sign
train_landmarks/912476.parquet,912476,4688,65302,456 elm st suite 200
train_landmarks/845119.parquet,845119,4689,28301,fingerspelling over dataset
train_landmarks/379052.parquet,379052,4690,76784,123 main street apt 4b
train_landmarks/790447.parquet,790447,4691,46463,to university frequency
train_landmarks/768622.parquet,768622,4692,20458,brown recognition over over
train_landmarks/292483.parquet,292483,4693,64987,dataset sign
train_landmarks/469799.parquet,469799,4694,84341,over analysis world over fingerspelling
train_landmarks/717592.parquet,717592,4695,94939,vision brown guatemala
train_landmarks/931435.parquet,931435,4696,52504,+1-555-987-6543
train_landmarks/191424.parquet,191424,4697,10851,1-888-456-7890
train_landmarks/283504.parquet,283504,4698,54597,recognition vision
train_landmarks/513578.parquet,513578,4699,39256,(415) 555-8833
train_landmarks/564921.parquet,564921,4700,70217,https://youtube.com/watch
train_landmarks/517859.parquet,517859,4701,93227,www.amazon.com/deals
train_landmarks/968253.parquet,968253,4702,21915,to lazy brown model vision the
train_landmarks/342849.parquet,342849,4703,51347,dataset brown
train_landmarks/330273.parquet,330273,4704,40512,+1-800-222-3344
train_landmarks/310545.parquet,310545,4705,60019,jumps world project
train_landmarks/191062.parquet,191062,4706,37869,asl the quick
train_landmarks/122300.parquet,122300,4707,18326,project vision welcome
train_landmarks/394635.parquet,394635,4708,44993,10 downing street london
train_landmarks/884714.parquet,884714,4709,59797,742 evergreen terrace
train_landmarks/597026.parquet,597026,4710,28289,asl dog sign
train_landmarks/471183.parquet,471183,4711,95909,www.amazon.com/deals
train_landmarks/339357.parquet,339357,4712,76237,123 main street apt 4b
train_landmarks/384559.parquet,384559,4713,44671,456 elm st suite 200
train_landmarks/966294.parquet,966294,4714,99593,123 main street apt 4b
train_landmarks/999038.parquet,999038,4715,32431,(555) 234-5678
train_landmarks/315572.parquet,315572,4716,45382,evaluation fox vision
train_landmarks/931063.parquet,931063,4717,64987,learning guatemala world university
train_landmarks/850168.parquet,850168,4718,91070,www.amazon.com/deals
train_landmarks/389429.parquet,389429,4719,83000,fox dataset project project
train_landmarks/790479.parquet,790479,4720,42953,to guatemala analysis dataset fingerspelling deep
train_landmarks/928416.parquet,928416,4721,75435,+1-555-987-6543
train_landmarks/288807.parquet,288807,4722,99192,model analysis
train_landmarks/948142.parquet,948142,4723,28726,www.amazon.com/deals
train_landmarks/456705.parquet,456705,4724,59735,https://apple.com/ios
train_landmarks/562820.parquet,562820,4725,46463,http://wikipedia.org/asl
train_landmarks/976497.parquet,976497,4726,51347,computer lazy world lazy analysis world
train_landmarks/329840.parquet,329840,4727,99733,1600 pennsylvania ave
train_landmarks/908971.parquet,908971,4728,45382,+1-800-222-3344
train_landmarks/620314.parquet,620314,4729,31319,+1-555-987-6543
train_landmarks/462126.parquet,462126,4730,44993,1600 pennsylvania ave
train_landmarks/934803.parquet,934803,4731,26361,+1-800-222-3344
train_landmarks/507603.parquet,507603,4732,56566,language engineering over frequency evaluation
train_landmarks/487682.parquet,487682,4733,10851,model jumps language quick deep
train_landmarks/281358.parquet,281358,4734,66155,(212) 555-4321
train_landmarks/869594.parquet,869594,4735,46463,vision engineering
train_landmarks/103368.parquet,103368,4736,65302,american to analysis
train_landmarks/605108.parquet,605108,4737,40512,over asl world welcome
train_landmarks/718624.parquet,718624,4738,14207,recognition dog
train_landmarks/659552.parquet,659552,4739,23238,https://youtube.com/watch
train_landmarks/152335.parquet,152335,4740,22676,10 downing street london
train_landmarks/765941.parquet,765941,4741,93227,742 evergreen terrace
train_landmarks/407861.parquet,407861,4742,82357,1-888-456-7890
train_landmarks/647933.parquet,647933,4743,18326,800-555-0199
train_landmarks/579237.parquet,579237,4744,99192,https://youtube.com/watch
train_landmarks/186354.parquet,186354,4745,58520,model guatemala to fingerspelling analysis
train_landmarks/990324.parquet,990324,4746,80284,10 downing street london
train_landmarks/506532.parquet,506532,4747,75435,language accuracy guatemala brown vision
train_landmarks/827718.parquet,827718,4748,42098,www.amazon.com/deals
train_landmarks/956137.parquet,956137,4749,93320,language university jumps project deep recognition
train_landmarks/215339.parquet,215339,4750,26361,https://apple.com/ios
train_landmarks/423030.parquet,423030,4751,99192,10 downing street london
train_landmarks/576496.parquet,576496,4752,24592,asl world dog fingerspelling analysis quick
train_landmarks/138278.parquet,138278,4753,89840,800-555-0199
train_landmarks/565784.parquet,565784,4754,61856,(212) 555-4321
train_landmarks/720903.parquet,720903,4755,57819,the project science
train_landmarks/321239.parquet,321239,4756,65302,https://youtube.com/watch
train_landmarks/593882.parquet,593882,4757,82512,language jumps
train_landmarks/870593.parquet,870593,4758,56566,(212) 555-4321
train_landmarks/999281.parquet,999281,4759,83000,221b baker street
train_landmarks/773576.parquet,773576,4760,30379,(555) 234-5678
train_landmarks/744149.parquet,744149,4761,57819,https://apple.com/ios
train_landmarks/574084.parquet,574084,4762,20458,science dog evaluation deep accuracy quick
train_landmarks/593594.parquet,593594,4763,87397,fingerspelling welcome accuracy deep deep frequency
train_landmarks/628183.parquet,628183,4764,22280,the model accuracy vision model
train_landmarks/984832.parquet,984832,4765,76784,language jumps fox project
train_landmarks/375106.parquet,375106,4766,30379,fingerspelling learning brown frequency deep science
train_landmarks/526911.parquet,526911,4767,10851,123 main street apt 4b
train_landmarks/979688.parquet,979688,4768,58520,http://wikipedia.org/asl
train_landmarks/521757.parquet,521757,4769,44718,university deep analysis project guatemala recognition
train_landmarks/285924.parquet,285924,4770,23434,model brown engineering accuracy university american
train_landmarks/689144.parquet,689144,4771,42087,(415) 555-8833
train_landmarks/438541.parquet,438541,4772,40495,evaluation dog brown
train_landmarks/873364.parquet,873364,4773,42098,sign model
train_landmarks/422920.parquet,422920,4774,28289,fingerspelling world the
train_landmarks/852839.parquet,852839,4775,28131,deep vision engineering brown evaluation guatemala
train_landmarks/417180.parquet,417180,4776,40495,deep fox to language engineering science
train_landmarks/498858.parquet,498858,4777,39256,computer model
train_landmarks/560523.parquet,560523,4778,23238,+1-555-987-6543
train_landmarks/371018.parquet,371018,4779,76784,over engineering dog university dataset world
train_landmarks/924547.parquet,924547,4780,59797,(555) 234-5678
train_landmarks/831250.parquet,831250,4781,47930,http://wikipedia.org/asl
train_landmarks/588540.parquet,588540,4782,39256,fingerspelling american
train_landmarks/105851.parquet,105851,4783,46434,456 elm st suite 200
train_landmarks/772025.parquet,772025,4784,31417,800-555-0199
train_landmarks/810725.parquet,810725,4785,80010,https://apple.com/ios
train_landmarks/708067.parquet,708067,4786,26361,fox vision
train_landmarks/364867.parquet,364867,4787,15695,university vision analysis vision fox the
train_landmarks/570567.parquet,570567,4788,22280,project university
train_landmarks/263657.parquet,263657,4789,92397,1600 pennsylvania ave
train_landmarks/144597.parquet,144597,4790,14165,742 evergreen terrace
train_landmarks/313476.parquet,313476,4791,44718,https://apple.com/ios
train_landmarks/132972.parquet,132972,4792,42953,science fingerspelling
train_landmarks/654373.parquet,654373,4793,42953,(212) 555-4321
train_landmarks/676997.parquet,676997,4794,21915,+1-800-222-3344
train_landmarks/907816.parquet,907816,4795,45382,+1-555-987-6543
train_landmarks/983370.parquet,983370,4796,37653,vision the
train_landmarks/254460.parquet,254460,4797,57052,guatemala guatemala lazy vision computer brown
train_landmarks/539299.parquet,539299,4798,52504,university deep learning analysis asl
train_landmarks/215530.parquet,215530,4799,69429,(212) 555-4321
train_landmarks/525873.parquet,525873,4800,57819,742 evergreen terrace
train_landmarks/684548.parquet,684548,4801,28726,www.cdc.gov/covid
train_landmarks/981508.parquet,981508,4802,57052,http://wikipedia.org/asl
train_landmarks/578454.parquet,578454,4803,15695,www.cdc.gov/covid
train_landmarks/541743.parquet,541743,4804,65333,+1-555-987-6543
train_landmarks/394241.parquet,394241,4805,23434,+1-555-987-6543
train_landmarks/942078.parquet,942078,4806,57819,vision to sign
train_landmarks/961216.parquet,961216,4807,99192,brown the
train_landmarks/882634.parquet,882634,4808,93886,(415) 555-8833
train_landmarks/789700.parquet,789700,4809,89840,www.cdc.gov/covid
train_landmarks/789574.parquet,789574,4810,23396,fingerspelling the brown
train_landmarks/263798.parquet,263798,4811,20328,asl the language hello science
train_landmarks/962892.parquet,962892,4812,74686,hello asl
train_landmarks/898013.parquet,898013,4813,93227,123 main street apt 4b
train_landmarks/890851.parquet,890851,4814,56566,(212) 555-4321
train_landmarks/433704.parquet,433704,4815,14165,http://weather.com/today
train_landmarks/144070.parquet,144070,4816,13278,123 main street apt 4b
train_landmarks/832326.parquet,832326,4817,71348,american brown sign science
train_landmarks/485054.parquet,485054,4818,91070,deep engineering frequency model
train_landmarks/385188.parquet,385188,4819,93886,language fox frequency language engineering hello
train_landmarks/487384.parquet,487384,4820,87397,(415) 555-8833
train_landmarks/519499.parquet,519499,4821,45093,123 main street apt 4b
train_landmarks/233350.parquet,233350,4822,18326,(555) 234-5678
train_landmarks/499674.parquet,499674,4823,42087,456 elm st suite 200
train_landmarks/733674.parquet,733674,4824,88907,fingerspelling recognition jumps recognition language project
train_landmarks/996867.parquet,996867,4825,70589,jumps quick hello
train_landmarks/734212.parquet,734212,4826,44718,over fingerspelling computer
train_landmarks/111617.parquet,111617,4827,96673,456 elm st suite 200
train_landmarks/176201.parquet,176201,4828,24371,recognition over analysis asl engineering analysis
train_landmarks/730003.parquet,730003,4829,40021,recognition dataset accuracy
train_landmarks/869671.parquet,869671,4830,30969,welcome language project
train_landmarks/519238.parquet,519238,4831,99733,learning science lazy university science
train_landmarks/415734.parquet,415734,4832,13478,http://weather.com/today
train_landmarks/650703.parquet,650703,4833,44671,1-888-456-7890
train_landmarks/946703.parquet,946703,4834,30926,1-888-456-7890
train_landmarks/952595.parquet,952595,4835,99192,+1-555-987-6543
train_landmarks/309864.parquet,309864,4836,28726,engineering recognition over
train_landmarks/232177.parquet,232177,4837,62581,742 evergreen terrace
train_landmarks/104633.parquet,104633,4838,44671,world vision vision project
train_landmarks/518272.parquet,518272,4839,46463,http://wikipedia.org/asl
train_landmarks/930901.parquet,930901,4840,28726,10 downing street london
train_landmarks/793459.parquet,793459,4841,93320,(555) 234-5678
train_landmarks/398051.parquet,398051,4842,46421,brown world the sign language welcome
train_landmarks/766441.parquet,766441,4843,83000,jumps recognition sign vision model
train_landmarks/502385.parquet,502385,4844,39256,(415) 555-8833
train_landmarks/924080.parquet,924080,4845,80284,world the computer
train_landmarks/843881.parquet,843881,4846,69429,sign dog
train_landmarks/972049.parquet,972049,4847,95181,1-888-456-7890
train_landmarks/608013.parquet,608013,4848,99166,computer accuracy computer hello analysis
train_landmarks/520142.parquet,520142,4849,54597,https://apple.com/ios
train_landmarks/956114.parquet,956114,4850,13478,www.amazon.com/deals
train_landmarks/521840.parquet,521840,4851,30926,brown vision
train_landmarks/357954.parquet,357954,4852,28301,science fingerspelling
train_landmarks/205386.parquet,205386,4853,20458,language engineering over evaluation university
train_landmarks/773138.parquet,773138,4854,80010,frequency the hello university
train_landmarks/614591.parquet,614591,4855,46048,(415) 555-8833
train_landmarks/271302.parquet,271302,4856,42098,742 evergreen terrace
train_landmarks/788545.parquet,788545,4857,46434,(415) 555-8833
train_landmarks/748725.parquet,748725,4858,57447,456 elm st suite 200
train_landmarks/201641.parquet,201641,4859,30033,www.nytimes.com/world
train_landmarks/614003.parquet,614003,4860,65302,10 downing street london
train_landmarks/277794.parquet,277794,4861,94939,www.amazon.com/deals
train_landmarks/165126.parquet,165126,4862,99192,(555) 234-5678
train_landmarks/894369.parquet,894369,4863,85674,guatemala jumps to
train_landmarks/752228.parquet,752228,4864,28131,recognition brown lazy project lazy quick
train_landmarks/412758.parquet,412758,4865,13478,frequency welcome model world
train_landmarks/738513.parquet,738513,4866,18326,http://weather.com/today
train_landmarks/617348.parquet,617348,4867,94259,456 elm st suite 200
train_landmarks/886214.parquet,886214,4868,18326,frequency evaluation welcome brown guatemala
train_landmarks/105387.parquet,105387,4869,62581,fingerspelling brown dataset brown project
train_landmarks/135773.parquet,135773,4870,48427,frequency engineering brown deep guatemala over
train_landmarks/664357.parquet,664357,4871,18326,hello asl
train_landmarks/368218.parquet,368218,4872,22676,http://wikipedia.org/asl
train_landmarks/685466.parquet,685466,4873,26361,the to dataset dataset accuracy welcome
train_landmarks/975736.parquet,975736,4874,37653,1600 pennsylvania ave
train_landmarks/853206.parquet,853206,4875,44718,deep hello vision university quick
train_landmarks/615791.parquet,615791,4876,88172,quick the
train_landmarks/357771.parquet,357771,4877,30926,learning welcome
train_landmarks/426902.parquet,426902,4878,86622,http://weather.com/today
train_landmarks/119267.parquet,119267,4879,75435,recognition accuracy language
train_landmarks/286867.parquet,286867,4880,98696,https://apple.com/ios
train_landmarks/125305.parquet,125305,4881,85674,asl evaluation evaluation dataset quick american
train_landmarks/960637.parquet,960637,4882,57052,deep world engineering dataset vision
train_landmarks/660126.parquet,660126,4883,44671,asl over learning
train_landmarks/194941.parquet,194941,4884,99166,world science recognition frequency learning
train_landmarks/459185.parquet,459185,4885,40021,lazy university recognition
train_landmarks/591176.parquet,591176,4886,37869,+1-800-222-3344
train_landmarks/121668.parquet,121668,4887,11504,analysis evaluation model american american guatemala
train_landmarks/685513.parquet,685513,4888,91070,742 evergreen terrace
train_landmarks/725560.parquet,725560,4889,86622,(415) 555-8833
train_landmarks/850401.parquet,850401,4890,40512,http://wikipedia.org/asl
train_landmarks/667123.parquet,667123,4891,16175,frequency brown lazy frequency
train_landmarks/252315.parquet,252315,4892,87236,fox to world to quick
train_landmarks/270927.parquet,270927,4893,60019,lazy fox recognition
train_landmarks/522867.parquet,522867,4894,46421,www.nytimes.com/world
train_landmarks/937519.parquet,937519,4895,80284,jumps welcome recognition
train_landmarks/593233.parquet,593233,4896,28726,project hello learning world learning
train_landmarks/928332.parquet,928332,4897,35203,https://apple.com/ios
train_landmarks/811874.parquet,811874,4898,93886,university analysis brown
train_landmarks/887181.parquet,887181,4899,46434,https://youtube.com/watch
train_landmarks/882130.parquet,882130,4900,61856,www.amazon.com/deals
train_landmarks/864616.parquet,864616,4901,46421,+1-555-987-6543
train_landmarks/541685.parquet,541685,4902,23434,accuracy engineering jumps fingerspelling hello
train_landmarks/837277.parquet,837277,4903,44671,university to engineering jumps asl
train_landmarks/875802.parquet,875802,4904,93320,jumps american
train_landmarks/682509.parquet,682509,4905,38893,dog asl
train_landmarks/520777.parquet,520777,4906,82357,https://www.google.com
train_landmarks/512479.parquet,512479,4907,19116,(212) 555-4321
train_landmarks/515036.parquet,515036,4908,23434,+1-800-222-3344
train_landmarks/108769.parquet,108769,4909,70589,123 main street apt 4b
train_landmarks/866439.parquet,866439,4910,24371,vision science
train_landmarks/978098.parquet,978098,4911,81426,https://apple.com/ios
train_landmarks/716319.parquet,716319,4912,45382,https://github.com/kaggle
train_landmarks/715138.parquet,715138,4913,14207,http://wikipedia.org/asl
train_landmarks/272919.parquet,272919,4914,47930,https://github.com/kaggle
train_landmarks/770139.parquet,770139,4915,37653,www.amazon.com/deals
train_landmarks/241825.parquet,241825,4916,96673,http://weather.com/today
train_landmarks/455432.parquet,455432,4917,58520,800-555-0199
train_landmarks/904669.parquet,904669,4918,93810,language deep asl frequency
train_landmarks/702383.parquet,702383,4919,18675,guatemala quick computer
train_landmarks/659358.parquet,659358,4920,14207,123 main street apt 4b
train_landmarks/585981.parquet,585981,4921,42098,456 elm st suite 200
train_landmarks/409619.parquet,409619,4922,92397,accuracy engineering recognition jumps
train_landmarks/434519.parquet,434519,4923,11504,1-888-456-7890
train_landmarks/734362.parquet,734362,4924,47930,+1-555-987-6543
train_landmarks/445377.parquet,445377,4925,58520,(555) 234-5678
train_landmarks/230396.parquet,230396,4926,99192,fox language asl computer sign world
train_landmarks/979721.parquet,979721,4927,37869,fingerspelling fingerspelling frequency recognition
train_landmarks/819143.parquet,819143,4928,70589,742 evergreen terrace
train_landmarks/617287.parquet,617287,4929,86622,welcome fingerspelling
train_landmarks/112658.parquet,112658,4930,21915,+1-800-222-3344
train_landmarks/528226.parquet,528226,4931,69429,https://youtube.com/watch
train_landmarks/981177.parquet,981177,4932,93320,https://apple.com/ios
train_landmarks/543607.parquet,543607,4933,85674,https://www.google.com
train_landmarks/410727.parquet,410727,4934,42953,10 downing street london
train_landmarks/261756.parquet,261756,4935,18675,the lazy accuracy brown american
train_landmarks/128493.parquet,128493,4936,65302,https://github.com/kaggle
train_landmarks/813970.parquet,813970,4937,21915,www.nytimes.com/world
train_landmarks/341591.parquet,341591,4938,57819,fingerspelling accuracy
train_landmarks/431385.parquet,431385,4939,98696,1600 pennsylvania ave
train_landmarks/652137.parquet,652137,4940,89840,742 evergreen terrace
train_landmarks/491558.parquet,491558,4941,47930,http://weather.com/today
train_landmarks/416902.parquet,416902,4942,24371,https://github.com/kaggle
train_landmarks/719425.parquet,719425,4943,30926,456 elm st suite 200
train_landmarks/694718.parquet,694718,4944,28131,(415) 555-8833
train_landmarks/493610.parquet,493610,4945,93227,dog deep welcome university
train_landmarks/590249.parquet,590249,4946,23434,learning jumps university brown
train_landmarks/774219.parquet,774219,4947,42953,sign science dataset world learning recognition
train_landmarks/550557.parquet,550557,4948,56566,742 evergreen terrace
train_landmarks/680626.parquet,680626,4949,55082,+1-555-987-6543
train_landmarks/848141.parquet,848141,4950,69429,computer language fingerspelling guatemala
train_landmarks/492435.parquet,492435,4951,21915,evaluation engineering
train_landmarks/882334.parquet,882334,4952,44671,accuracy brown hello frequency accuracy
train_landmarks/205131.parquet,205131,4953,46463,the to american
train_landmarks/327555.parquet,327555,4954,13478,+1-800-222-3344
train_landmarks/250634.parquet,250634,4955,89131,learning dog deep lazy engineering fingerspelling
train_landmarks/371661.parquet,371661,4956,42325,https://apple.com/ios
train_landmarks/239850.parquet,239850,4957,69429,123 main street apt 4b
train_landmarks/955089.parquet,955089,4958,46421,456 elm st suite 200
train_landmarks/494329.parquet,494329,4959,64987,vision hello science university computer learning
train_landmarks/334707.parquet,334707,4960,26361,vision quick dog lazy
train_landmarks/703174.parquet,703174,4961,18326,https://www.google.com
train_landmarks/168428.parquet,168428,4962,20328,123 main street apt 4b
train_landmarks/339026.parquet,339026,4963,99166,sign world dog
train_landmarks/411345.parquet,411345,4964,57819,742 evergreen terrace
train_landmarks/734021.parquet,734021,4965,87236,analysis the deep
train_landmarks/447497.parquet,447497,4966,30033,welcome hello
train_landmarks/458714.parquet,458714,4967,69429,https://youtube.com/watch
train_landmarks/160375.parquet,160375,4968,51245,welcome language computer brown language
train_landmarks/331879.parquet,331879,4969,99166,https://www.google.com
train_landmarks/851431.parquet,851431,4970,28289,engineering dog over evaluation
train_landmarks/553504.parquet,553504,4971,14165,university american project
train_landmarks/328950.parquet,328950,4972,95909,(555) 234-5678
train_landmarks/534286.parquet,534286,4973,57052,learning quick fingerspelling university dataset the
train_landmarks/941644.parquet,941644,4974,46463,123 main street apt 4b
train_landmarks/685641.parquet,685641,4975,42098,123 main street apt 4b
train_landmarks/496835.parquet,496835,4976,46048,computer over american welcome
train_landmarks/760785.parquet,760785,4977,28301,(415) 555-8833
train_landmarks/964122.parquet,964122,4978,13478,www.nytimes.com/world
train_landmarks/929513.parquet,929513,4979,69429,jumps american
train_landmarks/119401.parquet,119401,4980,93886,project evaluation american science fingerspelling
train_landmarks/489284.parquet,489284,4981,20458,model science
train_landmarks/267668.parquet,267668,4982,42098,https://www.google.com
train_landmarks/357016.parquet,357016,4983,42325,accuracy vision to
train_landmarks/988090.parquet,988090,4984,24592,analysis accuracy guatemala dataset world
train_landmarks/569569.parquet,569569,4985,28726,1-888-456-7890
train_landmarks/609294.parquet,609294,4986,30033,fox university engineering
train_landmarks/832936.parquet,832936,4987,40512,dataset model learning model recognition
train_landmarks/181145.parquet,181145,4988,94939,(415) 555-8833
train_landmarks/630669.parquet,630669,4989,93320,221b baker street
train_landmarks/876043.parquet,876043,4990,85674,accuracy the world learning
train_landmarks/793988.parquet,793988,4991,30033,+1-800-222-3344
train_landmarks/537199.parquet,537199,4992,30033,world jumps dataset engineering hello
train_landmarks/499513.parquet,499513,4993,26361,http://wikipedia.org/asl
train_landmarks/264572.parquet,264572,4994,83000,learning analysis accuracy brown frequency fox
train_landmarks/745836.parquet,745836,4995,88172,+1-555-987-6543
train_landmarks/339052.parquet,339052,4996,71348,(555) 234-5678
train_landmarks/833796.parquet,833796,4997,56566,www.nytimes.com/world
train_landmarks/558162.parquet,558162,4998,69429,jumps lazy recognition
train_landmarks/656851.parquet,656851,4999,22676,university world model university
train_landmarks/269466.parquet,269466,5000,88104,10 downing street london
train_landmarks/583493.parquet,583493,5001,36062,brown american american jumps guatemala
train_landmarks/314989.parquet,314989,5002,70589,10 downing street london
train_landmarks/672560.parquet,672560,5003,57052,welcome language
train_landmarks/989003.parquet,989003,5004,22676,(212) 555-4321
train_landmarks/647520.parquet,647520,5005,16006,http://wikipedia.org/asl
train_landmarks/866810.parquet,866810,5006,25014,(415) 555-8833
train_landmarks/367825.parquet,367825,5007,23434,fingerspelling project engineering recognition
train_landmarks/384183.parquet,384183,5008,31417,10 downing street london
train_landmarks/440333.parquet,440333,5009,65302,computer language accuracy lazy deep
train_landmarks/353170.parquet,353170,5010,81426,frequency science lazy accuracy quick sign
train_landmarks/701809.parquet,701809,5011,59823,brown fingerspelling the fingerspelling to
train_landmarks/434134.parquet,434134,5012,56566,fingerspelling world american university guatemala welcome
train_landmarks/888117.parquet,888117,5013,59797,to engineering over project world
train_landmarks/107181.parquet,107181,5014,15695,https://apple.com/ios
train_landmarks/568095.parquet,568095,5015,65302,456 elm st suite 200
train_landmarks/947623.parquet,947623,5016,44671,world quick brown
train_landmarks/501200.parquet,501200,5017,42953,1600 pennsylvania ave
train_landmarks/211685.parquet,211685,5018,60432,+1-555-987-6543
train_landmarks/417232.parquet,417232,5019,26361,+1-800-222-3344
train_landmarks/637177.parquet,637177,5020,80010,university the accuracy model lazy
train_landmarks/526283.parquet,526283,5021,99192,the evaluation model model frequency
train_landmarks/865659.parquet,865659,5022,93810,https://www.google.com
train_landmarks/357058.parquet,357058,5023,62350,742 evergreen terrace
train_landmarks/752435.parquet,752435,5024,60019,+1-555-987-6543
train_landmarks/261357.parquet,261357,5025,65302,vision brown quick deep dataset sign
train_landmarks/871630.parquet,871630,5026,64987,engineering evaluation
train_landmarks/391480.parquet,391480,5027,71348,hello recognition recognition
train_landmarks/554304.parquet,554304,5028,94939,project project model model recognition american
train_landmarks/981537.parquet,981537,5029,13278,800-555-0199
train_landmarks/682209.parquet,682209,5030,22156,800-555-0199
train_landmarks/480191.parquet,480191,5031,46434,1600 pennsylvania ave
train_landmarks/652208.parquet,652208,5032,18675,www.amazon.com/deals
train_landmarks/144289.parquet,144289,5033,75435,1600 pennsylvania ave
train_landmarks/890113.parquet,890113,5034,25014,world american engineering language american
train_landmarks/770206.parquet,770206,5035,57052,hello the to model evaluation quick
train_landmarks/789817.parquet,789817,5036,94939,over computer
train_landmarks/383393.parquet,383393,5037,94939,https://www.google.com
train_landmarks/940361.parquet,940361,5038,16006,(555) 234-5678
train_landmarks/470959.parquet,470959,5039,38893,engineering jumps sign computer frequency project
train_landmarks/985400.parquet,985400,5040,11504,742 evergreen terrace
train_landmarks/338401.parquet,338401,5041,74686,www.nytimes.com/world
train_landmarks/797290.parquet,797290,5042,31319,1600 pennsylvania ave
train_landmarks/658461.parquet,658461,5043,93886,1600 pennsylvania ave
train_landmarks/739277.parquet,739277,5044,46421,742 evergreen terrace
train_landmarks/788186.parquet,788186,5045,89840,221b baker street
train_landmarks/546023.parquet,546023,5046,18675,learning lazy american dataset jumps computer
train_landmarks/924922.parquet,924922,5047,56566,deep accuracy world language over
train_landmarks/778117.parquet,778117,5048,25014,engineering science dataset
train_landmarks/478110.parquet,478110,5049,93886,learning dataset over fingerspelling project
train_landmarks/641436.parquet,641436,5050,91070,+1-800-222-3344
train_landmarks/564993.parquet,564993,5051,28301,(555) 234-5678
train_landmarks/502599.parquet,502599,5052,38893,221b baker street
train_landmarks/324014.parquet,324014,5053,57400,asl engineering
train_landmarks/655358.parquet,655358,5054,82357,project american
train_landmarks/409226.parquet,409226,5055,40512,model model language fingerspelling language
train_landmarks/976583.parquet,976583,5056,42325,https://youtube.com/watch
train_landmarks/260183.parquet,260183,5057,57819,(212) 555-4321
train_landmarks/860147.parquet,860147,5058,80644,www.nytimes.com/world
train_landmarks/224829.parquet,224829,5059,42087,221b baker street
train_landmarks/707410.parquet,707410,5060,20328,www.cdc.gov/covid
train_landmarks/279582.parquet,279582,5061,62350,(415) 555-8833
train_landmarks/967722.parquet,967722,5062,30379,learning accuracy
train_landmarks/549223.parquet,549223,5063,46421,1600 pennsylvania ave
train_landmarks/938287.parquet,938287,5064,58520,quick analysis world project science
train_landmarks/438648.parquet,438648,5065,59797,computer science
train_landmarks/620512.parquet,620512,5066,24592,123 main street apt 4b
train_landmarks/722170.parquet,722170,5067,40021,sign deep model dataset project brown
train_landmarks/711514.parquet,711514,5068,56566,www.nytimes.com/world
train_landmarks/731796.parquet,731796,5069,46434,http://weather.com/today
train_landmarks/487547.parquet,487547,5070,42953,evaluation computer over model lazy hello
train_landmarks/636584.parquet,636584,5071,80010,123 main street apt 4b
train_landmarks/650632.parquet,650632,5072,21915,www.cdc.gov/covid
train_landmarks/117714.parquet,117714,5073,83563,brown dog fingerspelling fox fox
train_landmarks/762277.parquet,762277,5074,80010,the frequency dataset language accuracy fox
train_landmarks/694618.parquet,694618,5075,16175,sign asl vision evaluation american jumps
train_landmarks/947691.parquet,947691,5076,70589,www.nytimes.com/world
train_landmarks/107384.parquet,107384,5077,37869,learning frequency recognition frequency quick
train_landmarks/714608.parquet,714608,5078,91070,www.nytimes.com/world
train_landmarks/917192.parquet,917192,5079,65302,https://apple.com/ios
train_landmarks/250972.parquet,250972,5080,69429,221b baker street
train_landmarks/342187.parquet,342187,5081,35203,(415) 555-8833
train_landmarks/636221.parquet,636221,5082,16175,vision computer science quick learning
train_landmarks/146387.parquet,146387,5083,54118,1600 pennsylvania ave
train_landmarks/582598.parquet,582598,5084,42953,frequency evaluation frequency engineering lazy
train_landmarks/471524.parquet,471524,5085,88104,accuracy science
train_landmarks/875668.parquet,875668,5086,54118,www.cdc.gov/covid
train_landmarks/980661.parquet,980661,5087,82357,fox welcome computer
train_landmarks/814442.parquet,814442,5088,92240,science analysis to vision
train_landmarks/650290.parquet,650290,5089,42953,221b baker street
train_landmarks/808315.parquet,808315,5090,59823,sign learning world
train_landmarks/146884.parquet,146884,5091,70217,221b baker street
train_landmarks/663499.parquet,663499,5092,97841,(555) 234-5678
train_landmarks/426488.parquet,426488,5093,45093,www.nytimes.com/world
train_landmarks/153903.parquet,153903,5094,22676,dataset university
train_landmarks/779662.parquet,779662,5095,75435,lazy sign
train_landmarks/565535.parquet,565535,5096,28289,https://youtube.com/watch
train_landmarks/958925.parquet,958925,5097,28289,recognition dataset recognition science frequency computer
train_landmarks/663847.parquet,663847,5098,85674,www.cdc.gov/covid
train_landmarks/343396.parquet,343396,5099,82357,accuracy computer to american
train_landmarks/376199.parquet,376199,5100,15695,456 elm st suite 200
train_landmarks/702412.parquet,702412,5101,31319,university engineering
train_landmarks/959206.parquet,959206,5102,70217,guatemala accuracy brown dog jumps
train_landmarks/434808.parquet,434808,5103,46463,456 elm st suite 200
train_landmarks/630612.parquet,630612,5104,44671,to guatemala
train_landmarks/483832.parquet,483832,5105,82512,123 main street apt 4b
train_landmarks/730634.parquet,730634,5106,39871,vision dog american
train_landmarks/686741.parquet,686741,5107,46434,learning jumps model
train_landmarks/447526.parquet,447526,5108,42087,vision engineering dog over
train_landmarks/194864.parquet,194864,5109,99166,10 downing street london
train_landmarks/490959.parquet,490959,5110,38221,www.amazon.com/deals
train_landmarks/757277.parquet,757277,5111,45093,hello science asl guatemala university world
train_landmarks/933312.parquet,933312,5112,37869,456 elm st suite 200
train_landmarks/843460.parquet,843460,5113,93886,800-555-0199
train_landmarks/862477.parquet,862477,5114,65302,www.amazon.com/deals
train_landmarks/671232.parquet,671232,5115,62581,(555) 234-5678
train_landmarks/757574.parquet,757574,5116,98696,10 downing street london
train_landmarks/739379.parquet,739379,5117,45382,http://wikipedia.org/asl
train_landmarks/563421.parquet,563421,5118,75435,https://www.google.com
train_landmarks/269409.parquet,269409,5119,54597,american fox
train_landmarks/691967.parquet,691967,5120,76784,analysis fox evaluation world
train_landmarks/386740.parquet,386740,5121,42098,learning quick recognition accuracy lazy
train_landmarks/610502.parquet,610502,5122,76784,the engineering recognition learning
train_landmarks/231465.parquet,231465,5123,69429,vision engineering engineering evaluation
train_landmarks/130064.parquet,130064,5124,54597,guatemala computer guatemala dataset language
train_landmarks/777180.parquet,777180,5125,13478,fox analysis fingerspelling
train_landmarks/574396.parquet,574396,5126,60019,221b baker street
train_landmarks/882504.parquet,882504,5127,21395,456 elm st suite 200
train_landmarks/533966.parquet,533966,5128,10851,742 evergreen terrace
train_landmarks/101568.parquet,101568,5129,82357,www.amazon.com/deals
train_landmarks/882872.parquet,882872,5130,38785,123 main street apt 4b
train_landmarks/391383.parquet,391383,5131,89840,(555) 234-5678
train_landmarks/240957.parquet,240957,5132,76237,jumps learning dog
train_landmarks/743530.parquet,743530,5133,55082,brown engineering
train_landmarks/860425.parquet,860425,5134,30379,456 elm st suite 200
train_landmarks/680624.parquet,680624,5135,54597,(212) 555-4321
train_landmarks/611938.parquet,611938,5136,39871,10 downing street london
train_landmarks/116929.parquet,116929,5137,84341,www.nytimes.com/world
train_landmarks/744106.parquet,744106,5138,54597,www.cdc.gov/covid
train_landmarks/766542.parquet,766542,5139,92397,456 elm st suite 200
train_landmarks/226141.parquet,226141,5140,35203,(555) 234-5678
train_landmarks/746742.parquet,746742,5141,11504,800-555-0199
train_landmarks/914601.parquet,914601,5142,88104,project frequency
train_landmarks/478007.parquet,478007,5143,86622,1600 pennsylvania ave
train_landmarks/246918.parquet,246918,5144,38221,accuracy fox asl american jumps
train_landmarks/328783.parquet,328783,5145,98696,www.amazon.com/deals
train_landmarks/870770.parquet,870770,5146,15695,analysis computer to evaluation vision
train_landmarks/609573.parquet,609573,5147,59797,frequency hello fox computer the
train_landmarks/931324.parquet,931324,5148,58520,welcome engineering dataset to brown learning
train_landmarks/318403.parquet,318403,5149,28301,evaluation university hello language
train_landmarks/604481.parquet,604481,5150,21915,https://apple.com/ios
train_landmarks/661977.parquet,661977,5151,76784,(555) 234-5678
train_landmarks/415296.parquet,415296,5152,48427,123 main street apt 4b
train_landmarks/344764.parquet,344764,5153,45093,www.amazon.com/deals
train_landmarks/389399.parquet,389399,5154,44671,10 downing street london
train_landmarks/829553.parquet,829553,5155,23434,www.nytimes.com/world
train_landmarks/406614.parquet,406614,5156,37653,jumps fox hello
train_landmarks/919637.parquet,919637,5157,24592,sign recognition welcome brown frequency the
train_landmarks/114642.parquet,114642,5158,96673,hello american science fox
train_landmarks/303758.parquet,303758,5159,80284,https://apple.com/ios
train_landmarks/943465.parquet,943465,5160,18675,742 evergreen terrace
train_landmarks/162678.parquet,162678,5161,44718,https://apple.com/ios
train_landmarks/603760.parquet,603760,5162,44671,welcome recognition
train_landmarks/440338.parquet,440338,5163,62350,http://wikipedia.org/asl
train_landmarks/362322.parquet,362322,5164,89131,(212) 555-4321
train_landmarks/660842.parquet,660842,5165,46434,10 downing street london
train_landmarks/208931.parquet,208931,5166,75435,american language
train_landmarks/675450.parquet,675450,5167,18675,742 evergreen terrace
train_landmarks/745020.parquet,745020,5168,99166,welcome world welcome science quick vision
train_landmarks/783354.parquet,783354,5169,46421,frequency model vision
train_landmarks/356262.parquet,356262,5170,14207,asl hello
train_landmarks/841058.parquet,841058,5171,93886,fingerspelling quick
train_landmarks/304721.parquet,304721,5172,99192,https://apple.com/ios
train_landmarks/552709.parquet,552709,5173,81426,university the welcome model
train_landmarks/276370.parquet,276370,5174,94259,(555) 234-5678
train_landmarks/200493.parquet,200493,5175,80010,800-555-0199
train_landmarks/128635.parquet,128635,5176,22676,456 elm st suite 200
train_landmarks/138449.parquet,138449,5177,93320,http://wikipedia.org/asl
train_landmarks/368534.parquet,368534,5178,26361,221b baker street
train_landmarks/693902.parquet,693902,5179,70589,http://wikipedia.org/asl
train_landmarks/521312.parquet,521312,5180,30033,123 main street apt 4b
train_landmarks/315803.parquet,315803,5181,80010,jumps jumps jumps quick engineering dog
train_landmarks/715625.parquet,715625,5182,52504,www.cdc.gov/covid
train_landmarks/149483.parquet,149483,5183,56566,123 main street apt 4b
train_landmarks/786833.parquet,786833,5184,28289,https://www.google.com
train_landmarks/991642.parquet,991642,5185,30379,https://github.com/kaggle
train_landmarks/368462.parquet,368462,5186,31319,dog fox dog
train_landmarks/282776.parquet,282776,5187,44671,221b baker street
train_landmarks/497234.parquet,497234,5188,46463,accuracy over
train_landmarks/868540.parquet,868540,5189,58520,model fingerspelling world jumps
train_landmarks/419059.parquet,419059,5190,70217,(212) 555-4321
train_landmarks/412896.parquet,412896,5191,59797,computer science the hello
train_landmarks/636869.parquet,636869,5192,69429,123 main street apt 4b
train_landmarks/380622.parquet,380622,5193,13478,(555) 234-5678
train_landmarks/865127.parquet,865127,5194,88172,hello dataset vision project
train_landmarks/960822.parquet,960822,5195,16175,(415) 555-8833
train_landmarks/700675.parquet,700675,5196,51245,over project dog fingerspelling
train_landmarks/912014.parquet,912014,5197,22280,www.cdc.gov/covid
train_landmarks/502284.parquet,502284,5198,28301,asl welcome model hello evaluation
train_landmarks/509035.parquet,509035,5199,86484,evaluation frequency american computer
train_landmarks/536790.parquet,536790,5200,44718,742 evergreen terrace
train_landmarks/379551.parquet,379551,5201,38657,1600 pennsylvania ave
train_landmarks/329822.parquet,329822,5202,40021,+1-800-222-3344
train_landmarks/709856.parquet,709856,5203,28131,world science engineering
train_landmarks/383949.parquet,383949,5204,42087,science welcome dog lazy recognition
train_landmarks/822888.parquet,822888,5205,40021,jumps computer evaluation language to
train_landmarks/361977.parquet,361977,5206,69429,800-555-0199
train_landmarks/841420.parquet,841420,5207,44993,american recognition world to brown
train_landmarks/772088.parquet,772088,5208,42098,10 downing street london
train_landmarks/831740.parquet,831740,5209,17331,dataset language dog
train_landmarks/384639.parquet,384639,5210,65302,(415) 555-8833
train_landmarks/400542.parquet,400542,5211,40512,1600 pennsylvania ave
train_landmarks/624509.parquet,624509,5212,55082,deep the evaluation
train_landmarks/512401.parquet,512401,5213,89840,world project vision
train_landmarks/745829.parquet,745829,5214,13478,evaluation brown fox frequency deep american
train_landmarks/206436.parquet,206436,5215,18675,221b baker street
train_landmarks/787633.parquet,787633,5216,80644,(212) 555-4321
train_landmarks/192677.parquet,192677,5217,64987,https://www.google.com
train_landmarks/621250.parquet,621250,5218,13905,jumps quick deep evaluation evaluation
train_landmarks/200053.parquet,200053,5219,95181,1-888-456-7890
train_landmarks/544189.parquet,544189,5220,24371,analysis the analysis asl world lazy
train_landmarks/238217.parquet,238217,5221,44993,fingerspelling lazy evaluation evaluation
train_landmarks/563493.parquet,563493,5222,69429,1600 pennsylvania ave
train_landmarks/773651.parquet,773651,5223,22280,800-555-0199
train_landmarks/885032.parquet,885032,5224,40021,asl learning to
train_landmarks/525155.parquet,525155,5225,16175,+1-800-222-3344
train_landmarks/300545.parquet,300545,5226,28131,jumps university frequency recognition analysis
train_landmarks/111899.parquet,111899,5227,99733,+1-800-222-3344
train_landmarks/700474.parquet,700474,5228,87397,+1-800-222-3344
train_landmarks/797244.parquet,797244,5229,38657,http://wikipedia.org/asl
train_landmarks/290339.parquet,290339,5230,28289,learning language brown fingerspelling engineering
train_landmarks/126817.parquet,126817,5231,22156,221b baker street
train_landmarks/335086.parquet,335086,5232,13478,800-555-0199
train_landmarks/729231.parquet,729231,5233,59797,http://wikipedia.org/asl
train_landmarks/508556.parquet,508556,5234,85674,www.amazon.com/deals
train_landmarks/923412.parquet,923412,5235,60432,fox evaluation
train_landmarks/358891.parquet,358891,5236,93886,dataset quick dataset lazy
train_landmarks/342875.parquet,342875,5237,28131,+1-555-987-6543
train_landmarks/325909.parquet,325909,5238,51245,10 downing street london
train_landmarks/539628.parquet,539628,5239,38657,guatemala world accuracy
train_landmarks/395118.parquet,395118,5240,75435,https://apple.com/ios
train_landmarks/935864.parquet,935864,5241,22676,dataset guatemala
train_landmarks/555250.parquet,555250,5242,17331,123 main street apt 4b
train_landmarks/139528.parquet,139528,5243,59615,http://weather.com/today
train_landmarks/670848.parquet,670848,5244,25014,https://youtube.com/watch
train_landmarks/110928.parquet,110928,5245,59797,vision recognition vision evaluation quick welcome
train_landmarks/269397.parquet,269397,5246,22676,jumps language
train_landmarks/537496.parquet,537496,5247,18326,fingerspelling sign
train_landmarks/134582.parquet,134582,5248,42098,frequency recognition
train_landmarks/358419.parquet,358419,5249,18675,(555) 234-5678
train_landmarks/986709.parquet,986709,5250,95909,american dataset welcome language
train_landmarks/263511.parquet,263511,5251,28131,welcome brown brown
train_landmarks/601277.parquet,601277,5252,82512,american university
train_landmarks/720419.parquet,720419,5253,11504,https://apple.com/ios
train_landmarks/500721.parquet,500721,5254,98696,www.amazon.com/deals
train_landmarks/925443.parquet,925443,5255,57447,10 downing street london
train_landmarks/190607.parquet,190607,5256,40021,lazy jumps
train_landmarks/839692.parquet,839692,5257,40021,http://weather.com/today
train_landmarks/988768.parquet,988768,5258,88907,welcome project frequency
train_landmarks/269420.parquet,269420,5259,40021,language vision world fox model project
train_landmarks/762700.parquet,762700,5260,99166,800-555-0199
train_landmarks/608117.parquet,608117,5261,99192,evaluation computer
train_landmarks/557325.parquet,557325,5262,59823,221b baker street
train_landmarks/486402.parquet,486402,5263,39256,1600 pennsylvania ave
train_landmarks/549527.parquet,549527,5264,48427,(555) 234-5678
train_landmarks/350444.parquet,350444,5265,28131,quick vision
train_landmarks/416319.parquet,416319,5266,37653,vision asl
train_landmarks/920466.parquet,920466,5267,69429,over vision fox world
train_landmarks/150211.parquet,150211,5268,23434,https://github.com/kaggle
train_landmarks/186403.parquet,186403,5269,20458,welcome fingerspelling vision
train_landmarks/794041.parquet,794041,5270,69429,(555) 234-5678
train_landmarks/526267.parquet,526267,5271,88172,to engineering over vision
train_landmarks/875520.parquet,875520,5272,40021,742 evergreen terrace
train_landmarks/102114.parquet,102114,5273,44671,www.amazon.com/deals
train_landmarks/396742.parquet,396742,5274,97841,742 evergreen terrace
train_landmarks/841958.parquet,841958,5275,98696,221b baker street
train_landmarks/726220.parquet,726220,5276,82512,sign university to asl
train_landmarks/396040.parquet,396040,5277,48427,dog quick asl recognition computer dataset
train_landmarks/553704.parquet,553704,5278,93320,10 downing street london
train_landmarks/521412.parquet,521412,5279,82357,+1-555-987-6543
train_landmarks/916103.parquet,916103,5280,45093,frequency lazy vision
train_landmarks/190620.parquet,190620,5281,14207,456 elm st suite 200
train_landmarks/523842.parquet,523842,5282,37869,www.amazon.com/deals
train_landmarks/524771.parquet,524771,5283,22676,1600 pennsylvania ave
train_landmarks/501375.parquet,501375,5284,15695,the quick world engineering university
train_landmarks/216634.parquet,216634,5285,76237,engineering asl
train_landmarks/779772.parquet,779772,5286,40021,frequency hello evaluation american evaluation
train_landmarks/207591.parquet,207591,5287,39256,guatemala engineering
train_landmarks/531856.parquet,531856,5288,45382,221b baker street
train_landmarks/161860.parquet,161860,5289,16175,american sign
train_landmarks/108082.parquet,108082,5290,30033,123 main street apt 4b
train_landmarks/301509.parquet,301509,5291,46434,jumps frequency
train_landmarks/791641.parquet,791641,5292,69429,800-555-0199
train_landmarks/249763.parquet,249763,5293,87397,over over the
train_landmarks/391208.parquet,391208,5294,62581,123 main street apt 4b
train_landmarks/651560.parquet,651560,5295,57447,1-888-456-7890
train_landmarks/719766.parquet,719766,5296,54118,the fox
train_landmarks/861570.parquet,861570,5297,47930,science accuracy dog analysis
train_landmarks/206723.parquet,206723,5298,76784,to the frequency
train_landmarks/911915.parquet,911915,5299,24371,1600 pennsylvania ave
train_landmarks/917646.parquet,917646,5300,54118,over vision recognition
train_landmarks/965748.parquet,965748,5301,89840,https://youtube.com/watch
train_landmarks/403319.parquet,403319,5302,46463,www.amazon.com/deals
train_landmarks/613146.parquet,613146,5303,13905,recognition project
train_landmarks/351935.parquet,351935,5304,99192,https://apple.com/ios
train_landmarks/118028.parquet,118028,5305,57447,analysis fox
train_landmarks/401673.parquet,401673,5306,28726,hello brown welcome evaluation
train_landmarks/924855.parquet,924855,5307,39256,university hello
train_landmarks/592338.parquet,592338,5308,76784,world analysis jumps quick brown
train_landmarks/634710.parquet,634710,5309,23238,dog asl dataset american university vision
train_landmarks/126148.parquet,126148,5310,20328,project recognition fox
train_landmarks/252996.parquet,252996,5311,89840,www.nytimes.com/world
train_landmarks/362753.parquet,362753,5312,65302,model fingerspelling language
train_landmarks/434429.parquet,434429,5313,28726,welcome to american asl language learning
train_landmarks/121868.parquet,121868,5314,70589,lazy analysis the fingerspelling
train_landmarks/550809.parquet,550809,5315,46463,deep to
train_landmarks/260669.parquet,260669,5316,46463,science asl dataset asl fingerspelling dog
train_landmarks/574320.parquet,574320,5317,46463,science quick fingerspelling jumps
train_landmarks/534503.parquet,534503,5318,23434,https://github.com/kaggle
train_landmarks/538571.parquet,538571,5319,59735,world analysis
train_landmarks/161432.parquet,161432,5320,76784,https://github.com/kaggle
train_landmarks/765864.parquet,765864,5321,13278,http://weather.com/today
train_landmarks/303896.parquet,303896,5322,39256,456 elm st suite 200
train_landmarks/745886.parquet,745886,5323,80010,frequency world world evaluation american university
train_landmarks/438803.parquet,438803,5324,57447,sign deep
train_landmarks/352065.parquet,352065,5325,80284,over world the quick
train_landmarks/183903.parquet,183903,5326,82357,123 main street apt 4b
train_landmarks/422766.parquet,422766,5327,45382,www.amazon.com/deals
train_landmarks/458621.parquet,458621,5328,22676,+1-800-222-3344
train_landmarks/517669.parquet,517669,5329,42098,sign welcome world guatemala
train_landmarks/130192.parquet,130192,5330,75435,456 elm st suite 200
train_landmarks/690452.parquet,690452,5331,99733,over over
train_landmarks/574143.parquet,574143,5332,70589,https://github.com/kaggle
train_landmarks/332388.parquet,332388,5333,61856,accuracy deep world over dog brown
train_landmarks/771126.parquet,771126,5334,62581,sign dog world
train_landmarks/968367.parquet,968367,5335,65392,https://youtube.com/watch
train_landmarks/511366.parquet,511366,5336,82357,(415) 555-8833
train_landmarks/747219.parquet,747219,5337,88907,over american guatemala recognition model
train_landmarks/127727.parquet,127727,5338,13478,456 elm st suite 200
train_landmarks/586550.parquet,586550,5339,62581,analysis to dog
train_landmarks/284646.parquet,284646,5340,21915,recognition project engineering the dog
train_landmarks/232332.parquet,232332,5341,71348,engineering fox
train_landmarks/341831.parquet,341831,5342,99733,quick sign university to lazy quick
train_landmarks/199845.parquet,199845,5343,46463,fox dog
train_landmarks/355347.parquet,355347,5344,22280,1-888-456-7890
train_landmarks/336656.parquet,336656,5345,62350,456 elm st suite 200
train_landmarks/188869.parquet,188869,5346,31417,quick the
train_landmarks/843160.parquet,843160,5347,83000,science asl lazy to
train_landmarks/850300.parquet,850300,5348,42325,learning brown dataset to
train_landmarks/728833.parquet,728833,5349,84341,10 downing street london
train_landmarks/571331.parquet,571331,5350,28131,accuracy jumps the accuracy to accuracy
train_landmarks/327745.parquet,327745,5351,23434,https://github.com/kaggle
train_landmarks/186868.parquet,186868,5352,61856,project evaluation evaluation world asl
train_landmarks/562518.parquet,562518,5353,74686,science evaluation fox
train_landmarks/410072.parquet,410072,5354,57052,lazy computer university university
train_landmarks/802629.parquet,802629,5355,17331,456 elm st suite 200
train_landmarks/548694.parquet,548694,5356,15695,to to vision vision evaluation
train_landmarks/170146.parquet,170146,5357,88104,www.cdc.gov/covid
train_landmarks/680674.parquet,680674,5358,42098,www.amazon.com/deals
train_landmarks/599950.parquet,599950,5359,70589,vision accuracy computer over hello
train_landmarks/807969.parquet,807969,5360,38893,www.nytimes.com/world
train_landmarks/756475.parquet,756475,5361,51245,the computer project science to
train_landmarks/242064.parquet,242064,5362,68878,(415) 555-8833
train_landmarks/609916.parquet,609916,5363,30379,www.amazon.com/deals
train_landmarks/714228.parquet,714228,5364,31319,+1-800-222-3344
train_landmarks/244765.parquet,244765,5365,99192,10 downing street london
train_landmarks/641921.parquet,641921,5366,54597,asl dog american brown model computer
train_landmarks/301919.parquet,301919,5367,95181,https://www.google.com
train_landmarks/882717.parquet,882717,5368,28726,+1-800-222-3344
train_landmarks/453005.parquet,453005,5369,58520,language sign analysis
train_landmarks/255716.parquet,255716,5370,99192,lazy hello
train_landmarks/461317.parquet,461317,5371,95181,frequency asl lazy engineering dataset sign
train_landmarks/370380.parquet,370380,5372,40021,https://apple.com/ios
train_landmarks/311503.parquet,311503,5373,30379,fingerspelling language analysis to lazy
train_landmarks/649236.parquet,649236,5374,81426,http://wikipedia.org/asl
train_landmarks/203139.parquet,203139,5375,45093,accuracy accuracy
train_landmarks/271617.parquet,271617,5376,45382,world science frequency frequency frequency
train_landmarks/486715.parquet,486715,5377,70142,www.cdc.gov/covid
train_landmarks/611549.parquet,611549,5378,44671,+1-555-987-6543
train_landmarks/431268.parquet,431268,5379,46434,guatemala university american
train_landmarks/974955.parquet,974955,5380,16006,456 elm st suite 200
train_landmarks/429268.parquet,429268,5381,99166,computer engineering hello science world
train_landmarks/546547.parquet,546547,5382,55082,+1-555-987-6543
train_landmarks/953693.parquet,953693,5383,89131,learning model the fingerspelling
train_landmarks/244797.parquet,244797,5384,82357,456 elm st suite 200
train_landmarks/706700.parquet,706700,5385,32431,https://youtube.com/watch
train_landmarks/442874.parquet,442874,5386,22156,1600 pennsylvania ave
train_landmarks/215193.parquet,215193,5387,99192,https://www.google.com
train_landmarks/542185.parquet,542185,5388,59797,frequency learning over guatemala dataset
train_landmarks/836261.parquet,836261,5389,92240,www.nytimes.com/world
train_landmarks/712690.parquet,712690,5390,13905,deep hello jumps jumps
train_landmarks/215602.parquet,215602,5391,40021,10 downing street london
train_landmarks/489281.parquet,489281,5392,99192,jumps lazy analysis
train_landmarks/583885.parquet,583885,5393,38893,world to
train_landmarks/616682.parquet,616682,5394,42953,frequency jumps fox sign learning
train_landmarks/154462.parquet,154462,5395,69429,123 main street apt 4b
train_landmarks/341359.parquet,341359,5396,60019,jumps world language model guatemala guatemala
train_landmarks/911777.parquet,911777,5397,62581,(212) 555-4321
train_landmarks/776444.parquet,776444,5398,44671,deep university learning
train_landmarks/382828.parquet,382828,5399,46463,10 downing street london
train_landmarks/513880.parquet,513880,5400,44671,10 downing street london
train_landmarks/566896.parquet,566896,5401,65302,https://github.com/kaggle
train_landmarks/526766.parquet,526766,5402,95181,frequency evaluation accuracy
train_landmarks/547048.parquet,547048,5403,22280,(555) 234-5678
train_landmarks/170635.parquet,170635,5404,47930,the guatemala quick
train_landmarks/855018.parquet,855018,5405,80644,american hello asl hello
train_landmarks/669520.parquet,669520,5406,36062,+1-800-222-3344
train_landmarks/322839.parquet,322839,5407,13478,456 elm st suite 200
train_landmarks/808517.parquet,808517,5408,40021,guatemala american
train_landmarks/824920.parquet,824920,5409,10851,american dataset brown lazy the
train_landmarks/451868.parquet,451868,5410,14165,computer world science university
train_landmarks/239545.parquet,239545,5411,38893,www.amazon.com/deals
train_landmarks/539674.parquet,539674,5412,99192,(415) 555-8833
train_landmarks/974453.parquet,974453,5413,57447,https://github.com/kaggle
train_landmarks/252642.parquet,252642,5414,82357,+1-555-987-6543
train_landmarks/900690.parquet,900690,5415,40021,university asl model guatemala frequency brown
train_landmarks/447919.parquet,447919,5416,94939,(555) 234-5678
train_landmarks/598276.parquet,598276,5417,62581,221b baker street
train_landmarks/850146.parquet,850146,5418,45093,sign quick
train_landmarks/649372.parquet,649372,5419,99733,vision dataset quick hello brown world
train_landmarks/385148.parquet,385148,5420,59797,+1-555-987-6543
train_landmarks/525372.parquet,525372,5421,42098,221b baker street
train_landmarks/456442.parquet,456442,5422,69429,https://github.com/kaggle
train_landmarks/974132.parquet,974132,5423,30033,221b baker street
train_landmarks/765117.parquet,765117,5424,80010,american dog welcome welcome
train_landmarks/630250.parquet,630250,5425,28131,https://www.google.com
train_landmarks/754799.parquet,754799,5426,25014,university sign
train_landmarks/433196.parquet,433196,5427,64987,456 elm st suite 200
train_landmarks/215332.parquet,215332,5428,18675,456 elm st suite 200
train_landmarks/675578.parquet,675578,5429,62581,(555) 234-5678
train_landmarks/737742.parquet,737742,5430,11504,www.nytimes.com/world
train_landmarks/928699.parquet,928699,5431,99166,fingerspelling computer
train_landmarks/827622.parquet,827622,5432,45093,project fox fox
train_landmarks/483583.parquet,483583,5433,54118,science accuracy engineering fox language
train_landmarks/592854.parquet,592854,5434,86622,science recognition learning lazy lazy
train_landmarks/533925.parquet,533925,5435,22280,https://www.google.com
train_landmarks/854363.parquet,854363,5436,42325,742 evergreen terrace
train_landmarks/449007.parquet,449007,5437,99192,lazy lazy to sign recognition fingerspelling
train_landmarks/561092.parquet,561092,5438,57400,asl asl dog hello vision evaluation
train_landmarks/633913.parquet,633913,5439,52504,800-555-0199
train_landmarks/506738.parquet,506738,5440,20458,123 main street apt 4b
train_landmarks/198843.parquet,198843,5441,23238,10 downing street london
train_landmarks/605390.parquet,605390,5442,44671,742 evergreen terrace
train_landmarks/169767.parquet,169767,5443,28726,accuracy university science american frequency the
train_landmarks/914080.parquet,914080,5444,18326,800-555-0199
train_landmarks/927004.parquet,927004,5445,18326,over model over
train_landmarks/890573.parquet,890573,5446,68878,221b baker street
train_landmarks/687386.parquet,687386,5447,24371,hello brown asl
train_landmarks/874533.parquet,874533,5448,75435,welcome frequency asl
train_landmarks/414388.parquet,414388,5449,22156,123 main street apt 4b
train_landmarks/104632.parquet,104632,5450,98696,model guatemala the university university
train_landmarks/231136.parquet,231136,5451,22676,vision evaluation
train_landmarks/334629.parquet,334629,5452,99192,guatemala accuracy project
train_landmarks/883176.parquet,883176,5453,52504,fox evaluation
train_landmarks/406697.parquet,406697,5454,95909,www.cdc.gov/covid
train_landmarks/826971.parquet,826971,5455,22156,university lazy evaluation brown science brown
train_landmarks/176738.parquet,176738,5456,37869,www.cdc.gov/covid
train_landmarks/851124.parquet,851124,5457,42098,lazy deep american
train_landmarks/810735.parquet,810735,5458,91070,dataset project model vision
train_landmarks/592464.parquet,592464,5459,99733,https://youtube.com/watch
train_landmarks/226153.parquet,226153,5460,95181,computer fox asl computer to fingerspelling
train_landmarks/907052.parquet,907052,5461,38746,1600 pennsylvania ave
train_landmarks/142668.parquet,142668,5462,30379,sign dog world hello the
train_landmarks/848054.parquet,848054,5463,40021,123 main street apt 4b
train_landmarks/964152.parquet,964152,5464,16006,engineering asl learning
train_landmarks/305810.parquet,305810,5465,45382,lazy deep jumps brown brown hello
train_landmarks/754067.parquet,754067,5466,22280,the deep project hello quick
train_landmarks/219556.parquet,219556,5467,13278,10 downing street london
train_landmarks/715245.parquet,715245,5468,99192,www.amazon.com/deals
train_landmarks/138946.parquet,138946,5469,22676,quick fingerspelling
train_landmarks/969064.parquet,969064,5470,57447,the american jumps to language
train_landmarks/319084.parquet,319084,5471,25014,university recognition frequency university lazy
train_landmarks/434122.parquet,434122,5472,54597,1-888-456-7890
train_landmarks/848400.parquet,848400,5473,59797,(212) 555-4321
train_landmarks/193594.parquet,193594,5474,14207,world fingerspelling
train_landmarks/697829.parquet,697829,5475,42953,http://weather.com/today
train_landmarks/503076.parquet,503076,5476,99192,(415) 555-8833
train_landmarks/629905.parquet,629905,5477,58520,frequency deep dog over frequency
train_landmarks/196069.parquet,196069,5478,80644,deep accuracy fingerspelling asl evaluation
train_landmarks/248884.parquet,248884,5479,13478,221b baker street
train_landmarks/449251.parquet,449251,5480,11504,1-888-456-7890
train_landmarks/274531.parquet,274531,5481,71348,deep world quick quick analysis
train_landmarks/808104.parquet,808104,5482,64987,language vision
train_landmarks/190555.parquet,190555,5483,44671,10 downing street london
train_landmarks/495302.parquet,495302,5484,14165,brown the evaluation world
train_landmarks/963923.parquet,963923,5485,22676,http://wikipedia.org/asl
train_landmarks/520106.parquet,520106,5486,62350,dataset analysis deep
train_landmarks/307772.parquet,307772,5487,91070,analysis model university asl
train_landmarks/847391.parquet,847391,5488,65302,accuracy brown quick
train_landmarks/857472.parquet,857472,5489,20328,https://www.google.com
train_landmarks/651890.parquet,651890,5490,99166,dog language sign learning accuracy welcome
train_landmarks/963973.parquet,963973,5491,99733,over vision
train_landmarks/341844.parquet,341844,5492,39871,1600 pennsylvania ave
train_landmarks/167600.parquet,167600,5493,38893,221b baker street
train_landmarks/892721.parquet,892721,5494,99166,(415) 555-8833
train_landmarks/153028.parquet,153028,5495,57447,quick hello dog
train_landmarks/565024.parquet,565024,5496,57052,742 evergreen terrace
train_landmarks/354218.parquet,354218,5497,81482,over university the accuracy brown
train_landmarks/243765.parquet,243765,5498,23434,sign to engineering evaluation welcome
train_landmarks/581153.parquet,581153,5499,76237,evaluation model frequency university
train_landmarks/330988.parquet,330988,5500,70589,http://wikipedia.org/asl
train_landmarks/138100.parquet,138100,5501,88172,guatemala deep dataset the computer american
train_landmarks/312654.parquet,312654,5502,31319,american engineering fox recognition jumps welcome
train_landmarks/799679.parquet,799679,5503,76784,123 main street apt 4b
train_landmarks/597413.parquet,597413,5504,46434,vision dataset fox accuracy
train_landmarks/547889.parquet,547889,5505,51245,742 evergreen terrace
train_landmarks/633816.parquet,633816,5506,75435,456 elm st suite 200
train_landmarks/231350.parquet,231350,5507,68878,accuracy dog university science sign vision
train_landmarks/474902.parquet,474902,5508,48427,https://youtube.com/watch
train_landmarks/913628.parquet,913628,5509,17331,project fingerspelling recognition
train_landmarks/293017.parquet,293017,5510,21395,456 elm st suite 200
train_landmarks/565413.parquet,565413,5511,48427,the learning lazy vision brown fingerspelling
train_landmarks/956710.parquet,956710,5512,94939,123 main street apt 4b
train_landmarks/677028.parquet,677028,5513,25014,deep learning guatemala the world recognition
train_landmarks/947693.parquet,947693,5514,93320,221b baker street
train_landmarks/211329.parquet,211329,5515,62350,www.amazon.com/deals
train_landmarks/752724.parquet,752724,5516,40512,456 elm st suite 200
train_landmarks/259691.parquet,259691,5517,44438,221b baker street
train_landmarks/976552.parquet,976552,5518,45382,1600 pennsylvania ave
train_landmarks/126148.parquet,126148,5519,30033,university asl dataset
train_landmarks/125833.parquet,125833,5520,39871,742 evergreen terrace
train_landmarks/845099.parquet,845099,5521,93886,jumps science analysis evaluation
train_landmarks/445675.parquet,445675,5522,52504,221b baker street
train_landmarks/297626.parquet,297626,5523,47930,recognition guatemala to
train_landmarks/515741.parquet,515741,5524,95181,742 evergreen terrace
train_landmarks/660341.parquet,660341,5525,65302,vision model
train_landmarks/423349.parquet,423349,5526,13278,quick vision
train_landmarks/911459.parquet,911459,5527,16175,www.cdc.gov/covid
train_landmarks/374611.parquet,374611,5528,30379,(415) 555-8833
train_landmarks/769617.parquet,769617,5529,54597,(212) 555-4321
train_landmarks/688437.parquet,688437,5530,75435,to project quick dog the
train_landmarks/248159.parquet,248159,5531,15695,jumps dataset
train_landmarks/257208.parquet,257208,5532,58520,742 evergreen terrace
train_landmarks/166907.parquet,166907,5533,64987,model quick world language guatemala
train_landmarks/521003.parquet,521003,5534,88104,to engineering over frequency fingerspelling lazy
train_landmarks/224849.parquet,224849,5535,74686,asl analysis
train_landmarks/114302.parquet,114302,5536,21915,vision the jumps hello over
train_landmarks/503591.parquet,503591,5537,96673,jumps learning language to project
train_landmarks/931106.parquet,931106,5538,28726,engineering learning welcome analysis
train_landmarks/823915.parquet,823915,5539,95181,http://weather.com/today
train_landmarks/419894.parquet,419894,5540,24592,10 downing street london
train_landmarks/726588.parquet,726588,5541,46048,456 elm st suite 200
train_landmarks/811237.parquet,811237,5542,59735,hello learning sign american lazy
train_landmarks/777318.parquet,777318,5543,69429,1600 pennsylvania ave
train_landmarks/329501.parquet,329501,5544,56566,(415) 555-8833
train_landmarks/168769.parquet,168769,5545,93810,(415) 555-8833
train_landmarks/549983.parquet,549983,5546,47930,vision fingerspelling university american vision frequency
train_landmarks/631288.parquet,631288,5547,37869,+1-555-987-6543
train_landmarks/688842.parquet,688842,5548,59823,vision university vision
train_landmarks/549796.parquet,549796,5549,75435,model dog engineering model sign
train_landmarks/352012.parquet,352012,5550,30379,+1-800-222-3344
train_landmarks/795201.parquet,795201,5551,62350,asl project university analysis world
train_landmarks/266794.parquet,266794,5552,59735,evaluation computer dog model hello
train_landmarks/355700.parquet,355700,5553,54597,engineering deep frequency quick the
train_landmarks/859231.parquet,859231,5554,30379,accuracy to learning recognition
train_landmarks/657854.parquet,657854,5555,99733,(212) 555-4321
train_landmarks/273208.parquet,273208,5556,28131,quick lazy
train_landmarks/280580.parquet,280580,5557,39871,evaluation language deep science university american
train_landmarks/248770.parquet,248770,5558,59797,welcome computer university deep guatemala the
train_landmarks/689538.parquet,689538,5559,16175,fingerspelling to
train_landmarks/468222.parquet,468222,5560,51347,https://www.google.com
train_landmarks/809449.parquet,809449,5561,46434,https://www.google.com
train_landmarks/414465.parquet,414465,5562,31319,vision guatemala
train_landmarks/198789.parquet,198789,5563,30926,1600 pennsylvania ave
train_landmarks/338001.parquet,338001,5564,99733,analysis recognition evaluation
train_landmarks/820019.parquet,820019,5565,48427,model dataset computer
train_landmarks/972872.parquet,972872,5566,25014,brown learning analysis
train_landmarks/217100.parquet,217100,5567,57819,www.amazon.com/deals
train_landmarks/704089.parquet,704089,5568,57819,www.cdc.gov/covid
train_landmarks/520589.parquet,520589,5569,80010,456 elm st suite 200
train_landmarks/956807.parquet,956807,5570,99192,1-888-456-7890
train_landmarks/555219.parquet,555219,5571,86622,analysis accuracy to deep sign
train_landmarks/619999.parquet,619999,5572,69429,800-555-0199
train_landmarks/680918.parquet,680918,5573,37869,to to brown computer
train_landmarks/552344.parquet,552344,5574,59735,model computer recognition welcome brown vision
train_landmarks/419224.parquet,419224,5575,31319,1600 pennsylvania ave
train_landmarks/427852.parquet,427852,5576,46463,deep learning university
train_landmarks/538177.parquet,538177,5577,69429,www.cdc.gov/covid
train_landmarks/670232.parquet,670232,5578,54118,project hello hello fox model
train_landmarks/986944.parquet,986944,5579,99192,www.amazon.com/deals
train_landmarks/970795.parquet,970795,5580,26361,456 elm st suite 200
train_landmarks/854074.parquet,854074,5581,60019,evaluation hello fox
train_landmarks/889847.parquet,889847,5582,94939,221b baker street
train_landmarks/370048.parquet,370048,5583,52504,engineering vision asl the computer quick
train_landmarks/698757.parquet,698757,5584,89840,1-888-456-7890
train_landmarks/972685.parquet,972685,5585,13478,742 evergreen terrace
train_landmarks/928479.parquet,928479,5586,91070,recognition guatemala science american quick to
train_landmarks/846876.parquet,846876,5587,14165,221b baker street
train_landmarks/961411.parquet,961411,5588,99733,university jumps deep
train_landmarks/858723.parquet,858723,5589,46434,123 main street apt 4b
train_landmarks/809570.parquet,809570,5590,28301,guatemala dog evaluation
train_landmarks/967995.parquet,967995,5591,46421,sign quick american frequency brown world
train_landmarks/259649.parquet,259649,5592,64987,www.amazon.com/deals
train_landmarks/737331.parquet,737331,5593,96673,world quick deep language evaluation
train_landmarks/349085.parquet,349085,5594,88172,http://weather.com/today
train_landmarks/238951.parquet,238951,5595,51245,1600 pennsylvania ave
train_landmarks/563012.parquet,563012,5596,47930,123 main street apt 4b
train_landmarks/735833.parquet,735833,5597,56566,learning world
train_landmarks/125462.parquet,125462,5598,65302,lazy brown frequency lazy
train_landmarks/413686.parquet,413686,5599,99166,1-888-456-7890
train_landmarks/490607.parquet,490607,5600,51347,+1-800-222-3344
train_landmarks/188663.parquet,188663,5601,57052,vision recognition project
train_landmarks/811148.parquet,811148,5602,70589,the jumps recognition guatemala
train_landmarks/590418.parquet,590418,5603,22280,analysis guatemala accuracy university dog
train_landmarks/269579.parquet,269579,5604,42953,jumps computer dataset dataset american
train_landmarks/959933.parquet,959933,5605,68878,fox language fingerspelling
train_landmarks/179184.parquet,179184,5606,40021,dog project evaluation fox the
train_landmarks/243559.parquet,243559,5607,54118,american science world frequency dataset
train_landmarks/981315.parquet,981315,5608,37869,frequency quick world quick
train_landmarks/948155.parquet,948155,5609,28301,jumps vision
train_landmarks/878464.parquet,878464,5610,62581,language language quick
train_landmarks/323395.parquet,323395,5611,83000,vision analysis over welcome
train_landmarks/519184.parquet,519184,5612,30033,456 elm st suite 200
train_landmarks/149525.parquet,149525,5613,87397,+1-800-222-3344
train_landmarks/149832.parquet,149832,5614,26361,1-888-456-7890
train_landmarks/918802.parquet,918802,5615,23396,world deep project
train_landmarks/464889.parquet,464889,5616,99166,(555) 234-5678
train_landmarks/662529.parquet,662529,5617,85674,dog fingerspelling american
train_landmarks/146822.parquet,146822,5618,75435,https://github.com/kaggle
train_landmarks/970427.parquet,970427,5619,45093,science brown frequency
train_landmarks/428804.parquet,428804,5620,54597,https://github.com/kaggle
train_landmarks/394458.parquet,394458,5621,30379,742 evergreen terrace
train_landmarks/671989.parquet,671989,5622,22676,123 main street apt 4b
train_landmarks/103063.parquet,103063,5623,39871,https://apple.com/ios
train_landmarks/789474.parquet,789474,5624,30379,accuracy over evaluation dataset
train_landmarks/818422.parquet,818422,5625,46048,sign learning vision dog model
train_landmarks/349098.parquet,349098,5626,24371,vision learning
train_landmarks/357460.parquet,357460,5627,42953,the dataset recognition welcome american project
train_landmarks/148415.parquet,148415,5628,20328,www.amazon.com/deals
train_landmarks/235687.parquet,235687,5629,59615,http://wikipedia.org/asl
train_landmarks/918459.parquet,918459,5630,93810,www.nytimes.com/world
train_landmarks/109264.parquet,109264,5631,45093,456 elm st suite 200
train_landmarks/353172.parquet,353172,5632,28131,+1-555-987-6543
train_landmarks/932859.parquet,932859,5633,95181,https://apple.com/ios
train_landmarks/978654.parquet,978654,5634,64987,over project
train_landmarks/654787.parquet,654787,5635,83579,742 evergreen terrace
train_landmarks/919022.parquet,919022,5636,83000,computer accuracy
train_landmarks/418696.parquet,418696,5637,39256,1600 pennsylvania ave
train_landmarks/540732.parquet,540732,5638,38785,computer to asl
train_landmarks/220464.parquet,220464,5639,44671,science brown science dataset accuracy
train_landmarks/821523.parquet,821523,5640,92397,american dataset model dog to fox
train_landmarks/878237.parquet,878237,5641,28301,456 elm st suite 200
train_landmarks/914073.parquet,914073,5642,62350,123 main street apt 4b
train_landmarks/126486.parquet,126486,5643,19116,456 elm st suite 200
train_landmarks/317551.parquet,317551,5644,60019,123 main street apt 4b
train_landmarks/670918.parquet,670918,5645,96673,project world engineering over jumps deep
train_landmarks/852235.parquet,852235,5646,28301,deep guatemala world evaluation
train_landmarks/499783.parquet,499783,5647,57819,(212) 555-4321
train_landmarks/314741.parquet,314741,5648,30969,world deep
train_landmarks/175097.parquet,175097,5649,99192,evaluation deep over deep asl
train_landmarks/409876.parquet,409876,5650,65302,recognition engineering
train_landmarks/872928.parquet,872928,5651,18326,456 elm st suite 200
train_landmarks/374655.parquet,374655,5652,28131,1600 pennsylvania ave
train_landmarks/507160.parquet,507160,5653,83579,221b baker street
train_landmarks/692840.parquet,692840,5654,30926,221b baker street
train_landmarks/606500.parquet,606500,5655,66155,asl language guatemala
train_landmarks/103135.parquet,103135,5656,74686,https://apple.com/ios
train_landmarks/330570.parquet,330570,5657,55082,221b baker street
train_landmarks/771818.parquet,771818,5658,60019,(415) 555-8833
train_landmarks/338040.parquet,338040,5659,28289,evaluation recognition
train_landmarks/289923.parquet,289923,5660,95181,evaluation learning guatemala
train_landmarks/219133.parquet,219133,5661,94939,project quick welcome
train_landmarks/333889.parquet,333889,5662,42087,(555) 234-5678
train_landmarks/377057.parquet,377057,5663,40021,www.cdc.gov/covid
train_landmarks/707135.parquet,707135,5664,13278,https://apple.com/ios
train_landmarks/573602.parquet,573602,5665,88104,1-888-456-7890
train_landmarks/264498.parquet,264498,5666,39256,(555) 234-5678
train_landmarks/643785.parquet,643785,5667,95181,(555) 234-5678
train_landmarks/662533.parquet,662533,5668,13278,https://youtube.com/watch
train_landmarks/783675.parquet,783675,5669,80010,www.nytimes.com/world
train_landmarks/450922.parquet,450922,5670,18326,computer accuracy learning vision model project
train_landmarks/398696.parquet,398696,5671,14207,computer quick over frequency fox
train_landmarks/230273.parquet,230273,5672,57447,https://apple.com/ios
train_landmarks/995135.parquet,995135,5673,24592,1600 pennsylvania ave
train_landmarks/537789.parquet,537789,5674,89840,10 downing street london
train_landmarks/199531.parquet,199531,5675,69429,vision engineering analysis the brown lazy
train_landmarks/939687.parquet,939687,5676,58520,fingerspelling hello engineering lazy
train_landmarks/198690.parquet,198690,5677,21395,(212) 555-4321
train_landmarks/484327.parquet,484327,5678,45093,accuracy dataset dataset fox recognition
train_landmarks/738375.parquet,738375,5679,58520,456 elm st suite 200
train_landmarks/687783.parquet,687783,5680,44718,language analysis
train_landmarks/651085.parquet,651085,5681,57819,vision analysis quick sign guatemala learning
train_landmarks/219357.parquet,219357,5682,95181,american science
train_landmarks/617736.parquet,617736,5683,40021,10 downing street london
train_landmarks/829397.parquet,829397,5684,68878,(212) 555-4321
train_landmarks/332577.parquet,332577,5685,16175,fingerspelling fox model
train_landmarks/180616.parquet,180616,5686,83000,221b baker street
train_landmarks/445424.parquet,445424,5687,81426,(555) 234-5678
train_landmarks/890954.parquet,890954,5688,71348,deep model hello deep
train_landmarks/730589.parquet,730589,5689,56566,1600 pennsylvania ave
train_landmarks/489620.parquet,489620,5690,21395,american to fingerspelling guatemala
train_landmarks/345807.parquet,345807,5691,99733,language model over frequency engineering dog
train_landmarks/762823.parquet,762823,5692,22156,+1-555-987-6543
train_landmarks/914948.parquet,914948,5693,86622,fox accuracy brown recognition
train_landmarks/875701.parquet,875701,5694,57447,1-888-456-7890
train_landmarks/170012.parquet,170012,5695,11504,model frequency analysis analysis
train_landmarks/211457.parquet,211457,5696,58520,learning fingerspelling quick
train_landmarks/830032.parquet,830032,5697,69429,language hello hello
train_landmarks/964880.parquet,964880,5698,70142,+1-800-222-3344
train_landmarks/681811.parquet,681811,5699,13478,800-555-0199
train_landmarks/198373.parquet,198373,5700,89840,123 main street apt 4b
train_landmarks/913674.parquet,913674,5701,89840,https://github.com/kaggle
train_landmarks/109098.parquet,109098,5702,65302,recognition sign dataset evaluation computer
train_landmarks/782216.parquet,782216,5703,47930,to accuracy sign jumps
train_landmarks/391048.parquet,391048,5704,74686,language dataset
train_landmarks/734757.parquet,734757,5705,74686,project computer
train_landmarks/297323.parquet,297323,5706,14165,742 evergreen terrace
train_landmarks/538867.parquet,538867,5707,65302,742 evergreen terrace
train_landmarks/169774.parquet,169774,5708,59797,guatemala project university
train_landmarks/574817.parquet,574817,5709,24371,www.cdc.gov/covid
train_landmarks/226902.parquet,226902,5710,13478,123 main street apt 4b
train_landmarks/840936.parquet,840936,5711,37869,(555) 234-5678
train_landmarks/840658.parquet,840658,5712,13905,jumps over over frequency
train_landmarks/383506.parquet,383506,5713,99733,https://apple.com/ios
train_landmarks/930380.parquet,930380,5714,82357,accuracy brown deep
train_landmarks/357565.parquet,357565,5715,83579,800-555-0199
train_landmarks/554955.parquet,554955,5716,30379,742 evergreen terrace
train_landmarks/198717.parquet,198717,5717,17331,vision welcome
train_landmarks/381495.parquet,381495,5718,30379,+1-800-222-3344
train_landmarks/679597.parquet,679597,5719,37869,over engineering quick deep
train_landmarks/356534.parquet,356534,5720,16175,the recognition science to
train_landmarks/195275.parquet,195275,5721,88907,https://apple.com/ios
train_landmarks/546480.parquet,546480,5722,16175,fingerspelling world computer recognition
train_landmarks/208055.parquet,208055,5723,45382,1600 pennsylvania ave
train_landmarks/301751.parquet,301751,5724,88907,learning analysis project welcome model jumps
train_landmarks/979514.parquet,979514,5725,20458,742 evergreen terrace
train_landmarks/817621.parquet,817621,5726,64987,american model
train_landmarks/504271.parquet,504271,5727,37653,the lazy
train_landmarks/501951.parquet,501951,5728,28726,1600 pennsylvania ave
train_landmarks/290042.parquet,290042,5729,22280,engineering quick guatemala dog asl asl
train_landmarks/711410.parquet,711410,5730,58520,recognition evaluation language dog sign
train_landmarks/197801.parquet,197801,5731,62350,model computer
train_landmarks/668082.parquet,668082,5732,18326,computer the computer
train_landmarks/341691.parquet,341691,5733,56566,jumps vision frequency world
train_landmarks/496934.parquet,496934,5734,60019,123 main street apt 4b
train_landmarks/637277.parquet,637277,5735,94939,fingerspelling lazy world sign
train_landmarks/733872.parquet,733872,5736,35203,800-555-0199
train_landmarks/369855.parquet,369855,5737,76784,+1-555-987-6543
train_landmarks/207507.parquet,207507,5738,31319,asl analysis hello quick science accuracy
train_landmarks/951375.parquet,951375,5739,69429,+1-555-987-6543
train_landmarks/361189.parquet,361189,5740,31319,asl computer jumps
train_landmarks/445788.parquet,445788,5741,76784,456 elm st suite 200
train_landmarks/382054.parquet,382054,5742,28131,+1-800-222-3344
train_landmarks/973321.parquet,973321,5743,19116,www.amazon.com/deals
train_landmarks/271011.parquet,271011,5744,26361,computer university accuracy engineering computer analysis
train_landmarks/602901.parquet,602901,5745,31319,hello science
train_landmarks/734440.parquet,734440,5746,80010,world lazy recognition model project
train_landmarks/444076.parquet,444076,5747,30379,www.nytimes.com/world
train_landmarks/230653.parquet,230653,5748,80644,lazy quick recognition recognition world language
train_landmarks/577447.parquet,577447,5749,31319,+1-555-987-6543
train_landmarks/398636.parquet,398636,5750,26361,vision deep sign science science sign
train_landmarks/707535.parquet,707535,5751,22280,(555) 234-5678
train_landmarks/528430.parquet,528430,5752,30379,learning frequency the frequency frequency
train_landmarks/712622.parquet,712622,5753,60019,http://weather.com/today
train_landmarks/751402.parquet,751402,5754,44671,742 evergreen terrace
train_landmarks/184718.parquet,184718,5755,38893,https://github.com/kaggle
train_landmarks/937204.parquet,937204,5756,69429,fox asl model fingerspelling dataset
train_landmarks/100054.parquet,100054,5757,44671,sign american
train_landmarks/120974.parquet,120974,5758,42098,american world language learning over
train_landmarks/397886.parquet,397886,5759,70217,computer vision science sign
train_landmarks/119552.parquet,119552,5760,89840,welcome university vision evaluation
train_landmarks/528373.parquet,528373,5761,89840,accuracy dog to quick model dataset
train_landmarks/377131.parquet,377131,5762,48427,science project learning recognition analysis accuracy
train_landmarks/230413.parquet,230413,5763,46434,742 evergreen terrace
train_landmarks/985506.parquet,985506,5764,42953,https://www.google.com
train_landmarks/815641.parquet,815641,5765,91070,welcome learning american dataset dataset frequency
train_landmarks/415468.parquet,415468,5766,59797,computer evaluation
train_landmarks/361481.parquet,361481,5767,54118,language evaluation fingerspelling language
train_landmarks/154285.parquet,154285,5768,69429,welcome to the
train_landmarks/980697.parquet,980697,5769,28726,http://wikipedia.org/asl
train_landmarks/991450.parquet,991450,5770,65392,language asl to guatemala computer
train_landmarks/318519.parquet,318519,5771,51245,http://weather.com/today
train_landmarks/773920.parquet,773920,5772,46048,jumps frequency learning project
train_landmarks/649643.parquet,649643,5773,47930,456 elm st suite 200
train_landmarks/151141.parquet,151141,5774,28301,welcome jumps guatemala dataset dog
train_landmarks/418813.parquet,418813,5775,59615,computer hello american
train_landmarks/726785.parquet,726785,5776,32431,10 downing street london
train_landmarks/853643.parquet,853643,5777,30926,(555) 234-5678
train_landmarks/663312.parquet,663312,5778,61856,www.cdc.gov/covid
train_landmarks/305705.parquet,305705,5779,28289,(212) 555-4321
train_landmarks/812641.parquet,812641,5780,74686,456 elm st suite 200
train_landmarks/848750.parquet,848750,5781,10851,science dog
train_landmarks/230056.parquet,230056,5782,24371,world to project science
train_landmarks/808000.parquet,808000,5783,82357,123 main street apt 4b
train_landmarks/506977.parquet,506977,5784,95909,(212) 555-4321
train_landmarks/566088.parquet,566088,5785,15695,american analysis
train_landmarks/681192.parquet,681192,5786,99192,american american evaluation guatemala frequency computer
train_landmarks/817371.parquet,817371,5787,88907,800-555-0199
train_landmarks/399116.parquet,399116,5788,87236,jumps to lazy dataset
train_landmarks/925451.parquet,925451,5789,31319,+1-800-222-3344
train_landmarks/128832.parquet,128832,5790,65302,project project language
train_landmarks/395061.parquet,395061,5791,10851,www.cdc.gov/covid
train_landmarks/123621.parquet,123621,5792,60432,fingerspelling to welcome science lazy
train_landmarks/192554.parquet,192554,5793,11504,www.nytimes.com/world
train_landmarks/903765.parquet,903765,5794,91070,+1-800-222-3344
train_landmarks/318062.parquet,318062,5795,99192,https://www.google.com
train_landmarks/927081.parquet,927081,5796,89840,https://www.google.com
train_landmarks/698711.parquet,698711,5797,22676,accuracy asl
train_landmarks/474413.parquet,474413,5798,37653,dog world hello
train_landmarks/356026.parquet,356026,5799,14207,vision fingerspelling hello guatemala
train_landmarks/310013.parquet,310013,5800,99166,guatemala science quick
train_landmarks/816741.parquet,816741,5801,59797,frequency quick
train_landmarks/589071.parquet,589071,5802,62581,http://wikipedia.org/asl
train_landmarks/173546.parquet,173546,5803,28289,https://github.com/kaggle
train_landmarks/954518.parquet,954518,5804,38657,10 downing street london
train_landmarks/479241.parquet,479241,5805,93810,brown deep
train_landmarks/726895.parquet,726895,5806,25014,dataset model engineering brown fox analysis
train_landmarks/626786.parquet,626786,5807,86622,(212) 555-4321
train_landmarks/925811.parquet,925811,5808,83579,science welcome welcome science university
train_landmarks/635535.parquet,635535,5809,56566,american deep world project recognition
train_landmarks/519320.parquet,519320,5810,44671,language jumps computer dataset learning
train_landmarks/486777.parquet,486777,5811,81426,221b baker street
train_landmarks/714640.parquet,714640,5812,57052,221b baker street
train_landmarks/773084.parquet,773084,5813,91070,learning learning deep the
train_landmarks/289247.parquet,289247,5814,28726,american analysis frequency
train_landmarks/430873.parquet,430873,5815,19358,(212) 555-4321
train_landmarks/813460.parquet,813460,5816,87397,1-888-456-7890
train_landmarks/542846.parquet,542846,5817,13278,800-555-0199
train_landmarks/170344.parquet,170344,5818,13905,+1-555-987-6543
train_landmarks/170498.parquet,170498,5819,96673,(555) 234-5678
train_landmarks/657773.parquet,657773,5820,18326,742 evergreen terrace
train_landmarks/423304.parquet,423304,5821,17331,456 elm st suite 200
train_landmarks/355470.parquet,355470,5822,86622,1-888-456-7890
train_landmarks/978715.parquet,978715,5823,69429,www.nytimes.com/world
train_landmarks/868849.parquet,868849,5824,48427,over project frequency model
train_landmarks/102792.parquet,102792,5825,22280,1-888-456-7890
train_landmarks/375204.parquet,375204,5826,24371,(555) 234-5678
train_landmarks/882556.parquet,882556,5827,42325,university dog american
train_landmarks/776478.parquet,776478,5828,38893,+1-555-987-6543
train_landmarks/186074.parquet,186074,5829,56566,fingerspelling university frequency project fox
train_landmarks/194552.parquet,194552,5830,31319,brown deep the to
train_landmarks/492050.parquet,492050,5831,99733,(212) 555-4321
train_landmarks/909968.parquet,909968,5832,60019,742 evergreen terrace
train_landmarks/466227.parquet,466227,5833,70589,1-888-456-7890
train_landmarks/652838.parquet,652838,5834,19358,vision deep american recognition
train_landmarks/460424.parquet,460424,5835,28289,quick recognition welcome analysis accuracy brown
train_landmarks/279106.parquet,279106,5836,98696,engineering welcome accuracy model engineering fox
train_landmarks/583095.parquet,583095,5837,46463,221b baker street
train_landmarks/286452.parquet,286452,5838,42098,800-555-0199
train_landmarks/995289.parquet,995289,5839,61856,https://github.com/kaggle
train_landmarks/426158.parquet,426158,5840,95909,fox analysis evaluation dataset engineering guatemala
train_landmarks/168189.parquet,168189,5841,13478,lazy jumps computer accuracy welcome
train_landmarks/264611.parquet,264611,5842,28131,www.amazon.com/deals
train_landmarks/702127.parquet,702127,5843,81426,123 main street apt 4b
train_landmarks/900198.parquet,900198,5844,44671,dataset fox brown welcome project lazy
train_landmarks/195082.parquet,195082,5845,23396,learning brown hello welcome
train_landmarks/772256.parquet,772256,5846,91070,123 main street apt 4b
train_landmarks/990214.parquet,990214,5847,22156,http://wikipedia.org/asl
train_landmarks/436307.parquet,436307,5848,31319,800-555-0199
train_landmarks/161746.parquet,161746,5849,96673,the science brown learning
train_landmarks/149757.parquet,149757,5850,99166,to language vision welcome project
train_landmarks/877437.parquet,877437,5851,23434,dog accuracy welcome analysis fox
train_landmarks/685484.parquet,685484,5852,36062,recognition fox fingerspelling
train_landmarks/743694.parquet,743694,5853,28289,hello over fingerspelling deep university university
train_landmarks/942731.parquet,942731,5854,99733,https://youtube.com/watch
train_landmarks/209724.parquet,209724,5855,23434,engineering asl computer the analysis
train_landmarks/981015.parquet,981015,5856,28131,vision over hello accuracy jumps sign
train_landmarks/537679.parquet,537679,5857,56566,over brown accuracy
train_landmarks/473124.parquet,473124,5858,44993,over evaluation model language asl
train_landmarks/253103.parquet,253103,5859,32431,https://github.com/kaggle
train_landmarks/762099.parquet,762099,5860,38893,1-888-456-7890
train_landmarks/938473.parquet,938473,5861,10851,dataset the
train_landmarks/696328.parquet,696328,5862,15695,(415) 555-8833
train_landmarks/938496.parquet,938496,5863,45382,american evaluation language project
train_landmarks/837630.parquet,837630,5864,54597,800-555-0199
train_landmarks/131987.parquet,131987,5865,40495,www.nytimes.com/world
train_landmarks/986345.parquet,986345,5866,42953,+1-555-987-6543
train_landmarks/745592.parquet,745592,5867,46048,123 main street apt 4b
train_landmarks/366431.parquet,366431,5868,86622,project jumps computer brown to analysis
train_landmarks/950816.parquet,950816,5869,83579,https://apple.com/ios
train_landmarks/941840.parquet,941840,5870,89131,university guatemala fingerspelling
train_landmarks/945166.parquet,945166,5871,13478,1600 pennsylvania ave
train_landmarks/679252.parquet,679252,5872,95181,www.cdc.gov/covid
train_landmarks/374881.parquet,374881,5873,18675,www.amazon.com/deals
train_landmarks/988351.parquet,988351,5874,40021,456 elm st suite 200
train_landmarks/376289.parquet,376289,5875,42325,456 elm st suite 200
train_landmarks/826233.parquet,826233,5876,18326,quick recognition hello brown
train_landmarks/627094.parquet,627094,5877,18675,american science guatemala hello quick analysis
train_landmarks/445221.parquet,445221,5878,81426,science jumps american american
train_landmarks/633367.parquet,633367,5879,54118,dataset asl science engineering engineering
train_landmarks/753724.parquet,753724,5880,76784,lazy vision
train_landmarks/155015.parquet,155015,5881,54597,123 main street apt 4b
train_landmarks/244758.parquet,244758,5882,21395,analysis engineering
train_landmarks/938194.parquet,938194,5883,84341,language the world
train_landmarks/971060.parquet,971060,5884,19116,analysis brown recognition the american
train_landmarks/317385.parquet,317385,5885,99192,10 downing street london
train_landmarks/865750.parquet,865750,5886,40021,1-888-456-7890
train_landmarks/715370.parquet,715370,5887,65302,dataset language guatemala language
train_landmarks/423003.parquet,423003,5888,60019,http://wikipedia.org/asl
train_landmarks/372226.parquet,372226,5889,59797,221b baker street
train_landmarks/866589.parquet,866589,5890,26361,www.amazon.com/deals
train_landmarks/344694.parquet,344694,5891,19116,123 main street apt 4b
train_landmarks/688035.parquet,688035,5892,28289,+1-555-987-6543
train_landmarks/197492.parquet,197492,5893,31319,project vision model welcome dog
train_landmarks/789447.parquet,789447,5894,76237,the language frequency evaluation fingerspelling
train_landmarks/757236.parquet,757236,5895,19116,model welcome deep jumps analysis
train_landmarks/485414.parquet,485414,5896,82357,vision frequency over analysis learning analysis
train_landmarks/897060.parquet,897060,5897,28301,dog hello lazy science american to
train_landmarks/661174.parquet,661174,5898,86622,american fingerspelling american the guatemala
train_landmarks/392072.parquet,392072,5899,81426,221b baker street
train_landmarks/329439.parquet,329439,5900,92397,1600 pennsylvania ave
train_landmarks/869724.parquet,869724,5901,91070,+1-555-987-6543
train_landmarks/971315.parquet,971315,5902,81426,jumps dog computer brown
train_landmarks/600774.parquet,600774,5903,86622,1600 pennsylvania ave
train_landmarks/816889.parquet,816889,5904,51245,recognition over american computer
train_landmarks/387873.parquet,387873,5905,46463,guatemala brown deep learning world
train_landmarks/652141.parquet,652141,5906,92397,123 main street apt 4b
train_landmarks/549359.parquet,549359,5907,22280,742 evergreen terrace
train_landmarks/979787.parquet,979787,5908,99733,accuracy computer
train_landmarks/545016.parquet,545016,5909,76237,800-555-0199
train_landmarks/381249.parquet,381249,5910,99166,evaluation brown to vision
train_landmarks/425772.parquet,425772,5911,42325,fingerspelling sign science university the accuracy
train_landmarks/693205.parquet,693205,5912,35203,dataset accuracy brown fox
train_landmarks/922380.parquet,922380,5913,31417,(555) 234-5678
train_landmarks/190032.parquet,190032,5914,99192,language vision over university
train_landmarks/251606.parquet,251606,5915,89840,http://weather.com/today
train_landmarks/896209.parquet,896209,5916,68878,welcome vision over
train_landmarks/500105.parquet,500105,5917,91070,742 evergreen terrace
train_landmarks/695303.parquet,695303,5918,76784,science deep guatemala accuracy
train_landmarks/630737.parquet,630737,5919,40021,the lazy university language
train_landmarks/175486.parquet,175486,5920,40021,frequency science dog accuracy
train_landmarks/652582.parquet,652582,5921,16175,10 downing street london
train_landmarks/609576.parquet,609576,5922,30033,www.amazon.com/deals
train_landmarks/442146.parquet,442146,5923,99192,(212) 555-4321
train_landmarks/116538.parquet,116538,5924,65302,221b baker street
train_landmarks/261733.parquet,261733,5925,89840,computer science
train_landmarks/997363.parquet,997363,5926,61856,(415) 555-8833
train_landmarks/964755.parquet,964755,5927,28726,american quick welcome
train_landmarks/316227.parquet,316227,5928,93886,10 downing street london
train_landmarks/993980.parquet,993980,5929,38893,language fox deep learning model to
train_landmarks/566036.parquet,566036,5930,86622,accuracy asl quick
train_landmarks/189644.parquet,189644,5931,95909,engineering learning frequency vision
train_landmarks/788242.parquet,788242,5932,65302,800-555-0199
train_landmarks/120562.parquet,120562,5933,69429,to welcome jumps university asl
train_landmarks/537030.parquet,537030,5934,68878,1-888-456-7890
train_landmarks/488791.parquet,488791,5935,26361,10 downing street london
train_landmarks/636869.parquet,636869,5936,13278,(415) 555-8833
train_landmarks/514632.parquet,514632,5937,19116,https://apple.com/ios
train_landmarks/739117.parquet,739117,5938,89840,model model
train_landmarks/186178.parquet,186178,5939,38785,deep university computer brown project asl
train_landmarks/260617.parquet,260617,5940,14207,world accuracy recognition over
train_landmarks/316015.parquet,316015,5941,28131,university computer over evaluation evaluation
train_landmarks/642480.parquet,642480,5942,54597,vision project science science
train_landmarks/497657.parquet,497657,5943,76237,analysis project to world computer vision
train_landmarks/842772.parquet,842772,5944,74686,+1-800-222-3344
train_landmarks/420777.parquet,420777,5945,81426,+1-800-222-3344
train_landmarks/552889.parquet,552889,5946,82512,fox frequency accuracy over jumps
train_landmarks/102802.parquet,102802,5947,76784,evaluation frequency quick fingerspelling
train_landmarks/827642.parquet,827642,5948,58520,+1-800-222-3344
train_landmarks/218020.parquet,218020,5949,99166,1600 pennsylvania ave
train_landmarks/722583.parquet,722583,5950,14165,742 evergreen terrace
train_landmarks/153428.parquet,153428,5951,44671,jumps welcome
train_landmarks/364514.parquet,364514,5952,17331,123 main street apt 4b
train_landmarks/903733.parquet,903733,5953,82357,+1-555-987-6543
train_landmarks/352069.parquet,352069,5954,88172,deep project over guatemala
train_landmarks/591046.parquet,591046,5955,98696,fingerspelling fox to vision
train_landmarks/866749.parquet,866749,5956,89840,fox sign frequency asl
train_landmarks/324391.parquet,324391,5957,59735,over frequency sign guatemala
train_landmarks/466496.parquet,466496,5958,40021,evaluation model american recognition model to
train_landmarks/625950.parquet,625950,5959,22156,https://youtube.com/watch
train_landmarks/522001.parquet,522001,5960,92397,https://apple.com/ios
train_landmarks/910981.parquet,910981,5961,76784,evaluation fingerspelling
train_landmarks/349913.parquet,349913,5962,10851,(415) 555-8833
train_landmarks/787028.parquet,787028,5963,28131,science world project hello
train_landmarks/946057.parquet,946057,5964,32431,computer fox dataset american recognition
train_landmarks/855356.parquet,855356,5965,28726,engineering jumps to
train_landmarks/434854.parquet,434854,5966,37869,sign dog
train_landmarks/397167.parquet,397167,5967,65392,456 elm st suite 200
train_landmarks/138880.parquet,138880,5968,80010,https://www.google.com
train_landmarks/300239.parquet,300239,5969,16175,fox brown to deep vision
train_landmarks/141223.parquet,141223,5970,40512,dataset guatemala project accuracy hello
train_landmarks/135068.parquet,135068,5971,42953,456 elm st suite 200
train_landmarks/834767.parquet,834767,5972,69429,welcome deep fingerspelling learning fox accuracy
train_landmarks/706392.parquet,706392,5973,36062,vision evaluation university
train_landmarks/544827.parquet,544827,5974,85674,10 downing street london
train_landmarks/362130.parquet,362130,5975,60019,123 main street apt 4b
train_landmarks/928990.parquet,928990,5976,15695,123 main street apt 4b
train_landmarks/485891.parquet,485891,5977,16175,learning recognition quick quick
train_landmarks/234309.parquet,234309,5978,24371,https://apple.com/ios
train_landmarks/324813.parquet,324813,5979,82357,(555) 234-5678
train_landmarks/324008.parquet,324008,5980,65302,+1-555-987-6543
train_landmarks/960118.parquet,960118,5981,95909,https://github.com/kaggle
train_landmarks/741824.parquet,741824,5982,44671,http://weather.com/today
train_landmarks/298769.parquet,298769,5983,42325,www.nytimes.com/world
train_landmarks/998913.parquet,998913,5984,59823,456 elm st suite 200
train_landmarks/766110.parquet,766110,5985,57819,221b baker street
train_landmarks/337723.parquet,337723,5986,28301,10 downing street london
train_landmarks/335946.parquet,335946,5987,57400,10 downing street london
train_landmarks/909386.parquet,909386,5988,59823,science model brown deep sign
train_landmarks/123432.parquet,123432,5989,91070,+1-800-222-3344
train_landmarks/995645.parquet,995645,5990,92397,vision university
train_landmarks/806262.parquet,806262,5991,97841,evaluation science asl accuracy
train_landmarks/508768.parquet,508768,5992,86484,over frequency over engineering fingerspelling analysis
train_landmarks/593748.parquet,593748,5993,48427,learning accuracy jumps american
train_landmarks/900679.parquet,900679,5994,97841,university fox accuracy deep guatemala
train_landmarks/935467.parquet,935467,5995,62581,hello vision
train_landmarks/437925.parquet,437925,5996,22676,brown fox american vision language
train_landmarks/253875.parquet,253875,5997,22676,frequency fingerspelling evaluation welcome guatemala computer
train_landmarks/386102.parquet,386102,5998,18326,1600 pennsylvania ave
train_landmarks/834072.parquet,834072,5999,95909,+1-555-987-6543
train_landmarks/819785.parquet,819785,6000,42087,world brown sign accuracy
train_landmarks/820930.parquet,820930,6001,40021,brown asl science american
train_landmarks/119178.parquet,119178,6002,42098,quick language vision
train_landmarks/666099.parquet,666099,6003,83000,https://github.com/kaggle
train_landmarks/566154.parquet,566154,6004,56566,american evaluation sign analysis frequency
train_landmarks/184170.parquet,184170,6005,89840,(415) 555-8833
train_landmarks/241116.parquet,241116,6006,48427,(555) 234-5678
train_landmarks/373715.parquet,373715,6007,65302,lazy welcome engineering
train_landmarks/202179.parquet,202179,6008,10851,www.nytimes.com/world
train_landmarks/277192.parquet,277192,6009,60019,the the project evaluation university
train_landmarks/591481.parquet,591481,6010,96673,dataset the
train_landmarks/542276.parquet,542276,6011,69429,science engineering dog project jumps
train_landmarks/733025.parquet,733025,6012,28289,456 elm st suite 200
train_landmarks/541521.parquet,541521,6013,42098,vision lazy
train_landmarks/198366.parquet,198366,6014,37869,742 evergreen terrace
train_landmarks/395634.parquet,395634,6015,94939,fingerspelling quick world american accuracy dog
train_landmarks/337175.parquet,337175,6016,56566,asl world welcome
train_landmarks/520065.parquet,520065,6017,54118,(212) 555-4321
train_landmarks/589966.parquet,589966,6018,61856,1-888-456-7890
train_landmarks/742645.parquet,742645,6019,38893,https://www.google.com
train_landmarks/438586.parquet,438586,6020,46463,computer the evaluation
train_landmarks/362325.parquet,362325,6021,69429,quick language learning american the world
train_landmarks/452628.parquet,452628,6022,57052,learning recognition
train_landmarks/815838.parquet,815838,6023,54118,https://apple.com/ios
train_landmarks/172510.parquet,172510,6024,40021,language fox fingerspelling sign
train_landmarks/707730.parquet,707730,6025,40021,742 evergreen terrace
train_landmarks/584831.parquet,584831,6026,38746,(555) 234-5678
train_landmarks/448246.parquet,448246,6027,47930,recognition vision
train_landmarks/517305.parquet,517305,6028,21395,guatemala fingerspelling the over
train_landmarks/544012.parquet,544012,6029,22676,language american
train_landmarks/484657.parquet,484657,6030,11504,the frequency university dog evaluation asl
train_landmarks/342001.parquet,342001,6031,45382,lazy model vision the
train_landmarks/479676.parquet,479676,6032,51245,1600 pennsylvania ave
train_landmarks/992634.parquet,992634,6033,93810,http://weather.com/today
train_landmarks/454494.parquet,454494,6034,56566,language evaluation learning jumps frequency
train_landmarks/870079.parquet,870079,6035,42098,https://www.google.com
train_landmarks/947047.parquet,947047,6036,80010,university hello brown
train_landmarks/446469.parquet,446469,6037,99192,10 downing street london
train_landmarks/711221.parquet,711221,6038,42953,recognition university to evaluation recognition fox
train_landmarks/616889.parquet,616889,6039,19358,www.nytimes.com/world
train_landmarks/833226.parquet,833226,6040,69429,https://www.google.com
train_landmarks/462177.parquet,462177,6041,60019,456 elm st suite 200
train_landmarks/159751.parquet,159751,6042,62581,brown hello university asl
train_landmarks/445987.parquet,445987,6043,98696,https://youtube.com/watch
train_landmarks/365677.parquet,365677,6044,69429,evaluation computer recognition
train_landmarks/318978.parquet,318978,6045,38221,(212) 555-4321
train_landmarks/685750.parquet,685750,6046,69429,+1-800-222-3344
train_landmarks/684426.parquet,684426,6047,69429,456 elm st suite 200
train_landmarks/579728.parquet,579728,6048,70589,10 downing street london
train_landmarks/556742.parquet,556742,6049,48427,asl dog
train_landmarks/440365.parquet,440365,6050,64987,accuracy project computer model model vision
train_landmarks/595367.parquet,595367,6051,58520,dog over
train_landmarks/708325.parquet,708325,6052,28131,welcome dataset american engineering engineering
train_landmarks/456815.parquet,456815,6053,14207,https://www.google.com
train_landmarks/416874.parquet,416874,6054,59615,frequency recognition learning engineering learning dog
train_landmarks/222754.parquet,222754,6055,18326,asl frequency model over
train_landmarks/153964.parquet,153964,6056,99192,221b baker street
train_landmarks/477360.parquet,477360,6057,54597,accuracy fingerspelling fox fox
train_landmarks/607633.parquet,607633,6058,42098,project welcome science world dataset fingerspelling
train_landmarks/583744.parquet,583744,6059,61856,www.nytimes.com/world
train_landmarks/259069.parquet,259069,6060,28131,(415) 555-8833
train_landmarks/704624.parquet,704624,6061,42953,1-888-456-7890
train_landmarks/454264.parquet,454264,6062,30033,(415) 555-8833
train_landmarks/125930.parquet,125930,6063,45382,the american guatemala asl frequency dataset
train_landmarks/111961.parquet,111961,6064,44993,learning dataset lazy frequency vision
train_landmarks/527529.parquet,527529,6065,42098,https://apple.com/ios
train_landmarks/238639.parquet,238639,6066,54118,project computer frequency analysis analysis science
train_landmarks/492781.parquet,492781,6067,69429,10 downing street london
train_landmarks/315084.parquet,315084,6068,99733,jumps dog project lazy dataset
train_landmarks/895658.parquet,895658,6069,93227,deep brown
train_landmarks/559071.parquet,559071,6070,61856,jumps language fingerspelling lazy
train_landmarks/931493.parquet,931493,6071,22676,https://apple.com/ios
train_landmarks/784885.parquet,784885,6072,32431,lazy dog deep evaluation
train_landmarks/154406.parquet,154406,6073,65302,computer university hello
train_landmarks/497499.parquet,497499,6074,39871,https://youtube.com/watch
train_landmarks/953955.parquet,953955,6075,94259,model guatemala
train_landmarks/496200.parquet,496200,6076,18675,learning deep the computer
train_landmarks/786152.parquet,786152,6077,25014,www.amazon.com/deals
train_landmarks/558905.parquet,558905,6078,22676,welcome jumps welcome jumps to
train_landmarks/605826.parquet,605826,6079,31319,quick asl
train_landmarks/377768.parquet,377768,6080,80284,+1-800-222-3344
train_landmarks/682679.parquet,682679,6081,59823,221b baker street
train_landmarks/602138.parquet,602138,6082,74686,hello fox recognition dataset
train_landmarks/938396.parquet,938396,6083,45093,hello to
train_landmarks/426126.parquet,426126,6084,24371,accuracy welcome engineering fingerspelling engineering engineering
train_landmarks/482901.parquet,482901,6085,30926,742 evergreen terrace
train_landmarks/602971.parquet,602971,6086,16175,language vision science fingerspelling deep
train_landmarks/144085.parquet,144085,6087,23434,1-888-456-7890
train_landmarks/236379.parquet,236379,6088,30033,800-555-0199
train_landmarks/178811.parquet,178811,6089,80284,analysis fox
train_landmarks/851914.parquet,851914,6090,15695,fingerspelling fingerspelling lazy recognition recognition jumps
train_landmarks/950510.parquet,950510,6091,56566,221b baker street
train_landmarks/914466.parquet,914466,6092,18326,221b baker street
train_landmarks/621208.parquet,621208,6093,39256,+1-800-222-3344
train_landmarks/833654.parquet,833654,6094,82357,www.cdc.gov/covid
train_landmarks/944696.parquet,944696,6095,74686,1600 pennsylvania ave
train_landmarks/935928.parquet,935928,6096,35203,221b baker street
train_landmarks/957141.parquet,957141,6097,10851,https://youtube.com/watch
train_landmarks/424753.parquet,424753,6098,20458,456 elm st suite 200
train_landmarks/108747.parquet,108747,6099,85674,+1-800-222-3344
train_landmarks/291628.parquet,291628,6100,99192,the the welcome learning over american
train_landmarks/454917.parquet,454917,6101,28726,university jumps over
train_landmarks/837472.parquet,837472,6102,58520,brown analysis
train_landmarks/478381.parquet,478381,6103,99166,+1-555-987-6543
train_landmarks/170069.parquet,170069,6104,69429,221b baker street
train_landmarks/622494.parquet,622494,6105,23434,quick analysis
train_landmarks/525502.parquet,525502,6106,59797,456 elm st suite 200
train_landmarks/435059.parquet,435059,6107,40512,evaluation to
train_landmarks/525463.parquet,525463,6108,81426,science world model dog learning quick
train_landmarks/660520.parquet,660520,6109,60019,world sign university lazy
train_landmarks/114047.parquet,114047,6110,44718,american american analysis deep
train_landmarks/326667.parquet,326667,6111,22676,10 downing street london
train_landmarks/775559.parquet,775559,6112,59735,https://www.google.com
train_landmarks/934269.parquet,934269,6113,95909,http://weather.com/today
train_landmarks/451873.parquet,451873,6114,18326,221b baker street
train_landmarks/260986.parquet,260986,6115,24371,(212) 555-4321
train_landmarks/609006.parquet,609006,6116,56566,https://apple.com/ios
train_landmarks/458865.parquet,458865,6117,28301,computer project
train_landmarks/200300.parquet,200300,6118,32431,10 downing street london
train_landmarks/212048.parquet,212048,6119,89840,computer model project jumps computer
train_landmarks/467418.parquet,467418,6120,38657,www.cdc.gov/covid
train_landmarks/148465.parquet,148465,6121,88907,https://apple.com/ios
train_landmarks/262253.parquet,262253,6122,44993,jumps dog jumps language
train_landmarks/982667.parquet,982667,6123,22676,http://weather.com/today
train_landmarks/703297.parquet,703297,6124,46048,dataset recognition american
train_landmarks/722214.parquet,722214,6125,95909,sign university analysis university
train_landmarks/949927.parquet,949927,6126,42098,https://youtube.com/watch
train_landmarks/983234.parquet,983234,6127,45382,1-888-456-7890
train_landmarks/777300.parquet,777300,6128,19358,1600 pennsylvania ave
train_landmarks/730762.parquet,730762,6129,42953,(555) 234-5678
train_landmarks/925814.parquet,925814,6130,57819,456 elm st suite 200
train_landmarks/417408.parquet,417408,6131,98696,engineering guatemala
train_landmarks/292433.parquet,292433,6132,89840,+1-800-222-3344
train_landmarks/590465.parquet,590465,6133,76784,fingerspelling asl to brown university dog
train_landmarks/173494.parquet,173494,6134,25014,(415) 555-8833
train_landmarks/703041.parquet,703041,6135,20458,dataset dog university science accuracy
train_landmarks/603333.parquet,603333,6136,70217,+1-800-222-3344
train_landmarks/370409.parquet,370409,6137,99192,(415) 555-8833
train_landmarks/420567.parquet,420567,6138,46463,+1-555-987-6543
train_landmarks/419082.parquet,419082,6139,83000,sign over engineering asl project
train_landmarks/453955.parquet,453955,6140,16006,dog sign deep quick
train_landmarks/264303.parquet,264303,6141,39256,quick accuracy hello sign the world
train_landmarks/407244.parquet,407244,6142,82357,456 elm st suite 200
train_landmarks/153020.parquet,153020,6143,59797,language the
train_landmarks/169012.parquet,169012,6144,45093,1600 pennsylvania ave
train_landmarks/606387.parquet,606387,6145,60019,(212) 555-4321
train_landmarks/233635.parquet,233635,6146,22676,800-555-0199
train_landmarks/525215.parquet,525215,6147,62350,10 downing street london
train_landmarks/973767.parquet,973767,6148,23434,www.amazon.com/deals
train_landmarks/374411.parquet,374411,6149,94939,dog evaluation
train_landmarks/342146.parquet,342146,6150,21395,http://wikipedia.org/asl
train_landmarks/852701.parquet,852701,6151,18326,university deep
train_landmarks/255512.parquet,255512,6152,44718,742 evergreen terrace
train_landmarks/845269.parquet,845269,6153,40021,www.nytimes.com/world
train_landmarks/293301.parquet,293301,6154,38746,welcome brown american frequency fingerspelling
train_landmarks/926235.parquet,926235,6155,40021,https://www.google.com
train_landmarks/764938.parquet,764938,6156,42953,http://weather.com/today
train_landmarks/231988.parquet,231988,6157,37869,dog welcome sign
train_landmarks/872760.parquet,872760,6158,65333,+1-800-222-3344
train_landmarks/421047.parquet,421047,6159,56566,1-888-456-7890
train_landmarks/664872.parquet,664872,6160,40495,computer deep university project
train_landmarks/599820.parquet,599820,6161,44993,engineering hello
train_landmarks/724037.parquet,724037,6162,88907,www.cdc.gov/covid
train_landmarks/274235.parquet,274235,6163,59735,123 main street apt 4b
train_landmarks/877785.parquet,877785,6164,57819,10 downing street london
train_landmarks/917231.parquet,917231,6165,38785,+1-555-987-6543
train_landmarks/111112.parquet,111112,6166,24592,https://github.com/kaggle
train_landmarks/250208.parquet,250208,6167,10851,language learning
train_landmarks/767056.parquet,767056,6168,31319,http://weather.com/today
train_landmarks/983348.parquet,983348,6169,60019,742 evergreen terrace
train_landmarks/981549.parquet,981549,6170,57400,jumps american hello dataset
train_landmarks/440667.parquet,440667,6171,20458,10 downing street london
train_landmarks/155047.parquet,155047,6172,37869,over hello fingerspelling american
train_landmarks/250584.parquet,250584,6173,93886,dataset science
train_landmarks/481351.parquet,481351,6174,44671,guatemala dog lazy guatemala
train_landmarks/817131.parquet,817131,6175,96673,the welcome lazy evaluation recognition lazy
train_landmarks/822353.parquet,822353,6176,46421,221b baker street
train_landmarks/591582.parquet,591582,6177,42953,to lazy model
train_landmarks/966118.parquet,966118,6178,13478,hello university dog
train_landmarks/456921.parquet,456921,6179,91070,+1-800-222-3344
train_landmarks/812207.parquet,812207,6180,42098,800-555-0199
train_landmarks/341175.parquet,341175,6181,46421,742 evergreen terrace
train_landmarks/986187.parquet,986187,6182,42325,+1-555-987-6543
train_landmarks/894981.parquet,894981,6183,30926,1600 pennsylvania ave
train_landmarks/122689.parquet,122689,6184,87397,asl learning project quick dog quick
train_landmarks/176150.parquet,176150,6185,93320,123 main street apt 4b
train_landmarks/360611.parquet,360611,6186,24592,fox the learning asl
train_landmarks/473811.parquet,473811,6187,65302,456 elm st suite 200
train_landmarks/156768.parquet,156768,6188,86484,computer learning world over
train_landmarks/779089.parquet,779089,6189,28301,guatemala asl brown recognition
train_landmarks/263860.parquet,263860,6190,99192,1600 pennsylvania ave
train_landmarks/997424.parquet,997424,6191,74686,www.amazon.com/deals
train_landmarks/343867.parquet,343867,6192,45093,guatemala evaluation
train_landmarks/179028.parquet,179028,6193,28289,model dataset analysis
train_landmarks/122357.parquet,122357,6194,42325,10 downing street london
train_landmarks/334056.parquet,334056,6195,76784,computer hello evaluation brown
train_landmarks/847582.parquet,847582,6196,86622,welcome american
train_landmarks/893195.parquet,893195,6197,56566,456 elm st suite 200
train_landmarks/227167.parquet,227167,6198,30379,science dog guatemala computer jumps
train_landmarks/391155.parquet,391155,6199,76784,742 evergreen terrace
train_landmarks/980694.parquet,980694,6200,75435,dataset jumps
train_landmarks/993464.parquet,993464,6201,11504,https://apple.com/ios
train_landmarks/789054.parquet,789054,6202,81426,10 downing street london
train_landmarks/553588.parquet,553588,6203,46421,800-555-0199
train_landmarks/109707.parquet,109707,6204,54597,project guatemala
train_landmarks/427848.parquet,427848,6205,80644,www.cdc.gov/covid
train_landmarks/157393.parquet,157393,6206,46463,221b baker street
train_landmarks/791567.parquet,791567,6207,98696,1600 pennsylvania ave
train_landmarks/800076.parquet,800076,6208,25014,science frequency welcome deep deep fingerspelling
train_landmarks/629726.parquet,629726,6209,42098,https://www.google.com
train_landmarks/214613.parquet,214613,6210,28131,http://weather.com/today
train_landmarks/902465.parquet,902465,6211,92397,frequency dataset
train_landmarks/729036.parquet,729036,6212,76784,https://apple.com/ios
train_landmarks/649920.parquet,649920,6213,89840,sign lazy
train_landmarks/394699.parquet,394699,6214,30969,vision asl hello sign fingerspelling
train_landmarks/632945.parquet,632945,6215,88172,221b baker street
train_landmarks/869507.parquet,869507,6216,24592,221b baker street
train_landmarks/957001.parquet,957001,6217,87397,university quick to quick recognition
train_landmarks/450299.parquet,450299,6218,23396,sign over project sign the guatemala
train_landmarks/849244.parquet,849244,6219,62581,742 evergreen terrace
train_landmarks/859171.parquet,859171,6220,30033,fox deep frequency science computer project
train_landmarks/468789.parquet,468789,6221,69429,742 evergreen terrace
train_landmarks/588751.parquet,588751,6222,93886,guatemala dog
train_landmarks/905984.parquet,905984,6223,46463,456 elm st suite 200
train_landmarks/645709.parquet,645709,6224,66155,computer language fox hello engineering computer
train_landmarks/314349.parquet,314349,6225,42953,742 evergreen terrace
train_landmarks/372852.parquet,372852,6226,22676,1600 pennsylvania ave
train_landmarks/691710.parquet,691710,6227,31319,https://youtube.com/watch
train_landmarks/497324.parquet,497324,6228,65302,science brown language evaluation analysis
train_landmarks/188081.parquet,188081,6229,93227,1600 pennsylvania ave
train_landmarks/552048.parquet,552048,6230,58520,www.amazon.com/deals
train_landmarks/960909.parquet,960909,6231,95181,1600 pennsylvania ave
train_landmarks/361036.parquet,361036,6232,59823,american university
train_landmarks/787678.parquet,787678,6233,26361,221b baker street
train_landmarks/253668.parquet,253668,6234,56566,https://www.google.com
train_landmarks/241246.parquet,241246,6235,70589,1600 pennsylvania ave
train_landmarks/549338.parquet,549338,6236,24592,123 main street apt 4b
train_landmarks/351895.parquet,351895,6237,28726,project dog deep fox american
train_landmarks/684276.parquet,684276,6238,37869,221b baker street
train_landmarks/920788.parquet,920788,6239,92397,(212) 555-4321
train_landmarks/212964.parquet,212964,6240,28289,221b baker street
train_landmarks/603826.parquet,603826,6241,70142,frequency jumps
train_landmarks/797079.parquet,797079,6242,88104,www.amazon.com/deals
train_landmarks/957802.parquet,957802,6243,38221,+1-555-987-6543
train_landmarks/124929.parquet,124929,6244,70217,world engineering american dataset
train_landmarks/138249.parquet,138249,6245,46463,university model language american computer dog
train_landmarks/634775.parquet,634775,6246,42087,1600 pennsylvania ave
train_landmarks/495844.parquet,495844,6247,81426,https://github.com/kaggle
train_landmarks/113830.parquet,113830,6248,82357,+1-800-222-3344
train_landmarks/909436.parquet,909436,6249,18675,1-888-456-7890
train_landmarks/330434.parquet,330434,6250,93227,the recognition
train_landmarks/405187.parquet,405187,6251,85674,800-555-0199
train_landmarks/744966.parquet,744966,6252,47930,123 main street apt 4b
train_landmarks/118622.parquet,118622,6253,32431,10 downing street london
train_landmarks/391482.parquet,391482,6254,93810,https://youtube.com/watch
train_landmarks/429349.parquet,429349,6255,87397,dataset over computer deep to
train_landmarks/647219.parquet,647219,6256,24371,over to science welcome fingerspelling
train_landmarks/104380.parquet,104380,6257,87397,800-555-0199
train_landmarks/139169.parquet,139169,6258,51245,http://weather.com/today
train_landmarks/140845.parquet,140845,6259,99192,10 downing street london
train_landmarks/590836.parquet,590836,6260,22676,742 evergreen terrace
train_landmarks/293412.parquet,293412,6261,91070,10 downing street london
train_landmarks/486885.parquet,486885,6262,80010,model fox
train_landmarks/641676.parquet,641676,6263,24371,evaluation american analysis
train_landmarks/453175.parquet,453175,6264,60432,https://youtube.com/watch
train_landmarks/552310.parquet,552310,6265,75435,https://apple.com/ios
train_landmarks/939949.parquet,939949,6266,65302,www.cdc.gov/covid
train_landmarks/328075.parquet,328075,6267,51347,sign world world computer quick
train_landmarks/683924.parquet,683924,6268,96673,123 main street apt 4b
train_landmarks/536505.parquet,536505,6269,69429,www.cdc.gov/covid
train_landmarks/596642.parquet,596642,6270,39256,1600 pennsylvania ave
train_landmarks/969403.parquet,969403,6271,46463,world over jumps accuracy
train_landmarks/372128.parquet,372128,6272,83579,hello sign asl
train_landmarks/859365.parquet,859365,6273,69429,www.nytimes.com/world
train_landmarks/346106.parquet,346106,6274,44671,1600 pennsylvania ave
train_landmarks/484818.parquet,484818,6275,57400,http://wikipedia.org/asl
train_landmarks/978285.parquet,978285,6276,74686,university quick
train_landmarks/259907.parquet,259907,6277,61856,456 elm st suite 200
train_landmarks/761964.parquet,761964,6278,22676,university accuracy
train_landmarks/733636.parquet,733636,6279,40495,fingerspelling asl the science evaluation fox
train_landmarks/625714.parquet,625714,6280,23396,model accuracy
train_landmarks/943304.parquet,943304,6281,99192,dataset model asl
train_landmarks/789729.parquet,789729,6282,70589,analysis learning fingerspelling
train_landmarks/679035.parquet,679035,6283,94939,world guatemala dog
train_landmarks/182304.parquet,182304,6284,45382,800-555-0199
train_landmarks/892323.parquet,892323,6285,92397,http://wikipedia.org/asl
train_landmarks/216249.parquet,216249,6286,86484,computer welcome guatemala to brown learning
train_landmarks/264178.parquet,264178,6287,37460,742 evergreen terrace
train_landmarks/566547.parquet,566547,6288,40495,welcome science
train_landmarks/626729.parquet,626729,6289,13478,742 evergreen terrace
train_landmarks/700335.parquet,700335,6290,94939,accuracy analysis
train_landmarks/575251.parquet,575251,6291,18326,https://apple.com/ios
train_landmarks/581056.parquet,581056,6292,44671,the fox
train_landmarks/948637.parquet,948637,6293,16175,hello project guatemala over welcome
train_landmarks/595343.parquet,595343,6294,44718,project hello
train_landmarks/333291.parquet,333291,6295,54118,(212) 555-4321
train_landmarks/378422.parquet,378422,6296,42098,(415) 555-8833
train_landmarks/708828.parquet,708828,6297,13905,science recognition dog computer learning asl
train_landmarks/744738.parquet,744738,6298,75435,800-555-0199
train_landmarks/955449.parquet,955449,6299,10851,brown model the over
train_landmarks/895950.parquet,895950,6300,91070,dog brown vision quick
train_landmarks/612659.parquet,612659,6301,58520,dog deep quick the sign
train_landmarks/525770.parquet,525770,6302,95909,fingerspelling fox welcome fingerspelling
train_landmarks/507369.parquet,507369,6303,38657,brown science
train_landmarks/646364.parquet,646364,6304,96673,221b baker street
train_landmarks/414901.parquet,414901,6305,57819,evaluation computer accuracy recognition american
train_landmarks/641866.parquet,641866,6306,19358,https://www.google.com
train_landmarks/781187.parquet,781187,6307,57447,+1-800-222-3344
train_landmarks/211698.parquet,211698,6308,38893,https://www.google.com
train_landmarks/578145.parquet,578145,6309,86484,dataset science
train_landmarks/902390.parquet,902390,6310,18675,welcome analysis recognition accuracy accuracy
train_landmarks/138768.parquet,138768,6311,89840,742 evergreen terrace
train_landmarks/216022.parquet,216022,6312,37653,science language
train_landmarks/895753.parquet,895753,6313,39871,742 evergreen terrace
train_landmarks/138287.parquet,138287,6314,13478,(555) 234-5678
train_landmarks/278489.parquet,278489,6315,14207,world brown engineering to
train_landmarks/990459.parquet,990459,6316,97841,world dog vision sign vision
train_landmarks/865891.parquet,865891,6317,17331,10 downing street london
train_landmarks/459077.parquet,459077,6318,26361,123 main street apt 4b
train_landmarks/339926.parquet,339926,6319,99192,project deep
train_landmarks/958305.parquet,958305,6320,59735,800-555-0199
train_landmarks/477689.parquet,477689,6321,65302,(555) 234-5678
train_landmarks/893909.parquet,893909,6322,46434,www.cdc.gov/covid
train_landmarks/503415.parquet,503415,6323,28726,dog asl fox dataset
train_landmarks/600823.parquet,600823,6324,80644,dog engineering dog language welcome
train_landmarks/548341.parquet,548341,6325,31319,world american learning
train_landmarks/305600.parquet,305600,6326,92240,model model asl welcome vision model
train_landmarks/260887.parquet,260887,6327,59797,language vision hello brown university
train_landmarks/353153.parquet,353153,6328,96673,800-555-0199
train_landmarks/929456.parquet,929456,6329,30969,www.nytimes.com/world
train_landmarks/738538.parquet,738538,6330,92240,742 evergreen terrace
train_landmarks/551329.parquet,551329,6331,45093,www.amazon.com/deals
train_landmarks/686379.parquet,686379,6332,21915,frequency model project jumps analysis
train_landmarks/227333.parquet,227333,6333,65302,1600 pennsylvania ave
train_landmarks/125687.parquet,125687,6334,21915,221b baker street
train_landmarks/684363.parquet,684363,6335,70217,dataset asl fingerspelling model
train_landmarks/661108.parquet,661108,6336,87236,the university vision computer welcome
train_landmarks/609605.parquet,609605,6337,30379,https://github.com/kaggle
train_landmarks/728411.parquet,728411,6338,47930,vision project model fox
train_landmarks/667286.parquet,667286,6339,23396,guatemala recognition jumps welcome recognition
train_landmarks/993643.parquet,993643,6340,70217,the university asl quick
train_landmarks/150237.parquet,150237,6341,13478,deep dataset
train_landmarks/187203.parquet,187203,6342,89131,brown brown recognition lazy hello
train_landmarks/364638.parquet,364638,6343,80010,computer brown guatemala frequency the deep
train_landmarks/683051.parquet,683051,6344,59823,sign world engineering
train_landmarks/972633.parquet,972633,6345,82357,evaluation deep
train_landmarks/843320.parquet,843320,6346,61856,project lazy university brown hello
train_landmarks/375145.parquet,375145,6347,30033,deep guatemala project computer computer
train_landmarks/532738.parquet,532738,6348,28726,guatemala learning brown jumps
train_landmarks/175310.parquet,175310,6349,26361,language frequency the dog brown learning
train_landmarks/516950.parquet,516950,6350,61856,project brown
train_landmarks/760281.parquet,760281,6351,81426,model over fingerspelling
train_landmarks/901717.parquet,901717,6352,13478,https://youtube.com/watch
train_landmarks/737063.parquet,737063,6353,20328,1-888-456-7890
train_landmarks/298468.parquet,298468,6354,86484,10 downing street london
train_landmarks/739095.parquet,739095,6355,54118,model science the hello dog
train_landmarks/705453.parquet,705453,6356,98696,dataset vision engineering jumps analysis jumps
train_landmarks/765913.parquet,765913,6357,13478,university over analysis dog recognition
train_landmarks/734402.parquet,734402,6358,21915,welcome frequency university welcome analysis fingerspelling
train_landmarks/369759.parquet,369759,6359,52504,(415) 555-8833
train_landmarks/645507.parquet,645507,6360,22156,800-555-0199
train_landmarks/940365.parquet,940365,6361,89840,evaluation dataset science fox engineering
train_landmarks/221788.parquet,221788,6362,44993,https://github.com/kaggle
train_landmarks/331511.parquet,331511,6363,40021,http://weather.com/today
train_landmarks/125488.parquet,125488,6364,30379,the language project model welcome to
train_landmarks/807594.parquet,807594,6365,21915,evaluation university
train_landmarks/832535.parquet,832535,6366,44671,sign university quick university recognition
train_landmarks/821520.parquet,821520,6367,18675,(415) 555-8833
train_landmarks/865183.parquet,865183,6368,13278,(212) 555-4321
train_landmarks/346814.parquet,346814,6369,91070,742 evergreen terrace
train_landmarks/532491.parquet,532491,6370,82357,(415) 555-8833
train_landmarks/516113.parquet,516113,6371,89840,742 evergreen terrace
train_landmarks/326874.parquet,326874,6372,21395,www.amazon.com/deals
train_landmarks/633431.parquet,633431,6373,83579,1-888-456-7890
train_landmarks/934985.parquet,934985,6374,46421,www.amazon.com/deals
train_landmarks/461444.parquet,461444,6375,62581,language american evaluation learning engineering accuracy
train_landmarks/305065.parquet,305065,6376,86622,engineering frequency welcome to
train_landmarks/691737.parquet,691737,6377,32431,hello science deep
train_landmarks/177060.parquet,177060,6378,61856,https://github.com/kaggle
train_landmarks/510531.parquet,510531,6379,14207,the learning science guatemala asl
train_landmarks/784653.parquet,784653,6380,82357,456 elm st suite 200
train_landmarks/209128.parquet,209128,6381,86484,www.amazon.com/deals
train_landmarks/682600.parquet,682600,6382,89131,+1-800-222-3344
train_landmarks/268157.parquet,268157,6383,80010,(555) 234-5678
train_landmarks/935172.parquet,935172,6384,61856,https://www.google.com
train_landmarks/479053.parquet,479053,6385,91070,123 main street apt 4b
train_landmarks/133631.parquet,133631,6386,44671,learning recognition over hello vision jumps
train_landmarks/588990.parquet,588990,6387,69429,+1-800-222-3344
train_landmarks/279603.parquet,279603,6388,57447,analysis deep
train_landmarks/647044.parquet,647044,6389,18326,over science
train_landmarks/851062.parquet,851062,6390,89840,1600 pennsylvania ave
train_landmarks/899535.parquet,899535,6391,14207,to lazy project the computer model
train_landmarks/677150.parquet,677150,6392,99192,1-888-456-7890
train_landmarks/592789.parquet,592789,6393,14165,(415) 555-8833
train_landmarks/172723.parquet,172723,6394,30379,10 downing street london
train_landmarks/267945.parquet,267945,6395,51245,10 downing street london
train_landmarks/550763.parquet,550763,6396,38746,computer welcome over
train_landmarks/866895.parquet,866895,6397,21915,welcome deep the guatemala
train_landmarks/184687.parquet,184687,6398,39871,http://wikipedia.org/asl
train_landmarks/748484.parquet,748484,6399,65302,221b baker street
train_landmarks/905918.parquet,905918,6400,23238,800-555-0199
train_landmarks/235078.parquet,235078,6401,30379,123 main street apt 4b
train_landmarks/318094.parquet,318094,6402,55082,lazy the
train_landmarks/573743.parquet,573743,6403,28301,https://github.com/kaggle
train_landmarks/437891.parquet,437891,6404,87397,https://apple.com/ios
train_landmarks/342130.parquet,342130,6405,28131,https://github.com/kaggle
train_landmarks/802195.parquet,802195,6406,20458,800-555-0199
train_landmarks/959071.parquet,959071,6407,45382,engineering welcome lazy
train_landmarks/220301.parquet,220301,6408,65302,jumps guatemala the computer frequency learning
train_landmarks/331854.parquet,331854,6409,26361,https://youtube.com/watch
train_landmarks/741955.parquet,741955,6410,65302,221b baker street
train_landmarks/594136.parquet,594136,6411,71348,the lazy the asl
train_landmarks/364997.parquet,364997,6412,86484,https://www.google.com
train_landmarks/508456.parquet,508456,6413,69429,https://youtube.com/watch
train_landmarks/376722.parquet,376722,6414,46421,quick language
train_landmarks/404244.parquet,404244,6415,18326,language fox dataset fox
train_landmarks/526997.parquet,526997,6416,20328,1-888-456-7890
train_landmarks/532929.parquet,532929,6417,64987,sign recognition world
train_landmarks/224796.parquet,224796,6418,32431,1600 pennsylvania ave
train_landmarks/957857.parquet,957857,6419,60432,https://youtube.com/watch
train_landmarks/745161.parquet,745161,6420,93810,fox learning lazy welcome over
train_landmarks/447515.parquet,447515,6421,30379,10 downing street london
train_landmarks/356421.parquet,356421,6422,18326,vision engineering university
train_landmarks/440134.parquet,440134,6423,38893,lazy project science welcome to hello
train_landmarks/160047.parquet,160047,6424,38657,american fingerspelling university dataset
train_landmarks/809217.parquet,809217,6425,80010,+1-555-987-6543
train_landmarks/148992.parquet,148992,6426,21915,fox welcome
train_landmarks/266888.parquet,266888,6427,93320,american science over science
train_landmarks/669689.parquet,669689,6428,25014,fingerspelling dog engineering
train_landmarks/389784.parquet,389784,6429,62581,guatemala the
train_landmarks/476170.parquet,476170,6430,87397,analysis american learning recognition fox sign
train_landmarks/170681.parquet,170681,6431,25014,model jumps computer analysis
train_landmarks/485850.parquet,485850,6432,96673,guatemala evaluation vision asl
train_landmarks/289841.parquet,289841,6433,57052,www.amazon.com/deals
train_landmarks/690904.parquet,690904,6434,93227,1600 pennsylvania ave
train_landmarks/566529.parquet,566529,6435,44671,221b baker street
train_landmarks/994005.parquet,994005,6436,65302,https://github.com/kaggle
train_landmarks/923399.parquet,923399,6437,93810,221b baker street
train_landmarks/936219.parquet,936219,6438,46434,learning evaluation
train_landmarks/590456.parquet,590456,6439,28131,123 main street apt 4b
train_landmarks/563629.parquet,563629,6440,80010,evaluation deep brown asl
train_landmarks/676184.parquet,676184,6441,25014,guatemala language university quick
train_landmarks/893261.parquet,893261,6442,57052,www.amazon.com/deals
train_landmarks/791323.parquet,791323,6443,22676,over evaluation lazy
train_landmarks/843775.parquet,843775,6444,64987,brown university lazy project deep
train_landmarks/173765.parquet,173765,6445,64987,https://apple.com/ios
train_landmarks/766495.parquet,766495,6446,57052,recognition learning the engineering american asl
train_landmarks/210968.parquet,210968,6447,80644,dataset language dataset
train_landmarks/602440.parquet,602440,6448,99192,jumps fox analysis welcome fingerspelling quick
train_landmarks/921187.parquet,921187,6449,82512,lazy deep dataset
train_landmarks/644262.parquet,644262,6450,30379,american dataset guatemala
train_landmarks/688063.parquet,688063,6451,24371,fingerspelling vision language evaluation evaluation guatemala
train_landmarks/590116.parquet,590116,6452,80284,123 main street apt 4b
train_landmarks/153634.parquet,153634,6453,38657,the the dog recognition computer engineering
train_landmarks/990925.parquet,990925,6454,16175,evaluation welcome deep vision
train_landmarks/364923.parquet,364923,6455,52504,world frequency quick fingerspelling
train_landmarks/968576.parquet,968576,6456,64987,(212) 555-4321
train_landmarks/242016.parquet,242016,6457,20458,1600 pennsylvania ave
train_landmarks/398644.parquet,398644,6458,57052,evaluation model engineering fox
train_landmarks/509992.parquet,509992,6459,75435,http://weather.com/today
train_landmarks/361604.parquet,361604,6460,69429,10 downing street london
train_landmarks/640428.parquet,640428,6461,99166,1-888-456-7890
train_landmarks/640776.parquet,640776,6462,23434,10 downing street london
train_landmarks/767765.parquet,767765,6463,82357,dataset project recognition evaluation guatemala asl
train_landmarks/996608.parquet,996608,6464,57819,221b baker street
train_landmarks/893067.parquet,893067,6465,58520,(415) 555-8833
train_landmarks/621015.parquet,621015,6466,15695,10 downing street london
train_landmarks/936101.parquet,936101,6467,75435,project welcome model engineering deep
train_landmarks/612549.parquet,612549,6468,24371,quick science deep
train_landmarks/945540.parquet,945540,6469,18326,project asl analysis deep frequency
train_landmarks/431667.parquet,431667,6470,66155,american sign
train_landmarks/506747.parquet,506747,6471,74686,lazy learning american
train_landmarks/396244.parquet,396244,6472,89840,https://github.com/kaggle
train_landmarks/528658.parquet,528658,6473,28131,to guatemala welcome evaluation dataset dog
train_landmarks/902138.parquet,902138,6474,44671,university deep asl
train_landmarks/305067.parquet,305067,6475,19116,800-555-0199
train_landmarks/428793.parquet,428793,6476,15695,accuracy world science hello
train_landmarks/823488.parquet,823488,6477,69429,www.cdc.gov/covid
train_landmarks/234174.parquet,234174,6478,57052,(212) 555-4321
train_landmarks/610969.parquet,610969,6479,71348,https://youtube.com/watch
train_landmarks/930693.parquet,930693,6480,44671,recognition learning
train_landmarks/429214.parquet,429214,6481,14165,10 downing street london
train_landmarks/573415.parquet,573415,6482,44993,university jumps
train_landmarks/142943.parquet,142943,6483,23434,456 elm st suite 200
train_landmarks/363692.parquet,363692,6484,22280,https://youtube.com/watch
train_landmarks/424186.parquet,424186,6485,46421,+1-800-222-3344
train_landmarks/477960.parquet,477960,6486,69429,accuracy fox over language hello
train_landmarks/794861.parquet,794861,6487,40512,project dataset evaluation
train_landmarks/983675.parquet,983675,6488,86622,742 evergreen terrace
train_landmarks/558856.parquet,558856,6489,75435,analysis over
train_landmarks/256685.parquet,256685,6490,20458,vision vision computer asl world fingerspelling
train_landmarks/828733.parquet,828733,6491,26361,10 downing street london
train_landmarks/104583.parquet,104583,6492,15695,asl accuracy to welcome
train_landmarks/232193.parquet,232193,6493,28301,learning science american
train_landmarks/610959.parquet,610959,6494,28289,accuracy welcome accuracy dog jumps fingerspelling
train_landmarks/300997.parquet,300997,6495,24592,brown deep fingerspelling the over dataset
train_landmarks/356058.parquet,356058,6496,80644,456 elm st suite 200
train_landmarks/855889.parquet,855889,6497,93320,guatemala fingerspelling university
train_landmarks/118215.parquet,118215,6498,13478,(415) 555-8833
train_landmarks/292687.parquet,292687,6499,30379,www.nytimes.com/world
train_landmarks/492717.parquet,492717,6500,18326,fingerspelling project
train_landmarks/734904.parquet,734904,6501,21915,www.nytimes.com/world
train_landmarks/124911.parquet,124911,6502,51245,guatemala deep
train_landmarks/281029.parquet,281029,6503,57819,https://github.com/kaggle
train_landmarks/712387.parquet,712387,6504,56566,welcome quick science project
train_landmarks/271536.parquet,271536,6505,82512,lazy brown vision deep dataset
train_landmarks/957627.parquet,957627,6506,42953,(415) 555-8833
train_landmarks/766048.parquet,766048,6507,54597,dataset over
train_landmarks/496282.parquet,496282,6508,62350,jumps the to the brown over
train_landmarks/538203.parquet,538203,6509,10851,https://www.google.com
train_landmarks/686390.parquet,686390,6510,54597,www.cdc.gov/covid
train_landmarks/635725.parquet,635725,6511,62581,(212) 555-4321
train_landmarks/566062.parquet,566062,6512,16006,science quick world
train_landmarks/686845.parquet,686845,6513,18326,10 downing street london
train_landmarks/667776.parquet,667776,6514,65302,accuracy analysis university brown lazy
train_landmarks/266492.parquet,266492,6515,56566,model dataset the brown engineering fingerspelling
train_landmarks/704946.parquet,704946,6516,99192,hello learning asl recognition
train_landmarks/244026.parquet,244026,6517,99192,american the language model
train_landmarks/961840.parquet,961840,6518,81426,https://youtube.com/watch
train_landmarks/970648.parquet,970648,6519,92397,over computer university engineering over
train_landmarks/583427.parquet,583427,6520,38785,1-888-456-7890
train_landmarks/588401.parquet,588401,6521,81426,american analysis hello science accuracy
train_landmarks/833033.parquet,833033,6522,42953,welcome project evaluation quick science
train_landmarks/249190.parquet,249190,6523,99192,american science university language over sign
train_landmarks/934210.parquet,934210,6524,38893,accuracy jumps fingerspelling learning learning dataset
train_landmarks/369649.parquet,369649,6525,76237,https://www.google.com
train_landmarks/101373.parquet,101373,6526,65302,456 elm st suite 200
train_landmarks/178152.parquet,178152,6527,99192,quick asl learning sign the
train_landmarks/311041.parquet,311041,6528,10851,https://youtube.com/watch
train_landmarks/496360.parquet,496360,6529,47930,456 elm st suite 200
train_landmarks/705267.parquet,705267,6530,46434,jumps recognition
train_landmarks/300181.parquet,300181,6531,45382,evaluation engineering jumps
train_landmarks/817972.parquet,817972,6532,21395,1600 pennsylvania ave
train_landmarks/804906.parquet,804906,6533,46421,model accuracy
train_landmarks/188857.parquet,188857,6534,18326,engineering language
train_landmarks/374403.parquet,374403,6535,99192,science university fox the american learning
train_landmarks/519835.parquet,519835,6536,42325,742 evergreen terrace
train_landmarks/484847.parquet,484847,6537,46048,(212) 555-4321
train_landmarks/590040.parquet,590040,6538,80284,project world
train_landmarks/398824.parquet,398824,6539,99733,(212) 555-4321
train_landmarks/674590.parquet,674590,6540,22676,recognition science over university fingerspelling
train_landmarks/802221.parquet,802221,6541,99192,http://wikipedia.org/asl
train_landmarks/196039.parquet,196039,6542,52504,https://www.google.com
train_landmarks/153730.parquet,153730,6543,21395,accuracy american
train_landmarks/872705.parquet,872705,6544,99192,10 downing street london
train_landmarks/285189.parquet,285189,6545,88104,https://www.google.com
train_landmarks/255815.parquet,255815,6546,87397,1600 pennsylvania ave
train_landmarks/692808.parquet,692808,6547,99593,10 downing street london
train_landmarks/899645.parquet,899645,6548,44671,learning computer quick
train_landmarks/112535.parquet,112535,6549,35203,computer analysis asl
train_landmarks/754699.parquet,754699,6550,87236,hello project deep vision university
train_landmarks/771092.parquet,771092,6551,31417,1-888-456-7890
train_landmarks/542772.parquet,542772,6552,88104,10 downing street london
train_landmarks/573227.parquet,573227,6553,58520,model over jumps vision
train_landmarks/813510.parquet,813510,6554,65302,deep over world fingerspelling
train_landmarks/218495.parquet,218495,6555,38785,10 downing street london
train_landmarks/321447.parquet,321447,6556,59615,742 evergreen terrace
train_landmarks/931882.parquet,931882,6557,74686,fox analysis lazy project
train_landmarks/918913.parquet,918913,6558,40512,frequency accuracy accuracy
train_landmarks/514680.parquet,514680,6559,46463,science sign dataset analysis evaluation the
train_landmarks/655949.parquet,655949,6560,46463,456 elm st suite 200
train_landmarks/904070.parquet,904070,6561,44718,www.nytimes.com/world
train_landmarks/415808.parquet,415808,6562,59797,accuracy sign
train_landmarks/745269.parquet,745269,6563,44718,american world recognition quick quick guatemala
train_landmarks/935677.parquet,935677,6564,65392,456 elm st suite 200
train_landmarks/279217.parquet,279217,6565,70217,(555) 234-5678
train_landmarks/806572.parquet,806572,6566,69429,1600 pennsylvania ave
train_landmarks/378431.parquet,378431,6567,60432,221b baker street
train_landmarks/747183.parquet,747183,6568,18326,lazy hello evaluation welcome engineering
train_landmarks/872420.parquet,872420,6569,65392,analysis brown
train_landmarks/159510.parquet,159510,6570,48427,asl deep brown sign fingerspelling science
train_landmarks/636533.parquet,636533,6571,95181,recognition model brown to
train_landmarks/704897.parquet,704897,6572,56566,221b baker street
train_landmarks/798360.parquet,798360,6573,69429,+1-800-222-3344
train_landmarks/791095.parquet,791095,6574,30969,10 downing street london
train_landmarks/308204.parquet,308204,6575,18326,the evaluation analysis jumps frequency hello
train_landmarks/462980.parquet,462980,6576,57400,vision jumps to welcome language
train_landmarks/271930.parquet,271930,6577,31319,frequency university university language fox computer
train_landmarks/167358.parquet,167358,6578,92240,project deep computer sign
train_landmarks/568562.parquet,568562,6579,86484,742 evergreen terrace
train_landmarks/409002.parquet,409002,6580,93810,800-555-0199
train_landmarks/577801.parquet,577801,6581,15695,learning university deep engineering analysis
train_landmarks/184519.parquet,184519,6582,47930,(555) 234-5678
train_landmarks/580259.parquet,580259,6583,30379,+1-555-987-6543
train_landmarks/661339.parquet,661339,6584,10851,http://weather.com/today
train_landmarks/460853.parquet,460853,6585,42098,model over science guatemala science university
train_landmarks/643655.parquet,643655,6586,40021,recognition sign project project world
train_landmarks/445389.parquet,445389,6587,59797,evaluation guatemala dog the university
train_landmarks/242808.parquet,242808,6588,28289,engineering engineering fingerspelling analysis the welcome
train_landmarks/731312.parquet,731312,6589,30379,10 downing street london
train_landmarks/575716.parquet,575716,6590,86622,742 evergreen terrace
train_landmarks/832214.parquet,832214,6591,74686,asl hello recognition fox
train_landmarks/981114.parquet,981114,6592,57819,1-888-456-7890
train_landmarks/400252.parquet,400252,6593,39871,recognition fingerspelling accuracy to fox
train_landmarks/173301.parquet,173301,6594,11504,language fingerspelling learning learning dog
train_landmarks/165119.parquet,165119,6595,30926,the fingerspelling computer sign frequency
train_landmarks/343338.parquet,343338,6596,54597,https://www.google.com
train_landmarks/237698.parquet,237698,6597,55082,computer world hello dog science
train_landmarks/807985.parquet,807985,6598,68878,(415) 555-8833
train_landmarks/850228.parquet,850228,6599,91070,brown fingerspelling vision world project
train_landmarks/469249.parquet,469249,6600,99192,742 evergreen terrace
train_landmarks/938651.parquet,938651,6601,83000,computer lazy learning
train_landmarks/615419.parquet,615419,6602,39871,language american evaluation
train_landmarks/149792.parquet,149792,6603,18326,brown deep world computer american
train_landmarks/638548.parquet,638548,6604,39256,123 main street apt 4b
train_landmarks/470817.parquet,470817,6605,54597,10 downing street london
train_landmarks/973863.parquet,973863,6606,80010,1-888-456-7890
train_landmarks/130117.parquet,130117,6607,83000,+1-800-222-3344
train_landmarks/677739.parquet,677739,6608,39256,to brown over
train_landmarks/794967.parquet,794967,6609,19116,asl recognition university welcome guatemala hello
train_landmarks/717959.parquet,717959,6610,40021,sign welcome sign analysis engineering model
train_landmarks/400478.parquet,400478,6611,18675,742 evergreen terrace
train_landmarks/444287.parquet,444287,6612,17331,800-555-0199
train_landmarks/183091.parquet,183091,6613,70217,accuracy sign frequency
train_landmarks/582629.parquet,582629,6614,65302,www.cdc.gov/covid
train_landmarks/319790.parquet,319790,6615,20458,lazy science
train_landmarks/500173.parquet,500173,6616,13478,jumps science frequency project
train_landmarks/508104.parquet,508104,6617,60019,https://apple.com/ios
train_landmarks/836544.parquet,836544,6618,93320,lazy jumps project asl
train_landmarks/130471.parquet,130471,6619,15695,the engineering project
train_landmarks/688291.parquet,688291,6620,44718,+1-555-987-6543
train_landmarks/558889.parquet,558889,6621,31319,fingerspelling vision
train_landmarks/338609.parquet,338609,6622,44671,vision to frequency dataset
train_landmarks/767532.parquet,767532,6623,62350,hello analysis over guatemala jumps
train_landmarks/943285.parquet,943285,6624,16175,american learning quick hello dog
train_landmarks/656521.parquet,656521,6625,62581,221b baker street
train_landmarks/592638.parquet,592638,6626,39256,800-555-0199
train_landmarks/913641.parquet,913641,6627,80010,10 downing street london
train_landmarks/766924.parquet,766924,6628,28726,over to university
train_landmarks/569932.parquet,569932,6629,13478,welcome over
train_landmarks/366939.parquet,366939,6630,46421,www.cdc.gov/covid
train_landmarks/447149.parquet,447149,6631,24371,1600 pennsylvania ave
train_landmarks/530487.parquet,530487,6632,46048,engineering accuracy analysis
train_landmarks/580408.parquet,580408,6633,94259,fox fingerspelling engineering sign
train_landmarks/172509.parquet,172509,6634,93320,221b baker street
train_landmarks/541792.parquet,541792,6635,46434,fingerspelling vision dog asl
train_landmarks/924988.parquet,924988,6636,93810,asl the guatemala world
train_landmarks/803807.parquet,803807,6637,57447,dataset science dataset lazy
train_landmarks/846245.parquet,846245,6638,48427,+1-800-222-3344
train_landmarks/173980.parquet,173980,6639,19358,world recognition to
train_landmarks/587844.parquet,587844,6640,62581,the vision fingerspelling over deep
train_landmarks/374486.parquet,374486,6641,37653,model deep world over world american
train_landmarks/125196.parquet,125196,6642,88104,welcome quick jumps learning dog guatemala
train_landmarks/703896.parquet,703896,6643,99593,dog guatemala
train_landmarks/623028.parquet,623028,6644,19116,https://youtube.com/watch
train_landmarks/250765.parquet,250765,6645,60019,to language quick
train_landmarks/674739.parquet,674739,6646,40021,quick deep
train_landmarks/222649.parquet,222649,6647,89131,123 main street apt 4b
train_landmarks/316747.parquet,316747,6648,88907,123 main street apt 4b
train_landmarks/441916.parquet,441916,6649,76784,742 evergreen terrace
train_landmarks/235581.parquet,235581,6650,48427,american american project engineering university
train_landmarks/483584.parquet,483584,6651,14207,asl deep recognition analysis to american
train_landmarks/695953.parquet,695953,6652,69429,221b baker street
train_landmarks/488868.parquet,488868,6653,10851,analysis welcome
train_landmarks/780041.parquet,780041,6654,45382,(415) 555-8833
train_landmarks/505508.parquet,505508,6655,23434,http://wikipedia.org/asl
train_landmarks/564634.parquet,564634,6656,39871,https://apple.com/ios
train_landmarks/482258.parquet,482258,6657,89840,analysis language computer guatemala
train_landmarks/823180.parquet,823180,6658,40512,10 downing street london
train_landmarks/994687.parquet,994687,6659,61856,jumps university guatemala analysis
train_landmarks/911220.parquet,911220,6660,28131,over evaluation fingerspelling welcome frequency computer
train_landmarks/844243.parquet,844243,6661,28301,+1-555-987-6543
train_landmarks/972657.parquet,972657,6662,42098,world world jumps accuracy quick
train_landmarks/946025.parquet,946025,6663,10851,computer evaluation analysis project the
train_landmarks/866143.parquet,866143,6664,94939,world quick model
train_landmarks/479978.parquet,479978,6665,18326,over university evaluation
train_landmarks/873667.parquet,873667,6666,28131,the learning recognition engineering
train_landmarks/557711.parquet,557711,6667,76784,(415) 555-8833
train_landmarks/976081.parquet,976081,6668,44671,recognition brown
train_landmarks/935942.parquet,935942,6669,20458,analysis to model over project welcome
train_landmarks/695783.parquet,695783,6670,69429,https://www.google.com
train_landmarks/396026.parquet,396026,6671,81426,computer hello jumps university dog
train_landmarks/261337.parquet,261337,6672,42098,456 elm st suite 200
train_landmarks/108557.parquet,108557,6673,60019,http://wikipedia.org/asl
train_landmarks/919701.parquet,919701,6674,38221,http://weather.com/today
train_landmarks/877009.parquet,877009,6675,38221,hello american asl
train_landmarks/171992.parquet,171992,6676,65302,1-888-456-7890
train_landmarks/904401.parquet,904401,6677,88172,deep analysis science fingerspelling lazy
train_landmarks/350836.parquet,350836,6678,70589,800-555-0199
train_landmarks/221608.parquet,221608,6679,51347,the over brown
train_landmarks/829604.parquet,829604,6680,99192,brown dog fox recognition welcome quick
train_landmarks/748092.parquet,748092,6681,20328,quick sign sign brown asl fingerspelling
train_landmarks/948895.parquet,948895,6682,38785,123 main street apt 4b
train_landmarks/222701.parquet,222701,6683,42098,deep frequency
train_landmarks/137853.parquet,137853,6684,46463,deep lazy
train_landmarks/511623.parquet,511623,6685,28131,fox guatemala dog
train_landmarks/551976.parquet,551976,6686,44718,american engineering engineering learning deep
train_landmarks/172566.parquet,172566,6687,82357,the vision
train_landmarks/824337.parquet,824337,6688,91070,fox fox american evaluation world welcome
train_landmarks/131638.parquet,131638,6689,94939,https://github.com/kaggle
train_landmarks/919694.parquet,919694,6690,93810,+1-800-222-3344
train_landmarks/361111.parquet,361111,6691,38221,+1-800-222-3344
train_landmarks/376296.parquet,376296,6692,65392,the american hello sign evaluation
train_landmarks/461698.parquet,461698,6693,23396,www.nytimes.com/world
train_landmarks/575824.parquet,575824,6694,66155,10 downing street london
train_landmarks/260952.parquet,260952,6695,22676,10 downing street london
train_landmarks/581537.parquet,581537,6696,46463,(555) 234-5678
train_landmarks/965609.parquet,965609,6697,58520,10 downing street london
train_landmarks/319118.parquet,319118,6698,16175,https://www.google.com
train_landmarks/975821.parquet,975821,6699,38221,(212) 555-4321
train_landmarks/773699.parquet,773699,6700,87397,fox engineering
train_landmarks/804473.parquet,804473,6701,48427,welcome analysis
train_landmarks/891720.parquet,891720,6702,61856,742 evergreen terrace
train_landmarks/297093.parquet,297093,6703,89840,computer frequency lazy science frequency the
train_landmarks/462146.parquet,462146,6704,57447,fingerspelling recognition model fingerspelling
train_landmarks/819762.parquet,819762,6705,88104,engineering hello deep
train_landmarks/162144.parquet,162144,6706,80644,http://wikipedia.org/asl
train_landmarks/878242.parquet,878242,6707,93886,model evaluation recognition frequency brown vision
train_landmarks/686608.parquet,686608,6708,31319,123 main street apt 4b
train_landmarks/291475.parquet,291475,6709,39256,800-555-0199
train_landmarks/985396.parquet,985396,6710,99166,https://youtube.com/watch
train_landmarks/454046.parquet,454046,6711,57400,world analysis sign sign lazy
train_landmarks/782718.parquet,782718,6712,81426,(212) 555-4321
train_landmarks/451329.parquet,451329,6713,51347,model american
train_landmarks/249045.parquet,249045,6714,57052,university model jumps asl
train_landmarks/454067.parquet,454067,6715,70589,welcome frequency lazy evaluation
train_landmarks/704093.parquet,704093,6716,59735,guatemala university
train_landmarks/644609.parquet,644609,6717,46434,science sign analysis
train_landmarks/674414.parquet,674414,6718,28131,fingerspelling language computer
train_landmarks/252431.parquet,252431,6719,59797,the hello dog hello asl welcome
train_landmarks/541546.parquet,541546,6720,46434,sign dataset guatemala hello
train_landmarks/511980.parquet,511980,6721,94939,+1-800-222-3344
train_landmarks/192627.parquet,192627,6722,14207,https://youtube.com/watch
train_landmarks/339059.parquet,339059,6723,42325,www.amazon.com/deals
train_landmarks/461975.parquet,461975,6724,35203,science fingerspelling jumps to world american
train_landmarks/216295.parquet,216295,6725,40021,hello brown science sign
train_landmarks/841063.parquet,841063,6726,81426,123 main street apt 4b
train_landmarks/837198.parquet,837198,6727,18326,742 evergreen terrace
train_landmarks/176222.parquet,176222,6728,57400,456 elm st suite 200
train_landmarks/224007.parquet,224007,6729,75435,https://youtube.com/watch
train_landmarks/132555.parquet,132555,6730,46048,brown sign over dataset the
train_landmarks/449015.parquet,449015,6731,65392,10 downing street london
train_landmarks/761224.parquet,761224,6732,31319,+1-555-987-6543
train_landmarks/370746.parquet,370746,6733,24371,(212) 555-4321
train_landmarks/625101.parquet,625101,6734,44993,american hello frequency evaluation model
train_landmarks/342718.parquet,342718,6735,18326,742 evergreen terrace
train_landmarks/379883.parquet,379883,6736,57819,world accuracy hello
train_landmarks/819308.parquet,819308,6737,31319,1600 pennsylvania ave
train_landmarks/988772.parquet,988772,6738,40495,accuracy the dog the brown
train_landmarks/730166.parquet,730166,6739,86622,over evaluation guatemala
train_landmarks/648048.parquet,648048,6740,54118,221b baker street
train_landmarks/594483.parquet,594483,6741,30969,deep vision learning
train_landmarks/903159.parquet,903159,6742,99192,123 main street apt 4b
train_landmarks/509551.parquet,509551,6743,60432,sign vision frequency
train_landmarks/709149.parquet,709149,6744,56566,10 downing street london
train_landmarks/761631.parquet,761631,6745,62581,221b baker street
train_landmarks/303086.parquet,303086,6746,42325,+1-800-222-3344
train_landmarks/850922.parquet,850922,6747,13478,fingerspelling university
train_landmarks/478233.parquet,478233,6748,45382,http://wikipedia.org/asl
train_landmarks/173015.parquet,173015,6749,42098,+1-800-222-3344
train_landmarks/826844.parquet,826844,6750,31319,dog accuracy
train_landmarks/758888.parquet,758888,6751,81426,+1-555-987-6543
train_landmarks/297991.parquet,297991,6752,46463,accuracy quick deep over american
train_landmarks/698120.parquet,698120,6753,92397,10 downing street london
train_landmarks/704400.parquet,704400,6754,40512,10 downing street london
train_landmarks/230142.parquet,230142,6755,99733,123 main street apt 4b
train_landmarks/722767.parquet,722767,6756,87397,world dataset science welcome
train_landmarks/244900.parquet,244900,6757,58520,model learning to science project
train_landmarks/276743.parquet,276743,6758,46463,fox guatemala
train_landmarks/878552.parquet,878552,6759,80010,vision science
train_landmarks/384061.parquet,384061,6760,17331,221b baker street
train_landmarks/794434.parquet,794434,6761,89840,recognition dog deep accuracy
train_landmarks/846165.parquet,846165,6762,75435,800-555-0199
train_landmarks/963305.parquet,963305,6763,26361,+1-555-987-6543
train_landmarks/867854.parquet,867854,6764,44718,learning deep deep quick brown
train_landmarks/113379.parquet,113379,6765,40512,742 evergreen terrace
train_landmarks/231543.parquet,231543,6766,57819,world vision science guatemala dataset dog
train_landmarks/998037.parquet,998037,6767,40021,+1-800-222-3344
train_landmarks/693786.parquet,693786,6768,13278,1600 pennsylvania ave
train_landmarks/194227.parquet,194227,6769,40021,over learning vision analysis
train_landmarks/357135.parquet,357135,6770,83000,1600 pennsylvania ave
train_landmarks/911459.parquet,911459,6771,44671,https://apple.com/ios
train_landmarks/311805.parquet,311805,6772,65302,over sign project to fingerspelling
train_landmarks/615839.parquet,615839,6773,65302,jumps lazy university fingerspelling welcome world
train_landmarks/578512.parquet,578512,6774,99192,fox brown sign jumps dataset
train_landmarks/167894.parquet,167894,6775,45093,guatemala deep sign recognition brown
train_landmarks/856582.parquet,856582,6776,88907,dataset fox engineering fox world
train_landmarks/520823.parquet,520823,6777,48427,(212) 555-4321
train_landmarks/847177.parquet,847177,6778,59735,engineering frequency
train_landmarks/352829.parquet,352829,6779,28131,www.nytimes.com/world
train_landmarks/480885.parquet,480885,6780,39256,dataset world university
train_landmarks/323226.parquet,323226,6781,30379,university frequency evaluation engineering lazy american
train_landmarks/856665.parquet,856665,6782,30033,language model dataset project
train_landmarks/159250.parquet,159250,6783,24592,221b baker street
train_landmarks/226877.parquet,226877,6784,30926,dog to fox brown
train_landmarks/781366.parquet,781366,6785,88104,model language over over project engineering
train_landmarks/163336.parquet,163336,6786,83000,fingerspelling the sign to learning
train_landmarks/313142.parquet,313142,6787,59797,model vision to
train_landmarks/166246.parquet,166246,6788,98696,456 elm st suite 200
train_landmarks/894800.parquet,894800,6789,42098,jumps fox learning model lazy engineering
train_landmarks/595333.parquet,595333,6790,54118,https://www.google.com
train_landmarks/568732.parquet,568732,6791,24371,https://github.com/kaggle
train_landmarks/611094.parquet,611094,6792,39871,sign american
train_landmarks/868789.parquet,868789,6793,95909,10 downing street london
train_landmarks/839297.parquet,839297,6794,99192,dog quick accuracy accuracy learning language
train_landmarks/639858.parquet,639858,6795,96673,1-888-456-7890
train_landmarks/384499.parquet,384499,6796,46463,american welcome science fingerspelling deep
train_landmarks/745598.parquet,745598,6797,56566,742 evergreen terrace
train_landmarks/993829.parquet,993829,6798,99192,1600 pennsylvania ave
train_landmarks/805898.parquet,805898,6799,66155,fingerspelling science science fingerspelling
train_landmarks/809866.parquet,809866,6800,98696,+1-800-222-3344
train_landmarks/727135.parquet,727135,6801,18675,fox engineering hello project to frequency
train_landmarks/945640.parquet,945640,6802,80010,http://weather.com/today
train_landmarks/450061.parquet,450061,6803,99192,brown science over
train_landmarks/741158.parquet,741158,6804,76237,quick jumps dataset
train_landmarks/795522.parquet,795522,6805,94939,to guatemala asl science
train_landmarks/353254.parquet,353254,6806,24371,https://www.google.com
train_landmarks/583861.parquet,583861,6807,96673,evaluation quick asl to
train_landmarks/553698.parquet,553698,6808,57819,vision hello fingerspelling
train_landmarks/601885.parquet,601885,6809,21395,123 main street apt 4b
train_landmarks/459240.parquet,459240,6810,22676,project computer recognition
train_landmarks/125924.parquet,125924,6811,70217,www.amazon.com/deals
train_landmarks/981393.parquet,981393,6812,60019,fingerspelling university fingerspelling
train_landmarks/319011.parquet,319011,6813,57052,(212) 555-4321
train_landmarks/555580.parquet,555580,6814,69429,+1-555-987-6543
train_landmarks/235809.parquet,235809,6815,62581,www.amazon.com/deals
train_landmarks/831016.parquet,831016,6816,64987,221b baker street
train_landmarks/342092.parquet,342092,6817,31319,123 main street apt 4b
train_landmarks/621448.parquet,621448,6818,75435,to recognition fox
train_landmarks/344399.parquet,344399,6819,16175,model dataset learning quick sign
train_landmarks/712439.parquet,712439,6820,99733,10 downing street london
train_landmarks/317701.parquet,317701,6821,51347,(555) 234-5678
train_landmarks/314343.parquet,314343,6822,88907,hello lazy
train_landmarks/898661.parquet,898661,6823,60019,(555) 234-5678
train_landmarks/762968.parquet,762968,6824,13478,lazy world fingerspelling evaluation brown to
train_landmarks/610515.parquet,610515,6825,28301,hello dog
train_landmarks/205935.parquet,205935,6826,59797,dataset deep fox guatemala
train_landmarks/699121.parquet,699121,6827,18326,the engineering computer world model to
train_landmarks/417143.parquet,417143,6828,37869,fox american deep
train_landmarks/930000.parquet,930000,6829,70142,1-888-456-7890
train_landmarks/801200.parquet,801200,6830,46421,+1-555-987-6543
train_landmarks/131580.parquet,131580,6831,59823,10 downing street london
train_landmarks/252535.parquet,252535,6832,83000,lazy engineering guatemala science sign
train_landmarks/746699.parquet,746699,6833,28301,(415) 555-8833
train_landmarks/239236.parquet,239236,6834,13905,dog accuracy quick recognition computer computer
train_landmarks/809821.parquet,809821,6835,71348,deep brown asl
train_landmarks/349584.parquet,349584,6836,30033,1-888-456-7890
train_landmarks/634573.parquet,634573,6837,22676,221b baker street
train_landmarks/964314.parquet,964314,6838,57447,accuracy evaluation deep dataset
train_landmarks/233973.parquet,233973,6839,56566,456 elm st suite 200
train_landmarks/557086.parquet,557086,6840,69429,10 downing street london
train_landmarks/780893.parquet,780893,6841,15695,fingerspelling project
train_landmarks/412123.parquet,412123,6842,70589,456 elm st suite 200
train_landmarks/198168.parquet,198168,6843,75435,recognition sign hello language to computer
train_landmarks/866208.parquet,866208,6844,39871,https://apple.com/ios
train_landmarks/451219.parquet,451219,6845,99733,800-555-0199
train_landmarks/998122.parquet,998122,6846,37653,123 main street apt 4b
train_landmarks/260121.parquet,260121,6847,51245,www.amazon.com/deals
train_landmarks/693472.parquet,693472,6848,28289,analysis science lazy
train_landmarks/809534.parquet,809534,6849,21915,recognition hello to
train_landmarks/725448.parquet,725448,6850,69429,800-555-0199
train_landmarks/683355.parquet,683355,6851,59797,evaluation world to evaluation
train_landmarks/784634.parquet,784634,6852,38221,742 evergreen terrace
train_landmarks/592757.parquet,592757,6853,57819,www.nytimes.com/world
train_landmarks/327751.parquet,327751,6854,30033,www.cdc.gov/covid
train_landmarks/874195.parquet,874195,6855,91070,vision dataset
train_landmarks/590463.parquet,590463,6856,94259,deep dog dataset over dataset
train_landmarks/788717.parquet,788717,6857,14165,learning model over
train_landmarks/865160.parquet,865160,6858,93320,1-888-456-7890
train_landmarks/573974.parquet,573974,6859,25014,800-555-0199
train_landmarks/727456.parquet,727456,6860,28301,deep the fox jumps recognition
train_landmarks/417051.parquet,417051,6861,54597,fingerspelling engineering the science engineering
train_landmarks/882116.parquet,882116,6862,58520,+1-555-987-6543
train_landmarks/418983.parquet,418983,6863,30379,evaluation language language deep vision
train_landmarks/639070.parquet,639070,6864,96673,1600 pennsylvania ave
train_landmarks/760708.parquet,760708,6865,42325,project science
train_landmarks/161110.parquet,161110,6866,28301,deep recognition american university world university
train_landmarks/841613.parquet,841613,6867,46421,vision language the to
train_landmarks/614685.parquet,614685,6868,99192,fingerspelling guatemala model hello
train_landmarks/617742.parquet,617742,6869,59735,sign evaluation analysis
train_landmarks/880350.parquet,880350,6870,91070,jumps guatemala the welcome
train_landmarks/557958.parquet,557958,6871,58520,742 evergreen terrace
train_landmarks/679994.parquet,679994,6872,93886,1-888-456-7890
train_landmarks/937652.parquet,937652,6873,93227,science recognition university sign dog
train_landmarks/566679.parquet,566679,6874,31319,+1-800-222-3344
train_landmarks/376848.parquet,376848,6875,58520,221b baker street
train_landmarks/959214.parquet,959214,6876,68878,1600 pennsylvania ave
train_landmarks/749036.parquet,749036,6877,62350,(555) 234-5678
train_landmarks/514262.parquet,514262,6878,19358,+1-555-987-6543
train_landmarks/160563.parquet,160563,6879,13478,https://www.google.com
train_landmarks/636350.parquet,636350,6880,44718,model asl asl computer vision hello
train_landmarks/333089.parquet,333089,6881,18326,+1-800-222-3344
train_landmarks/343473.parquet,343473,6882,60019,221b baker street
train_landmarks/525407.parquet,525407,6883,92397,engineering lazy fox
train_landmarks/472946.parquet,472946,6884,13478,123 main street apt 4b
train_landmarks/628905.parquet,628905,6885,56566,742 evergreen terrace
train_landmarks/646426.parquet,646426,6886,38657,welcome welcome computer
train_landmarks/500305.parquet,500305,6887,18326,1600 pennsylvania ave
train_landmarks/715939.parquet,715939,6888,46463,project hello world
train_landmarks/551215.parquet,551215,6889,22156,jumps dataset brown brown over accuracy
train_landmarks/146430.parquet,146430,6890,96673,learning accuracy fingerspelling
train_landmarks/428214.parquet,428214,6891,57400,accuracy learning learning learning vision analysis
train_landmarks/146571.parquet,146571,6892,80644,http://weather.com/today
train_landmarks/228579.parquet,228579,6893,69429,221b baker street
train_landmarks/332375.parquet,332375,6894,38893,+1-555-987-6543
train_landmarks/237386.parquet,237386,6895,59797,learning vision the accuracy sign
train_landmarks/430986.parquet,430986,6896,56566,over to
train_landmarks/996095.parquet,996095,6897,95181,221b baker street
train_landmarks/112123.parquet,112123,6898,83000,https://www.google.com
train_landmarks/171911.parquet,171911,6899,80010,+1-555-987-6543
train_landmarks/950024.parquet,950024,6900,37869,456 elm st suite 200
train_landmarks/199275.parquet,199275,6901,18326,university language
train_landmarks/503457.parquet,503457,6902,99192,recognition computer
train_landmarks/908164.parquet,908164,6903,60019,university computer learning
train_landmarks/137939.parquet,137939,6904,54118,fox fox accuracy accuracy
train_landmarks/333424.parquet,333424,6905,13478,fingerspelling science american accuracy american project
train_landmarks/662317.parquet,662317,6906,44671,http://weather.com/today
train_landmarks/739966.parquet,739966,6907,92240,frequency learning dataset guatemala frequency analysis
train_landmarks/919371.parquet,919371,6908,42953,the university learning recognition
train_landmarks/187796.parquet,187796,6909,21915,1-888-456-7890
train_landmarks/330690.parquet,330690,6910,22280,800-555-0199
train_landmarks/177831.parquet,177831,6911,60019,recognition over jumps language
train_landmarks/909153.parquet,909153,6912,47930,vision guatemala
train_landmarks/967008.parquet,967008,6913,24592,+1-800-222-3344
train_landmarks/809070.parquet,809070,6914,59823,www.nytimes.com/world
train_landmarks/620121.parquet,620121,6915,39256,221b baker street
train_landmarks/465697.parquet,465697,6916,89840,10 downing street london
train_landmarks/570774.parquet,570774,6917,59615,(555) 234-5678
train_landmarks/507539.parquet,507539,6918,69429,742 evergreen terrace
train_landmarks/824047.parquet,824047,6919,83000,analysis accuracy dataset
train_landmarks/855829.parquet,855829,6920,16175,https://github.com/kaggle
train_landmarks/162438.parquet,162438,6921,14207,engineering asl brown welcome deep over
train_landmarks/223605.parquet,223605,6922,40512,model brown
train_landmarks/185845.parquet,185845,6923,57447,frequency learning evaluation
train_landmarks/812556.parquet,812556,6924,99192,university lazy lazy to frequency american
train_landmarks/619382.parquet,619382,6925,40495,quick accuracy dog
train_landmarks/929122.parquet,929122,6926,99593,(415) 555-8833
train_landmarks/457400.parquet,457400,6927,57052,vision american recognition model fox the
train_landmarks/710980.parquet,710980,6928,39256,language fingerspelling
train_landmarks/674171.parquet,674171,6929,51347,http://weather.com/today
train_landmarks/476764.parquet,476764,6930,21915,www.cdc.gov/covid
train_landmarks/193379.parquet,193379,6931,64987,https://www.google.com
train_landmarks/983476.parquet,983476,6932,62350,(212) 555-4321
train_landmarks/106171.parquet,106171,6933,74686,evaluation evaluation guatemala analysis evaluation
train_landmarks/365470.parquet,365470,6934,99192,+1-800-222-3344
train_landmarks/946487.parquet,946487,6935,59797,742 evergreen terrace
train_landmarks/667400.parquet,667400,6936,99192,american fox quick evaluation model world
train_landmarks/691316.parquet,691316,6937,70217,1600 pennsylvania ave
train_landmarks/693535.parquet,693535,6938,89840,model the
train_landmarks/813141.parquet,813141,6939,28289,model university quick model
train_landmarks/825940.parquet,825940,6940,39256,to science language deep
train_landmarks/768653.parquet,768653,6941,95909,language quick hello computer
train_landmarks/387498.parquet,387498,6942,46434,www.cdc.gov/covid
train_landmarks/797466.parquet,797466,6943,22156,world to
train_landmarks/782143.parquet,782143,6944,46463,456 elm st suite 200
train_landmarks/287843.parquet,287843,6945,62581,123 main street apt 4b
train_landmarks/807246.parquet,807246,6946,93810,world fingerspelling asl brown recognition to
train_landmarks/147077.parquet,147077,6947,66155,http://weather.com/today
train_landmarks/619432.parquet,619432,6948,87397,https://youtube.com/watch
train_landmarks/229460.parquet,229460,6949,46463,1600 pennsylvania ave
train_landmarks/804953.parquet,804953,6950,85674,welcome analysis jumps evaluation deep jumps
train_landmarks/945821.parquet,945821,6951,57819,456 elm st suite 200
train_landmarks/188921.parquet,188921,6952,82357,https://youtube.com/watch
train_landmarks/505742.parquet,505742,6953,70217,https://apple.com/ios
train_landmarks/518400.parquet,518400,6954,71348,123 main street apt 4b
train_landmarks/423424.parquet,423424,6955,40021,hello guatemala frequency
train_landmarks/723374.parquet,723374,6956,46048,project quick fingerspelling asl model
train_landmarks/882249.parquet,882249,6957,20458,10 downing street london
train_landmarks/409699.parquet,409699,6958,24371,http://wikipedia.org/asl
train_landmarks/481600.parquet,481600,6959,44671,guatemala lazy learning jumps jumps
train_landmarks/288021.parquet,288021,6960,65302,jumps model asl quick
train_landmarks/646306.parquet,646306,6961,28726,221b baker street
train_landmarks/978377.parquet,978377,6962,93886,asl brown over to frequency to
train_landmarks/257494.parquet,257494,6963,80010,www.amazon.com/deals
train_landmarks/867715.parquet,867715,6964,28289,lazy brown learning american
train_landmarks/489511.parquet,489511,6965,83563,welcome guatemala
train_landmarks/753971.parquet,753971,6966,38785,(415) 555-8833
train_landmarks/256671.parquet,256671,6967,65392,800-555-0199
train_landmarks/860848.parquet,860848,6968,58520,the brown
train_landmarks/254019.parquet,254019,6969,89840,hello hello dataset learning accuracy world
train_landmarks/832272.parquet,832272,6970,57052,world quick
train_landmarks/664394.parquet,664394,6971,60019,american hello analysis frequency deep
train_landmarks/766029.parquet,766029,6972,76784,456 elm st suite 200
train_landmarks/720485.parquet,720485,6973,95909,deep welcome dataset
train_landmarks/201364.parquet,201364,6974,87397,university jumps fox american guatemala
train_landmarks/814558.parquet,814558,6975,22280,brown fox the quick deep asl
train_landmarks/425826.parquet,425826,6976,31319,(212) 555-4321
train_landmarks/460504.parquet,460504,6977,64987,evaluation dataset science dog welcome american
train_landmarks/573598.parquet,573598,6978,11504,frequency fingerspelling evaluation world
train_landmarks/648068.parquet,648068,6979,81426,lazy dataset american
train_landmarks/756897.parquet,756897,6980,31319,http://weather.com/today
train_landmarks/409778.parquet,409778,6981,92397,vision lazy fox
train_landmarks/588574.parquet,588574,6982,17331,dataset language welcome engineering hello asl
train_landmarks/680930.parquet,680930,6983,13478,american project the
train_landmarks/374722.parquet,374722,6984,20458,456 elm st suite 200
train_landmarks/556285.parquet,556285,6985,22676,456 elm st suite 200
train_landmarks/843011.parquet,843011,6986,30033,www.cdc.gov/covid
train_landmarks/666582.parquet,666582,6987,39256,world learning model science learning
train_landmarks/235666.parquet,235666,6988,99192,www.nytimes.com/world
train_landmarks/428629.parquet,428629,6989,28131,(415) 555-8833
train_landmarks/982905.parquet,982905,6990,89131,language recognition fox evaluation learning
train_landmarks/515374.parquet,515374,6991,83579,https://www.google.com
train_landmarks/604118.parquet,604118,6992,42098,hello guatemala
train_landmarks/330548.parquet,330548,6993,42953,http://wikipedia.org/asl
train_landmarks/115964.parquet,115964,6994,97841,world world
train_landmarks/249250.parquet,249250,6995,44671,asl welcome learning welcome university dog
train_landmarks/724069.parquet,724069,6996,48427,fox jumps frequency dog model
train_landmarks/390064.parquet,390064,6997,98696,over science computer the the
train_landmarks/147928.parquet,147928,6998,99166,dog world recognition asl
train_landmarks/845998.parquet,845998,6999,42098,accuracy learning computer dataset
train_landmarks/648922.parquet,648922,7000,40021,american quick learning university analysis
train_landmarks/221219.parquet,221219,7001,59823,221b baker street
train_landmarks/260900.parquet,260900,7002,60019,1600 pennsylvania ave
train_landmarks/327908.parquet,327908,7003,54118,123 main street apt 4b
train_landmarks/639984.parquet,639984,7004,99593,http://weather.com/today
train_landmarks/711709.parquet,711709,7005,57819,dog over lazy
train_landmarks/731328.parquet,731328,7006,37653,221b baker street
train_landmarks/142946.parquet,142946,7007,98696,the science deep engineering dataset
train_landmarks/873644.parquet,873644,7008,10851,dog fingerspelling project project learning american
train_landmarks/106687.parquet,106687,7009,54597,123 main street apt 4b
train_landmarks/522250.parquet,522250,7010,75435,1600 pennsylvania ave
train_landmarks/521754.parquet,521754,7011,46463,www.nytimes.com/world
train_landmarks/495968.parquet,495968,7012,80010,over engineering frequency
train_landmarks/225982.parquet,225982,7013,54597,evaluation vision jumps
train_landmarks/709252.parquet,709252,7014,21915,frequency american frequency
train_landmarks/663279.parquet,663279,7015,60432,1-888-456-7890
train_landmarks/928517.parquet,928517,7016,56566,(212) 555-4321
train_landmarks/240156.parquet,240156,7017,82357,10 downing street london
train_landmarks/928840.parquet,928840,7018,30379,800-555-0199
train_landmarks/307158.parquet,307158,7019,28289,learning to recognition model
train_landmarks/697604.parquet,697604,7020,22676,+1-800-222-3344
train_landmarks/138465.parquet,138465,7021,40021,vision fingerspelling analysis sign engineering
train_landmarks/199091.parquet,199091,7022,94939,+1-555-987-6543
train_landmarks/785172.parquet,785172,7023,60432,engineering sign learning
train_landmarks/706368.parquet,706368,7024,35203,fox guatemala vision engineering accuracy to
train_landmarks/261501.parquet,261501,7025,18675,fox frequency dataset
train_landmarks/590400.parquet,590400,7026,31319,project learning
train_landmarks/421839.parquet,421839,7027,56566,accuracy hello guatemala
train_landmarks/199454.parquet,199454,7028,22676,https://youtube.com/watch
train_landmarks/861907.parquet,861907,7029,69429,1600 pennsylvania ave
train_landmarks/478986.parquet,478986,7030,69429,accuracy learning language hello brown hello
train_landmarks/701681.parquet,701681,7031,84341,lazy frequency
train_landmarks/302816.parquet,302816,7032,18326,to american american project sign
train_landmarks/599374.parquet,599374,7033,80284,221b baker street
train_landmarks/319781.parquet,319781,7034,39256,221b baker street
train_landmarks/545797.parquet,545797,7035,31319,http://weather.com/today
train_landmarks/193636.parquet,193636,7036,89840,221b baker street
train_landmarks/176518.parquet,176518,7037,38893,evaluation engineering the
train_landmarks/674332.parquet,674332,7038,28726,over evaluation frequency lazy
train_landmarks/737330.parquet,737330,7039,99166,frequency fox frequency quick brown
train_landmarks/334822.parquet,334822,7040,60019,welcome guatemala welcome lazy
train_landmarks/308467.parquet,308467,7041,10851,1600 pennsylvania ave
train_landmarks/623649.parquet,623649,7042,24371,hello recognition
train_landmarks/113386.parquet,113386,7043,84341,https://apple.com/ios
train_landmarks/512908.parquet,512908,7044,69429,https://youtube.com/watch
train_landmarks/915097.parquet,915097,7045,19358,model learning the model
train_landmarks/939628.parquet,939628,7046,74686,guatemala to analysis dog vision the
train_landmarks/576252.parquet,576252,7047,57819,asl vision asl over quick deep
train_landmarks/223911.parquet,223911,7048,91070,www.cdc.gov/covid
train_landmarks/898674.parquet,898674,7049,31319,800-555-0199
train_landmarks/553350.parquet,553350,7050,70589,10 downing street london
train_landmarks/281876.parquet,281876,7051,46463,https://apple.com/ios
train_landmarks/937223.parquet,937223,7052,30969,221b baker street
train_landmarks/560148.parquet,560148,7053,62581,university computer project vision
train_landmarks/889495.parquet,889495,7054,52504,university science lazy evaluation
train_landmarks/612641.parquet,612641,7055,14165,742 evergreen terrace
train_landmarks/221248.parquet,221248,7056,93886,deep fox guatemala deep
train_landmarks/315589.parquet,315589,7057,76237,dataset frequency the
train_landmarks/714715.parquet,714715,7058,87397,1600 pennsylvania ave
train_landmarks/526037.parquet,526037,7059,44993,frequency deep fingerspelling brown university sign
train_landmarks/806268.parquet,806268,7060,19116,guatemala american engineering
train_landmarks/602109.parquet,602109,7061,59735,world dog deep lazy frequency world
train_landmarks/620286.parquet,620286,7062,65302,https://youtube.com/watch
train_landmarks/310516.parquet,310516,7063,20458,(212) 555-4321
train_landmarks/980444.parquet,980444,7064,68878,456 elm st suite 200
train_landmarks/940876.parquet,940876,7065,99166,recognition accuracy accuracy dataset
train_landmarks/643416.parquet,643416,7066,32431,10 downing street london
train_landmarks/506056.parquet,506056,7067,45093,1600 pennsylvania ave
train_landmarks/959061.parquet,959061,7068,80284,engineering dataset to model
train_landmarks/948453.parquet,948453,7069,65302,frequency analysis frequency vision
train_landmarks/851725.parquet,851725,7070,11504,the asl science over
train_landmarks/778904.parquet,778904,7071,57052,http://weather.com/today
train_landmarks/812220.parquet,812220,7072,47930,computer welcome dog computer welcome the
train_landmarks/562344.parquet,562344,7073,40021,world frequency quick guatemala
train_landmarks/650478.parquet,650478,7074,42098,https://github.com/kaggle
train_landmarks/657942.parquet,657942,7075,62350,(415) 555-8833
train_landmarks/659601.parquet,659601,7076,94939,456 elm st suite 200
train_landmarks/708536.parquet,708536,7077,22676,(415) 555-8833
train_landmarks/736656.parquet,736656,7078,23434,https://youtube.com/watch
train_landmarks/730021.parquet,730021,7079,64987,10 downing street london
train_landmarks/650357.parquet,650357,7080,92240,http://weather.com/today
train_landmarks/950838.parquet,950838,7081,45093,dog lazy guatemala frequency brown
train_landmarks/101371.parquet,101371,7082,23396,dog accuracy learning model welcome
train_landmarks/148118.parquet,148118,7083,98696,fingerspelling sign frequency
train_landmarks/573909.parquet,573909,7084,18675,lazy analysis university project vision
train_landmarks/379422.parquet,379422,7085,80010,frequency dataset hello frequency guatemala
train_landmarks/609285.parquet,609285,7086,16006,+1-800-222-3344
train_landmarks/698082.parquet,698082,7087,48427,fox recognition evaluation learning
train_landmarks/894721.parquet,894721,7088,54597,quick brown
train_landmarks/287736.parquet,287736,7089,62581,quick accuracy fox frequency welcome
train_landmarks/510769.parquet,510769,7090,42953,1-888-456-7890
train_landmarks/375115.parquet,375115,7091,68878,project computer lazy lazy dog
train_landmarks/975064.parquet,975064,7092,45382,http://wikipedia.org/asl
train_landmarks/376389.parquet,376389,7093,20458,+1-555-987-6543
train_landmarks/568909.parquet,568909,7094,46434,hello guatemala sign lazy
train_landmarks/457977.parquet,457977,7095,22156,www.amazon.com/deals
train_landmarks/801163.parquet,801163,7096,38746,fingerspelling lazy project
train_landmarks/861475.parquet,861475,7097,57819,221b baker street
train_landmarks/593219.parquet,593219,7098,89840,456 elm st suite 200
train_landmarks/163399.parquet,163399,7099,44671,10 downing street london
train_landmarks/987240.parquet,987240,7100,46463,deep fox over lazy analysis fingerspelling
train_landmarks/199460.parquet,199460,7101,65302,fox lazy project asl vision sign
train_landmarks/412051.parquet,412051,7102,37869,learning guatemala
train_landmarks/360529.parquet,360529,7103,10851,221b baker street
train_landmarks/567554.parquet,567554,7104,45093,https://apple.com/ios
train_landmarks/916317.parquet,916317,7105,35203,recognition evaluation computer dataset model
train_landmarks/481016.parquet,481016,7106,39871,https://www.google.com
train_landmarks/958437.parquet,958437,7107,69429,742 evergreen terrace
train_landmarks/620049.parquet,620049,7108,92397,www.nytimes.com/world
train_landmarks/653344.parquet,653344,7109,13905,1-888-456-7890
train_landmarks/813797.parquet,813797,7110,44671,sign hello guatemala accuracy dog
train_landmarks/642684.parquet,642684,7111,14207,project science frequency vision
train_landmarks/823622.parquet,823622,7112,14207,frequency computer project american
train_landmarks/744181.parquet,744181,7113,57052,http://wikipedia.org/asl
train_landmarks/573627.parquet,573627,7114,69429,hello vision asl engineering hello guatemala
train_landmarks/548814.parquet,548814,7115,10851,221b baker street
train_landmarks/441439.parquet,441439,7116,54597,model guatemala engineering analysis language vision
train_landmarks/430774.parquet,430774,7117,46048,dog lazy lazy computer project analysis
train_landmarks/556879.parquet,556879,7118,92240,www.amazon.com/deals
train_landmarks/262020.parquet,262020,7119,54597,221b baker street
train_landmarks/919187.parquet,919187,7120,46421,www.amazon.com/deals
train_landmarks/266674.parquet,266674,7121,22676,(415) 555-8833
train_landmarks/139598.parquet,139598,7122,88907,guatemala vision fingerspelling lazy the recognition
train_landmarks/273153.parquet,273153,7123,17331,frequency fingerspelling hello the
train_landmarks/356717.parquet,356717,7124,87397,http://wikipedia.org/asl
train_landmarks/942264.parquet,942264,7125,13478,742 evergreen terrace
train_landmarks/943380.parquet,943380,7126,40021,(212) 555-4321
train_landmarks/318607.parquet,318607,7127,59615,fox frequency
train_landmarks/758459.parquet,758459,7128,51245,fox engineering welcome
train_landmarks/123059.parquet,123059,7129,93227,800-555-0199
train_landmarks/182193.parquet,182193,7130,22156,jumps quick engineering frequency university jumps
train_landmarks/158160.parquet,158160,7131,40021,742 evergreen terrace
train_landmarks/919737.parquet,919737,7132,40495,dog guatemala university to sign learning
train_landmarks/328080.parquet,328080,7133,94939,science model recognition analysis
train_landmarks/715422.parquet,715422,7134,40512,hello learning vision
train_landmarks/443321.parquet,443321,7135,22676,+1-800-222-3344
train_landmarks/210077.parquet,210077,7136,93886,742 evergreen terrace
train_landmarks/661810.parquet,661810,7137,16175,800-555-0199
train_landmarks/811449.parquet,811449,7138,25014,1-888-456-7890
train_landmarks/244790.parquet,244790,7139,93886,1600 pennsylvania ave
train_landmarks/993336.parquet,993336,7140,16006,www.amazon.com/deals
train_landmarks/203249.parquet,203249,7141,46421,frequency asl project
train_landmarks/539146.parquet,539146,7142,22156,vision brown analysis recognition hello university
train_landmarks/229953.parquet,229953,7143,57819,welcome welcome dataset science fox accuracy
train_landmarks/115616.parquet,115616,7144,92397,american world dataset analysis
train_landmarks/986368.parquet,986368,7145,99192,742 evergreen terrace
train_landmarks/635215.parquet,635215,7146,92397,world learning quick university
train_landmarks/128062.parquet,128062,7147,91070,456 elm st suite 200
train_landmarks/724594.parquet,724594,7148,57400,evaluation recognition accuracy university
train_landmarks/486156.parquet,486156,7149,28131,american frequency american learning vision science
train_landmarks/913657.parquet,913657,7150,40021,456 elm st suite 200
train_landmarks/904927.parquet,904927,7151,83000,university hello language over world
train_landmarks/842433.parquet,842433,7152,26361,https://github.com/kaggle
train_landmarks/639297.parquet,639297,7153,57447,1600 pennsylvania ave
train_landmarks/872444.parquet,872444,7154,42098,project project quick
train_landmarks/617430.parquet,617430,7155,16175,http://weather.com/today
train_landmarks/447009.parquet,447009,7156,56566,engineering language welcome deep fingerspelling analysis
train_landmarks/854584.parquet,854584,7157,19116,science jumps
train_landmarks/810666.parquet,810666,7158,31319,vision american over asl dog
train_landmarks/131323.parquet,131323,7159,51347,science hello dataset the world
train_landmarks/920236.parquet,920236,7160,24592,+1-800-222-3344
train_landmarks/260477.parquet,260477,7161,16175,10 downing street london
train_landmarks/606121.parquet,606121,7162,46434,123 main street apt 4b
train_landmarks/944386.parquet,944386,7163,20328,http://weather.com/today
train_landmarks/956724.parquet,956724,7164,13478,742 evergreen terrace
train_landmarks/827114.parquet,827114,7165,59823,fox analysis vision quick
train_landmarks/455451.parquet,455451,7166,31319,+1-555-987-6543
train_landmarks/452730.parquet,452730,7167,19116,to computer to model
train_landmarks/556278.parquet,556278,7168,62581,fingerspelling language
train_landmarks/795795.parquet,795795,7169,47930,+1-555-987-6543
train_landmarks/932917.parquet,932917,7170,71348,learning frequency fingerspelling american language
train_landmarks/920321.parquet,920321,7171,45382,world accuracy
train_landmarks/708728.parquet,708728,7172,86484,https://apple.com/ios
train_landmarks/537649.parquet,537649,7173,22280,world brown
train_landmarks/193107.parquet,193107,7174,19116,1600 pennsylvania ave
train_landmarks/813548.parquet,813548,7175,26361,1600 pennsylvania ave
train_landmarks/903165.parquet,903165,7176,80010,(415) 555-8833
train_landmarks/853084.parquet,853084,7177,21915,dog asl asl quick university deep
train_landmarks/354352.parquet,354352,7178,87397,quick language guatemala sign american
train_landmarks/467274.parquet,467274,7179,21395,engineering quick
train_landmarks/489866.parquet,489866,7180,74686,lazy brown fox model over over
train_landmarks/398881.parquet,398881,7181,54597,https://github.com/kaggle
train_landmarks/819294.parquet,819294,7182,51347,learning guatemala science
train_landmarks/624051.parquet,624051,7183,89840,university vision analysis
train_landmarks/669736.parquet,669736,7184,28131,sign guatemala engineering brown sign
train_landmarks/321516.parquet,321516,7185,76237,guatemala science fox dataset
train_landmarks/910470.parquet,910470,7186,13478,456 elm st suite 200
train_landmarks/360535.parquet,360535,7187,89840,analysis accuracy dataset sign
train_landmarks/413500.parquet,413500,7188,60019,lazy lazy
train_landmarks/903130.parquet,903130,7189,39871,1600 pennsylvania ave
train_landmarks/604086.parquet,604086,7190,80284,(415) 555-8833
train_landmarks/955818.parquet,955818,7191,93886,1600 pennsylvania ave
train_landmarks/989431.parquet,989431,7192,18326,www.nytimes.com/world
train_landmarks/779733.parquet,779733,7193,28131,evaluation recognition science
train_landmarks/351257.parquet,351257,7194,25014,10 downing street london
train_landmarks/443158.parquet,443158,7195,46048,project model world computer over asl
train_landmarks/567522.parquet,567522,7196,38657,university hello accuracy dog
train_landmarks/931698.parquet,931698,7197,93886,hello accuracy welcome science
train_landmarks/426057.parquet,426057,7198,57447,computer the over
train_landmarks/497257.parquet,497257,7199,57052,evaluation model university accuracy hello guatemala
train_landmarks/507477.parquet,507477,7200,30379,10 downing street london
train_landmarks/947061.parquet,947061,7201,83579,vision sign
train_landmarks/980575.parquet,980575,7202,23434,www.cdc.gov/covid
train_landmarks/354796.parquet,354796,7203,92397,hello language jumps
train_landmarks/155000.parquet,155000,7204,58520,800-555-0199
train_landmarks/341595.parquet,341595,7205,32431,221b baker street
train_landmarks/911113.parquet,911113,7206,75435,(212) 555-4321
train_landmarks/808302.parquet,808302,7207,82357,american american world
train_landmarks/646126.parquet,646126,7208,83000,american quick hello welcome recognition
train_landmarks/819832.parquet,819832,7209,70589,deep science fingerspelling model
train_landmarks/929218.parquet,929218,7210,89840,american language the analysis to
train_landmarks/991006.parquet,991006,7211,17331,vision project science vision guatemala
train_landmarks/376790.parquet,376790,7212,59797,(212) 555-4321
train_landmarks/335081.parquet,335081,7213,65302,(555) 234-5678
train_landmarks/485503.parquet,485503,7214,40495,1600 pennsylvania ave
train_landmarks/555494.parquet,555494,7215,46421,1600 pennsylvania ave
train_landmarks/938479.parquet,938479,7216,58520,(555) 234-5678
train_landmarks/164436.parquet,164436,7217,76784,(555) 234-5678
train_landmarks/818272.parquet,818272,7218,37653,hello learning frequency jumps hello
train_landmarks/186845.parquet,186845,7219,83579,language sign
train_landmarks/803248.parquet,803248,7220,82357,accuracy fingerspelling
train_landmarks/757823.parquet,757823,7221,16006,https://github.com/kaggle
train_landmarks/431977.parquet,431977,7222,35203,welcome sign computer engineering university model
train_landmarks/844040.parquet,844040,7223,46463,analysis fingerspelling engineering lazy american
train_landmarks/719754.parquet,719754,7224,23434,evaluation jumps
train_landmarks/314386.parquet,314386,7225,59735,fingerspelling university
train_landmarks/880124.parquet,880124,7226,99166,engineering dataset american quick jumps recognition
train_landmarks/654429.parquet,654429,7227,38893,(212) 555-4321
train_landmarks/979328.parquet,979328,7228,39256,recognition evaluation to recognition
train_landmarks/449964.parquet,449964,7229,42325,the over computer science guatemala
train_landmarks/940720.parquet,940720,7230,22156,+1-555-987-6543
train_landmarks/628272.parquet,628272,7231,28131,welcome frequency
train_landmarks/757993.parquet,757993,7232,84341,10 downing street london
train_landmarks/878056.parquet,878056,7233,60019,dog science
train_landmarks/111366.parquet,111366,7234,96673,analysis engineering fox
train_landmarks/676464.parquet,676464,7235,14207,to university model fox
train_landmarks/568725.parquet,568725,7236,69429,+1-800-222-3344
train_landmarks/262526.parquet,262526,7237,52504,https://github.com/kaggle
train_landmarks/186701.parquet,186701,7238,46434,world accuracy over science to
train_landmarks/997469.parquet,997469,7239,46463,https://github.com/kaggle
train_landmarks/311022.parquet,311022,7240,58520,456 elm st suite 200
train_landmarks/473086.parquet,473086,7241,44993,742 evergreen terrace
train_landmarks/538849.parquet,538849,7242,62350,science welcome jumps project
train_landmarks/245590.parquet,245590,7243,75435,fingerspelling analysis dataset
train_landmarks/250967.parquet,250967,7244,14207,1600 pennsylvania ave
train_landmarks/218210.parquet,218210,7245,38657,www.amazon.com/deals
train_landmarks/884677.parquet,884677,7246,95909,language quick recognition welcome guatemala
train_landmarks/910131.parquet,910131,7247,58520,www.cdc.gov/covid
train_landmarks/187272.parquet,187272,7248,92240,frequency science
train_landmarks/821583.parquet,821583,7249,99192,engineering asl accuracy
train_landmarks/702249.parquet,702249,7250,23434,the frequency hello
train_landmarks/395568.parquet,395568,7251,57447,guatemala frequency fingerspelling project
train_landmarks/158788.parquet,158788,7252,42098,world jumps fox sign quick hello
train_landmarks/515178.parquet,515178,7253,92397,dataset evaluation computer deep dataset
train_landmarks/701397.parquet,701397,7254,89840,https://www.google.com
train_landmarks/419382.parquet,419382,7255,95181,http://wikipedia.org/asl
train_landmarks/438683.parquet,438683,7256,61856,american evaluation fox computer lazy asl
train_landmarks/482756.parquet,482756,7257,93810,engineering lazy dog
train_landmarks/431045.parquet,431045,7258,38893,1600 pennsylvania ave
train_landmarks/833901.parquet,833901,7259,70589,456 elm st suite 200
train_landmarks/834587.parquet,834587,7260,37869,recognition sign
train_landmarks/395497.parquet,395497,7261,99192,http://weather.com/today
train_landmarks/344619.parquet,344619,7262,84341,456 elm st suite 200
train_landmarks/134608.parquet,134608,7263,62581,fox project model
train_landmarks/882962.parquet,882962,7264,35203,(555) 234-5678
train_landmarks/216726.parquet,216726,7265,93810,learning frequency over analysis
train_landmarks/975219.parquet,975219,7266,76237,university computer language
train_landmarks/593565.parquet,593565,7267,94939,https://apple.com/ios
train_landmarks/492284.parquet,492284,7268,62581,742 evergreen terrace
train_landmarks/576067.parquet,576067,7269,47930,456 elm st suite 200
train_landmarks/493190.parquet,493190,7270,75435,http://wikipedia.org/asl
train_landmarks/617556.parquet,617556,7271,56566,guatemala evaluation dog
train_landmarks/900560.parquet,900560,7272,87397,deep learning
train_landmarks/965397.parquet,965397,7273,46463,computer language hello vision american
train_landmarks/322174.parquet,322174,7274,76784,world american sign learning hello
train_landmarks/414549.parquet,414549,7275,95909,www.amazon.com/deals
train_landmarks/838414.parquet,838414,7276,92240,university frequency model engineering
train_landmarks/450275.parquet,450275,7277,40495,project vision frequency engineering
train_landmarks/486579.parquet,486579,7278,25014,http://weather.com/today
train_landmarks/510997.parquet,510997,7279,54597,(555) 234-5678
train_landmarks/591754.parquet,591754,7280,24592,science vision learning science
train_landmarks/709187.parquet,709187,7281,25014,fingerspelling evaluation engineering
train_landmarks/970522.parquet,970522,7282,22676,evaluation model brown language american
train_landmarks/120937.parquet,120937,7283,51347,engineering analysis
train_landmarks/926222.parquet,926222,7284,68878,+1-800-222-3344
train_landmarks/103384.parquet,103384,7285,70589,recognition model
train_landmarks/103657.parquet,103657,7286,99192,vision quick
train_landmarks/305840.parquet,305840,7287,15695,deep deep sign to model
train_landmarks/800791.parquet,800791,7288,62581,project model frequency evaluation brown deep
train_landmarks/586692.parquet,586692,7289,46463,https://youtube.com/watch
train_landmarks/631125.parquet,631125,7290,99733,http://wikipedia.org/asl
train_landmarks/210290.parquet,210290,7291,26361,vision evaluation recognition fingerspelling science
train_landmarks/614700.parquet,614700,7292,54597,10 downing street london
train_landmarks/433378.parquet,433378,7293,44671,asl accuracy deep engineering
train_landmarks/957143.parquet,957143,7294,87236,(555) 234-5678
train_landmarks/471301.parquet,471301,7295,30969,engineering asl
train_landmarks/351824.parquet,351824,7296,35203,university vision accuracy dataset evaluation computer
train_landmarks/468790.parquet,468790,7297,54118,www.nytimes.com/world
train_landmarks/474262.parquet,474262,7298,46434,www.nytimes.com/world
train_landmarks/883294.parquet,883294,7299,70217,+1-800-222-3344
train_landmarks/857574.parquet,857574,7300,61856,lazy sign language dataset american
train_landmarks/620762.parquet,620762,7301,42953,(212) 555-4321
train_landmarks/395858.parquet,395858,7302,23238,221b baker street
train_landmarks/350355.parquet,350355,7303,21915,221b baker street
train_landmarks/753211.parquet,753211,7304,80010,vision welcome sign asl
train_landmarks/733770.parquet,733770,7305,81426,dataset over jumps quick brown
train_landmarks/309869.parquet,309869,7306,18675,https://youtube.com/watch
train_landmarks/366519.parquet,366519,7307,56566,221b baker street
train_landmarks/229067.parquet,229067,7308,40021,www.nytimes.com/world
train_landmarks/217373.parquet,217373,7309,30033,fingerspelling recognition lazy asl deep dog
train_landmarks/180008.parquet,180008,7310,59823,1-888-456-7890
train_landmarks/601628.parquet,601628,7311,30969,welcome asl
train_landmarks/239046.parquet,239046,7312,94259,asl dog model over deep
train_landmarks/155850.parquet,155850,7313,31319,http://weather.com/today
train_landmarks/913225.parquet,913225,7314,93886,hello american fox language fingerspelling
train_landmarks/996001.parquet,996001,7315,80284,world asl science
train_landmarks/698302.parquet,698302,7316,99166,jumps dog science
train_landmarks/582439.parquet,582439,7317,51347,analysis the hello vision
train_landmarks/818966.parquet,818966,7318,39256,asl evaluation vision welcome guatemala
train_landmarks/826372.parquet,826372,7319,80284,evaluation language project lazy university
train_landmarks/801830.parquet,801830,7320,99733,1600 pennsylvania ave
train_landmarks/771863.parquet,771863,7321,23434,1600 pennsylvania ave
train_landmarks/359664.parquet,359664,7322,46048,brown welcome
train_landmarks/468803.parquet,468803,7323,46434,www.cdc.gov/covid
train_landmarks/581744.parquet,581744,7324,26361,1-888-456-7890
train_landmarks/384870.parquet,384870,7325,59823,asl learning asl
train_landmarks/774918.parquet,774918,7326,59797,456 elm st suite 200
train_landmarks/295510.parquet,295510,7327,64987,lazy recognition fingerspelling asl
train_landmarks/966945.parquet,966945,7328,45093,accuracy sign
train_landmarks/440276.parquet,440276,7329,56566,http://weather.com/today
train_landmarks/338896.parquet,338896,7330,10851,vision hello accuracy quick learning the
train_landmarks/252994.parquet,252994,7331,15695,project computer to model jumps university
train_landmarks/101464.parquet,101464,7332,59735,https://apple.com/ios
train_landmarks/938542.parquet,938542,7333,21395,https://apple.com/ios
train_landmarks/771481.parquet,771481,7334,95181,analysis computer fox guatemala evaluation frequency
train_landmarks/714700.parquet,714700,7335,87397,(212) 555-4321
train_landmarks/436550.parquet,436550,7336,62350,+1-555-987-6543
train_landmarks/935269.parquet,935269,7337,94259,fox welcome
train_landmarks/623747.parquet,623747,7338,70142,https://github.com/kaggle
train_landmarks/414119.parquet,414119,7339,37869,456 elm st suite 200
train_landmarks/155795.parquet,155795,7340,62581,world university deep asl world
train_landmarks/450563.parquet,450563,7341,93320,fingerspelling over university guatemala
train_landmarks/970872.parquet,970872,7342,40021,(415) 555-8833
train_landmarks/362836.parquet,362836,7343,42098,learning over vision language the model
train_landmarks/187409.parquet,187409,7344,38785,vision dog asl
train_landmarks/165073.parquet,165073,7345,28301,university model hello deep learning quick
train_landmarks/153187.parquet,153187,7346,58520,university sign engineering
train_landmarks/153971.parquet,153971,7347,48427,1600 pennsylvania ave
train_landmarks/213619.parquet,213619,7348,22676,1600 pennsylvania ave
train_landmarks/239944.parquet,239944,7349,40021,http://wikipedia.org/asl
train_landmarks/876169.parquet,876169,7350,18675,800-555-0199
train_landmarks/273495.parquet,273495,7351,16175,(555) 234-5678
train_landmarks/611290.parquet,611290,7352,20328,742 evergreen terrace
train_landmarks/501572.parquet,501572,7353,28301,to hello model sign guatemala to
train_landmarks/227765.parquet,227765,7354,32431,(415) 555-8833
train_landmarks/306631.parquet,306631,7355,24371,1600 pennsylvania ave
train_landmarks/866319.parquet,866319,7356,44993,sign engineering recognition
train_landmarks/170608.parquet,170608,7357,56566,456 elm st suite 200
train_landmarks/830482.parquet,830482,7358,31417,language science computer deep
train_landmarks/862343.parquet,862343,7359,61856,123 main street apt 4b
train_landmarks/693304.parquet,693304,7360,79352,www.amazon.com/deals
train_landmarks/286310.parquet,286310,7361,87397,recognition over accuracy frequency
train_landmarks/774365.parquet,774365,7362,28289,over recognition computer american
train_landmarks/404289.parquet,404289,7363,18326,https://www.google.com
train_landmarks/887564.parquet,887564,7364,44993,https://apple.com/ios
train_landmarks/479392.parquet,479392,7365,83000,analysis recognition recognition world over
train_landmarks/437062.parquet,437062,7366,57819,(555) 234-5678
train_landmarks/969110.parquet,969110,7367,65302,(415) 555-8833
train_landmarks/132011.parquet,132011,7368,44718,http://weather.com/today
train_landmarks/145045.parquet,145045,7369,61856,1-888-456-7890
train_landmarks/630672.parquet,630672,7370,44671,science engineering american sign
train_landmarks/522833.parquet,522833,7371,44671,1600 pennsylvania ave
train_landmarks/670172.parquet,670172,7372,76784,https://apple.com/ios
train_landmarks/254010.parquet,254010,7373,21395,221b baker street
train_landmarks/230678.parquet,230678,7374,24371,(212) 555-4321
train_landmarks/579264.parquet,579264,7375,22156,guatemala guatemala university welcome
train_landmarks/386377.parquet,386377,7376,59735,jumps analysis welcome accuracy learning language
train_landmarks/126672.parquet,126672,7377,18326,lazy sign
train_landmarks/244068.parquet,244068,7378,62581,+1-555-987-6543
train_landmarks/522200.parquet,522200,7379,39871,evaluation analysis dog lazy hello learning
train_landmarks/112970.parquet,112970,7380,45093,analysis frequency university
train_landmarks/513701.parquet,513701,7381,20328,(212) 555-4321
train_landmarks/599765.parquet,599765,7382,22676,engineering over engineering
train_landmarks/428345.parquet,428345,7383,25014,+1-800-222-3344
train_landmarks/894372.parquet,894372,7384,94259,dog fingerspelling accuracy
train_landmarks/953061.parquet,953061,7385,40021,456 elm st suite 200
train_landmarks/131077.parquet,131077,7386,82357,123 main street apt 4b
train_landmarks/749151.parquet,749151,7387,39256,vision computer vision
train_landmarks/718704.parquet,718704,7388,42098,vision university science fingerspelling project
train_landmarks/154325.parquet,154325,7389,89840,american jumps quick vision over
train_landmarks/406302.parquet,406302,7390,28726,the model
train_landmarks/832910.parquet,832910,7391,94939,www.amazon.com/deals
train_landmarks/995980.parquet,995980,7392,76784,www.nytimes.com/world
train_landmarks/251666.parquet,251666,7393,42098,(212) 555-4321
train_landmarks/943397.parquet,943397,7394,92397,world science world brown
train_landmarks/881127.parquet,881127,7395,30379,recognition lazy over engineering science learning
train_landmarks/890038.parquet,890038,7396,46434,recognition welcome lazy
train_landmarks/682537.parquet,682537,7397,21395,over university recognition analysis vision engineering
train_landmarks/756994.parquet,756994,7398,60019,+1-800-222-3344
train_landmarks/581736.parquet,581736,7399,46421,sign project engineering university world
train_landmarks/782322.parquet,782322,7400,99192,analysis project vision brown
train_landmarks/744031.parquet,744031,7401,20458,dog model learning deep recognition deep
train_landmarks/782413.parquet,782413,7402,99166,800-555-0199
train_landmarks/427639.parquet,427639,7403,89840,to accuracy
train_landmarks/996190.parquet,996190,7404,18326,american asl
train_landmarks/858345.parquet,858345,7405,93810,language vision computer accuracy
train_landmarks/518904.parquet,518904,7406,61856,+1-555-987-6543
train_landmarks/578222.parquet,578222,7407,99192,456 elm st suite 200
train_landmarks/838563.parquet,838563,7408,83563,evaluation dog university
train_landmarks/951303.parquet,951303,7409,14165,221b baker street
train_landmarks/475812.parquet,475812,7410,20458,http://weather.com/today
train_landmarks/679280.parquet,679280,7411,18326,+1-555-987-6543
train_landmarks/391403.parquet,391403,7412,89840,analysis recognition to
train_landmarks/305672.parquet,305672,7413,44993,learning dataset computer
train_landmarks/468069.parquet,468069,7414,36062,1-888-456-7890
train_landmarks/533555.parquet,533555,7415,93810,(415) 555-8833
train_landmarks/471601.parquet,471601,7416,62350,http://wikipedia.org/asl
train_landmarks/127168.parquet,127168,7417,65302,welcome fox dog frequency university
train_landmarks/340520.parquet,340520,7418,52504,1600 pennsylvania ave
train_landmarks/869795.parquet,869795,7419,99192,dataset hello american american
train_landmarks/249277.parquet,249277,7420,65392,http://weather.com/today
train_landmarks/240832.parquet,240832,7421,14207,10 downing street london
train_landmarks/610514.parquet,610514,7422,87397,frequency guatemala engineering lazy guatemala
train_landmarks/811385.parquet,811385,7423,93886,(415) 555-8833
train_landmarks/965637.parquet,965637,7424,64987,sign science analysis
train_landmarks/651894.parquet,651894,7425,75435,dataset to frequency deep dataset frequency
train_landmarks/435709.parquet,435709,7426,44671,brown over
train_landmarks/885597.parquet,885597,7427,69429,221b baker street
train_landmarks/543664.parquet,543664,7428,45382,+1-800-222-3344
train_landmarks/622236.parquet,622236,7429,38893,brown welcome model
train_landmarks/315843.parquet,315843,7430,61856,(555) 234-5678
train_landmarks/116933.parquet,116933,7431,44671,fingerspelling engineering quick science evaluation evaluation
train_landmarks/709710.parquet,709710,7432,14207,the accuracy
train_landmarks/658416.parquet,658416,7433,81426,https://www.google.com
train_landmarks/355280.parquet,355280,7434,45093,language asl fox quick
train_landmarks/146695.parquet,146695,7435,88907,https://apple.com/ios
train_landmarks/260501.parquet,260501,7436,20458,10 downing street london
train_landmarks/365108.parquet,365108,7437,54118,http://wikipedia.org/asl
train_landmarks/569488.parquet,569488,7438,61856,https://apple.com/ios
train_landmarks/374507.parquet,374507,7439,59797,science language
train_landmarks/658847.parquet,658847,7440,24371,10 downing street london
train_landmarks/300865.parquet,300865,7441,30033,(555) 234-5678
train_landmarks/395225.parquet,395225,7442,10851,project university the vision guatemala world
train_landmarks/775521.parquet,775521,7443,83000,456 elm st suite 200
train_landmarks/368239.parquet,368239,7444,65302,800-555-0199
train_landmarks/421689.parquet,421689,7445,35203,742 evergreen terrace
train_landmarks/145495.parquet,145495,7446,37869,742 evergreen terrace
train_landmarks/147169.parquet,147169,7447,14207,model the the world
train_landmarks/308957.parquet,308957,7448,99733,www.amazon.com/deals
train_landmarks/484184.parquet,484184,7449,57052,10 downing street london
train_landmarks/577327.parquet,577327,7450,91070,quick project engineering
train_landmarks/253869.parquet,253869,7451,13905,deep recognition to
train_landmarks/891696.parquet,891696,7452,37869,jumps brown asl evaluation learning
train_landmarks/939634.parquet,939634,7453,58520,guatemala language learning analysis model american
train_landmarks/599249.parquet,599249,7454,51245,frequency dog project vision
train_landmarks/235048.parquet,235048,7455,23396,sign sign language computer vision accuracy
train_landmarks/143746.parquet,143746,7456,70217,(212) 555-4321
train_landmarks/335745.parquet,335745,7457,26361,www.amazon.com/deals
train_landmarks/222588.parquet,222588,7458,42098,to american university accuracy
train_landmarks/188598.parquet,188598,7459,59615,model dog fox language deep
train_landmarks/622852.parquet,622852,7460,86622,vision evaluation dataset quick computer accuracy
train_landmarks/464732.parquet,464732,7461,92240,american computer analysis fox
train_landmarks/665531.parquet,665531,7462,56566,vision learning quick
train_landmarks/392476.parquet,392476,7463,69429,lazy dog lazy brown language hello
train_landmarks/530522.parquet,530522,7464,42098,+1-555-987-6543
train_landmarks/988605.parquet,988605,7465,24371,456 elm st suite 200
train_landmarks/108842.parquet,108842,7466,24592,https://www.google.com
train_landmarks/874773.parquet,874773,7467,60432,10 downing street london
train_landmarks/178332.parquet,178332,7468,31319,project vision lazy
train_landmarks/820144.parquet,820144,7469,20328,deep to to dog
train_landmarks/435135.parquet,435135,7470,65333,+1-800-222-3344
train_landmarks/990680.parquet,990680,7471,42098,https://apple.com/ios
train_landmarks/842608.parquet,842608,7472,70589,project learning american sign engineering
train_landmarks/716371.parquet,716371,7473,89840,vision analysis jumps
train_landmarks/937872.parquet,937872,7474,46421,https://www.google.com
train_landmarks/876226.parquet,876226,7475,20458,www.cdc.gov/covid
train_landmarks/812126.parquet,812126,7476,40021,the dataset welcome evaluation
train_landmarks/171356.parquet,171356,7477,75435,world fox science
train_landmarks/801147.parquet,801147,7478,93810,10 downing street london
train_landmarks/116383.parquet,116383,7479,18326,fox analysis guatemala engineering
train_landmarks/678763.parquet,678763,7480,64987,456 elm st suite 200
train_landmarks/185793.parquet,185793,7481,30379,guatemala jumps science evaluation
train_landmarks/415221.parquet,415221,7482,59797,quick hello language project fox
train_landmarks/116432.parquet,116432,7483,42098,project evaluation dog over project quick
train_landmarks/399122.parquet,399122,7484,76237,evaluation the hello
train_landmarks/422917.parquet,422917,7485,99166,evaluation language computer project analysis
train_landmarks/729899.parquet,729899,7486,15695,dataset vision
train_landmarks/159818.parquet,159818,7487,40495,800-555-0199
train_landmarks/638366.parquet,638366,7488,22280,science recognition dataset university language
train_landmarks/373806.parquet,373806,7489,37869,221b baker street
train_landmarks/268657.parquet,268657,7490,74686,(555) 234-5678
train_landmarks/396233.parquet,396233,7491,22156,fox university
train_landmarks/300958.parquet,300958,7492,46048,https://apple.com/ios
train_landmarks/546698.parquet,546698,7493,46421,hello hello accuracy university
train_landmarks/822825.parquet,822825,7494,23434,1600 pennsylvania ave
train_landmarks/201604.parquet,201604,7495,13905,over asl
train_landmarks/184592.parquet,184592,7496,40512,quick hello dog evaluation hello
train_landmarks/864241.parquet,864241,7497,30379,analysis accuracy project the
train_landmarks/951986.parquet,951986,7498,56566,lazy jumps fox vision
train_landmarks/262357.parquet,262357,7499,22156,(555) 234-5678
train_landmarks/961529.parquet,961529,7500,18326,742 evergreen terrace
train_landmarks/767929.parquet,767929,7501,99192,https://www.google.com
train_landmarks/771170.parquet,771170,7502,80010,https://youtube.com/watch
train_landmarks/112142.parquet,112142,7503,82357,123 main street apt 4b
train_landmarks/872806.parquet,872806,7504,91070,221b baker street
train_landmarks/313807.parquet,313807,7505,39871,https://www.google.com
train_landmarks/477991.parquet,477991,7506,75435,brown deep hello
train_landmarks/778144.parquet,778144,7507,69429,vision guatemala dataset asl lazy
train_landmarks/378411.parquet,378411,7508,74686,evaluation fox model fox
train_landmarks/818714.parquet,818714,7509,60432,221b baker street
train_landmarks/698606.parquet,698606,7510,26361,hello jumps accuracy brown
train_landmarks/388580.parquet,388580,7511,32431,welcome science evaluation frequency
train_landmarks/661318.parquet,661318,7512,65302,sign learning computer quick fox
train_landmarks/992877.parquet,992877,7513,30926,guatemala lazy lazy lazy
train_landmarks/682127.parquet,682127,7514,39871,123 main street apt 4b
train_landmarks/965575.parquet,965575,7515,65392,742 evergreen terrace
train_landmarks/827359.parquet,827359,7516,24371,(415) 555-8833
train_landmarks/872600.parquet,872600,7517,81426,frequency over sign to
train_landmarks/945010.parquet,945010,7518,69429,742 evergreen terrace
train_landmarks/621220.parquet,621220,7519,93886,brown deep analysis model accuracy to
train_landmarks/926658.parquet,926658,7520,18675,university to world learning
train_landmarks/616256.parquet,616256,7521,57400,1600 pennsylvania ave
train_landmarks/399131.parquet,399131,7522,16175,language hello recognition quick
train_landmarks/547886.parquet,547886,7523,80010,(555) 234-5678
train_landmarks/151179.parquet,151179,7524,59823,456 elm st suite 200
train_landmarks/695905.parquet,695905,7525,98696,university asl language jumps dataset project
train_landmarks/945390.parquet,945390,7526,69429,123 main street apt 4b
train_landmarks/620973.parquet,620973,7527,57447,123 main street apt 4b
train_landmarks/923297.parquet,923297,7528,83000,to vision world accuracy the fox
train_landmarks/227174.parquet,227174,7529,28131,http://weather.com/today
train_landmarks/125540.parquet,125540,7530,31319,1600 pennsylvania ave
train_landmarks/365584.parquet,365584,7531,40495,dataset recognition quick dataset
train_landmarks/163382.parquet,163382,7532,24592,frequency accuracy jumps computer hello quick
train_landmarks/691046.parquet,691046,7533,44671,www.cdc.gov/covid
train_landmarks/478083.parquet,478083,7534,18675,learning world
train_landmarks/230416.parquet,230416,7535,83579,dog asl
train_landmarks/780614.parquet,780614,7536,89131,world deep recognition university hello hello
train_landmarks/262062.parquet,262062,7537,31319,221b baker street
train_landmarks/474852.parquet,474852,7538,47930,800-555-0199
train_landmarks/548140.parquet,548140,7539,96673,www.nytimes.com/world
train_landmarks/720264.parquet,720264,7540,30379,fingerspelling hello university welcome learning analysis
train_landmarks/845804.parquet,845804,7541,13478,dataset frequency over learning learning
train_landmarks/616960.parquet,616960,7542,10851,deep frequency accuracy science
train_landmarks/211642.parquet,211642,7543,23434,frequency university world
train_landmarks/124818.parquet,124818,7544,10851,1-888-456-7890
train_landmarks/318804.parquet,318804,7545,24592,10 downing street london
train_landmarks/235624.parquet,235624,7546,99733,742 evergreen terrace
train_landmarks/584095.parquet,584095,7547,15695,1600 pennsylvania ave
train_landmarks/845004.parquet,845004,7548,82512,http://weather.com/today
train_landmarks/142399.parquet,142399,7549,10851,(212) 555-4321
train_landmarks/452695.parquet,452695,7550,82357,brown language
train_landmarks/342647.parquet,342647,7551,48427,guatemala to
train_landmarks/242456.parquet,242456,7552,24592,sign recognition quick
train_landmarks/912588.parquet,912588,7553,76784,recognition over guatemala sign
train_landmarks/853052.parquet,853052,7554,42098,evaluation analysis american accuracy lazy
train_landmarks/755307.parquet,755307,7555,18326,(415) 555-8833
train_landmarks/377867.parquet,377867,7556,30033,+1-800-222-3344
train_landmarks/340372.parquet,340372,7557,94939,lazy evaluation learning sign dog
train_landmarks/538546.parquet,538546,7558,89840,lazy model to quick jumps the
train_landmarks/562445.parquet,562445,7559,40021,hello analysis
train_landmarks/757080.parquet,757080,7560,85674,(415) 555-8833
train_landmarks/647278.parquet,647278,7561,40021,221b baker street
train_landmarks/798858.parquet,798858,7562,39256,dog american to to
train_landmarks/360703.parquet,360703,7563,23434,https://www.google.com
train_landmarks/473394.parquet,473394,7564,69429,1-888-456-7890
train_landmarks/695375.parquet,695375,7565,89840,language dog
train_landmarks/797581.parquet,797581,7566,30033,quick computer model project
train_landmarks/991280.parquet,991280,7567,22280,fox jumps project
train_landmarks/302134.parquet,302134,7568,57447,guatemala dataset sign quick
train_landmarks/904460.parquet,904460,7569,54597,(415) 555-8833
train_landmarks/575915.parquet,575915,7570,35203,computer model deep sign
train_landmarks/531986.parquet,531986,7571,15695,the quick
train_landmarks/258065.parquet,258065,7572,19116,1-888-456-7890
train_landmarks/787036.parquet,787036,7573,81426,frequency guatemala
train_landmarks/227127.parquet,227127,7574,58520,to hello engineering learning
train_landmarks/697934.parquet,697934,7575,86622,742 evergreen terrace
train_landmarks/237788.parquet,237788,7576,59823,(555) 234-5678
train_landmarks/952345.parquet,952345,7577,31319,221b baker street
train_landmarks/917643.parquet,917643,7578,74686,learning guatemala fox to accuracy the
train_landmarks/275479.parquet,275479,7579,84341,+1-800-222-3344
train_landmarks/677553.parquet,677553,7580,31319,accuracy frequency
train_landmarks/734397.parquet,734397,7581,59797,(555) 234-5678
train_landmarks/587437.parquet,587437,7582,30033,123 main street apt 4b
train_landmarks/933927.parquet,933927,7583,42087,guatemala university
train_landmarks/149366.parquet,149366,7584,46421,10 downing street london
train_landmarks/672794.parquet,672794,7585,22676,10 downing street london
train_landmarks/466528.parquet,466528,7586,86622,welcome deep to engineering recognition
train_landmarks/702973.parquet,702973,7587,39256,to world model science
train_landmarks/360159.parquet,360159,7588,25014,221b baker street
train_landmarks/405416.parquet,405416,7589,13478,science american guatemala
train_landmarks/209454.parquet,209454,7590,44438,world deep
train_landmarks/141272.parquet,141272,7591,35203,123 main street apt 4b
train_landmarks/782938.parquet,782938,7592,31319,university deep deep analysis
train_landmarks/253340.parquet,253340,7593,24371,https://youtube.com/watch
train_landmarks/373458.parquet,373458,7594,39871,recognition lazy language world
train_landmarks/546425.parquet,546425,7595,94939,science guatemala science analysis language
train_landmarks/828735.parquet,828735,7596,28289,221b baker street
train_landmarks/871516.parquet,871516,7597,93810,sign science computer guatemala
train_landmarks/190222.parquet,190222,7598,54118,https://youtube.com/watch
train_landmarks/579964.parquet,579964,7599,45093,world fox science dog recognition
train_landmarks/664107.parquet,664107,7600,76237,dog project brown over
train_landmarks/702921.parquet,702921,7601,38657,+1-800-222-3344
train_landmarks/214834.parquet,214834,7602,39871,1600 pennsylvania ave
train_landmarks/473685.parquet,473685,7603,40021,sign jumps analysis engineering engineering science
train_landmarks/115298.parquet,115298,7604,51245,(555) 234-5678
train_landmarks/406944.parquet,406944,7605,87236,https://github.com/kaggle
train_landmarks/507873.parquet,507873,7606,87397,221b baker street
train_landmarks/978709.parquet,978709,7607,18326,456 elm st suite 200
train_landmarks/924566.parquet,924566,7608,59797,analysis analysis jumps quick engineering
train_landmarks/915198.parquet,915198,7609,74686,deep guatemala over
train_landmarks/318463.parquet,318463,7610,21915,fox asl analysis engineering engineering
train_landmarks/261794.parquet,261794,7611,28301,the evaluation
train_landmarks/580074.parquet,580074,7612,38893,to recognition asl jumps welcome to
train_landmarks/507224.parquet,507224,7613,57447,742 evergreen terrace
train_landmarks/708524.parquet,708524,7614,28301,frequency to
train_landmarks/614961.parquet,614961,7615,45382,fingerspelling recognition learning
train_landmarks/315523.parquet,315523,7616,26361,http://weather.com/today
train_landmarks/176729.parquet,176729,7617,59797,model fingerspelling vision
train_landmarks/231082.parquet,231082,7618,76237,science university hello analysis
train_landmarks/731309.parquet,731309,7619,56566,frequency accuracy accuracy the american
train_landmarks/145623.parquet,145623,7620,70589,742 evergreen terrace
train_landmarks/622945.parquet,622945,7621,48427,(212) 555-4321
train_landmarks/204137.parquet,204137,7622,93320,hello science engineering
train_landmarks/922014.parquet,922014,7623,48427,1-888-456-7890
train_landmarks/183199.parquet,183199,7624,40021,engineering analysis world asl science
train_landmarks/792393.parquet,792393,7625,30969,dog university project lazy brown
train_landmarks/475167.parquet,475167,7626,64987,accuracy model dataset hello asl
train_landmarks/625958.parquet,625958,7627,57400,742 evergreen terrace
train_landmarks/648953.parquet,648953,7628,83563,https://apple.com/ios
train_landmarks/859623.parquet,859623,7629,99733,742 evergreen terrace
train_landmarks/387366.parquet,387366,7630,75435,1-888-456-7890
train_landmarks/479110.parquet,479110,7631,18326,hello learning
train_landmarks/733719.parquet,733719,7632,22676,over lazy hello language brown
train_landmarks/268855.parquet,268855,7633,60019,https://github.com/kaggle
train_landmarks/704233.parquet,704233,7634,98696,analysis accuracy over welcome evaluation the
train_landmarks/832615.parquet,832615,7635,45382,frequency jumps deep
train_landmarks/403529.parquet,403529,7636,23434,hello evaluation fingerspelling university project to
train_landmarks/967831.parquet,967831,7637,30033,dataset project
train_landmarks/829525.parquet,829525,7638,44993,742 evergreen terrace
train_landmarks/411113.parquet,411113,7639,62581,221b baker street
train_landmarks/717712.parquet,717712,7640,28131,brown fox deep dataset asl vision
train_landmarks/615427.parquet,615427,7641,81426,dataset fingerspelling asl project science
train_landmarks/520343.parquet,520343,7642,42098,engineering quick to the deep
train_landmarks/458637.parquet,458637,7643,24371,recognition welcome analysis
train_landmarks/294034.parquet,294034,7644,15695,www.amazon.com/deals
train_landmarks/165035.parquet,165035,7645,13478,1-888-456-7890
train_landmarks/663385.parquet,663385,7646,69429,jumps language american jumps to dataset
train_landmarks/248628.parquet,248628,7647,45382,(212) 555-4321
train_landmarks/180745.parquet,180745,7648,42098,to quick analysis over model project
train_landmarks/812442.parquet,812442,7649,22676,1-888-456-7890
train_landmarks/552769.parquet,552769,7650,42098,quick asl project welcome
train_landmarks/552767.parquet,552767,7651,47930,(555) 234-5678
train_landmarks/357691.parquet,357691,7652,92240,+1-800-222-3344
train_landmarks/191981.parquet,191981,7653,99166,(555) 234-5678
train_landmarks/303403.parquet,303403,7654,52504,https://github.com/kaggle
train_landmarks/694197.parquet,694197,7655,64987,dog the brown
train_landmarks/217480.parquet,217480,7656,99192,hello the to american welcome sign
train_landmarks/435316.parquet,435316,7657,56566,10 downing street london
train_landmarks/403614.parquet,403614,7658,81426,221b baker street
train_landmarks/511770.parquet,511770,7659,99192,http://wikipedia.org/asl
train_landmarks/389910.parquet,389910,7660,28726,1-888-456-7890
train_landmarks/579680.parquet,579680,7661,75435,project guatemala lazy brown
train_landmarks/575074.parquet,575074,7662,51245,lazy american learning brown dog to
train_landmarks/516721.parquet,516721,7663,10851,science frequency vision lazy model learning
train_landmarks/703107.parquet,703107,7664,54597,10 downing street london
train_landmarks/663293.parquet,663293,7665,45093,1600 pennsylvania ave
train_landmarks/171609.parquet,171609,7666,46421,221b baker street
train_landmarks/247709.parquet,247709,7667,59823,10 downing street london
train_landmarks/505877.parquet,505877,7668,42325,recognition dataset
train_landmarks/216224.parquet,216224,7669,42325,jumps frequency university welcome project
train_landmarks/837863.parquet,837863,7670,69429,lazy accuracy deep sign jumps sign
train_landmarks/479466.parquet,479466,7671,83579,guatemala project science language model
train_landmarks/150972.parquet,150972,7672,76784,https://www.google.com
train_landmarks/237485.parquet,237485,7673,40021,accuracy computer quick evaluation computer
train_landmarks/997645.parquet,997645,7674,46421,model lazy guatemala
train_landmarks/576259.parquet,576259,7675,22676,800-555-0199
train_landmarks/230233.parquet,230233,7676,15695,vision language computer analysis
train_landmarks/866519.parquet,866519,7677,40495,model accuracy learning
train_landmarks/537332.parquet,537332,7678,22676,quick asl science
train_landmarks/327610.parquet,327610,7679,54597,recognition engineering to
train_landmarks/647276.parquet,647276,7680,69429,800-555-0199
train_landmarks/867340.parquet,867340,7681,99192,www.cdc.gov/covid
train_landmarks/438724.parquet,438724,7682,22280,1-888-456-7890
train_landmarks/195780.parquet,195780,7683,95909,dog vision
train_landmarks/429125.parquet,429125,7684,45093,221b baker street
train_landmarks/893475.parquet,893475,7685,14165,brown world over jumps
train_landmarks/396833.parquet,396833,7686,99192,dataset to american
train_landmarks/487000.parquet,487000,7687,80010,https://github.com/kaggle
train_landmarks/873326.parquet,873326,7688,48427,sign frequency vision
train_landmarks/692451.parquet,692451,7689,28726,the hello the university lazy
train_landmarks/125216.parquet,125216,7690,22156,project fox
train_landmarks/684331.parquet,684331,7691,18675,(415) 555-8833
train_landmarks/444504.parquet,444504,7692,39256,university jumps frequency
train_landmarks/597774.parquet,597774,7693,76784,american to hello
train_landmarks/517162.parquet,517162,7694,46434,www.cdc.gov/covid
train_landmarks/565371.parquet,565371,7695,52504,123 main street apt 4b
train_landmarks/453950.parquet,453950,7696,46421,221b baker street
train_landmarks/211924.parquet,211924,7697,62581,(555) 234-5678
train_landmarks/288454.parquet,288454,7698,28301,science to deep recognition accuracy
train_landmarks/705133.parquet,705133,7699,69429,computer over learning
train_landmarks/972697.parquet,972697,7700,83000,http://wikipedia.org/asl
train_landmarks/462540.parquet,462540,7701,69429,http://wikipedia.org/asl
train_landmarks/317783.parquet,317783,7702,92240,vision language science
train_landmarks/595504.parquet,595504,7703,31319,engineering vision welcome over world science
train_landmarks/298121.parquet,298121,7704,76784,+1-800-222-3344
train_landmarks/692415.parquet,692415,7705,86622,www.cdc.gov/covid
train_landmarks/732313.parquet,732313,7706,96673,dog university
train_landmarks/822108.parquet,822108,7707,30379,engineering to dog
train_landmarks/830666.parquet,830666,7708,16006,project university guatemala accuracy
train_landmarks/188369.parquet,188369,7709,28131,fingerspelling deep
train_landmarks/285886.parquet,285886,7710,46421,https://youtube.com/watch
train_landmarks/997974.parquet,997974,7711,97841,recognition quick learning model
train_landmarks/298799.parquet,298799,7712,66155,123 main street apt 4b
train_landmarks/511352.parquet,511352,7713,82357,+1-555-987-6543
train_landmarks/320479.parquet,320479,7714,40021,accuracy fingerspelling fox jumps deep engineering
train_landmarks/841913.parquet,841913,7715,54118,https://www.google.com
train_landmarks/585898.parquet,585898,7716,22280,university guatemala fingerspelling
train_landmarks/624524.parquet,624524,7717,80644,800-555-0199
train_landmarks/584248.parquet,584248,7718,14165,analysis university university welcome project quick
train_landmarks/328903.parquet,328903,7719,22676,+1-800-222-3344
train_landmarks/490209.parquet,490209,7720,74686,(555) 234-5678
train_landmarks/145715.parquet,145715,7721,82357,vision lazy
train_landmarks/247336.parquet,247336,7722,82512,10 downing street london
train_landmarks/544731.parquet,544731,7723,11504,university analysis world asl fingerspelling
train_landmarks/602723.parquet,602723,7724,22676,(415) 555-8833
train_landmarks/424079.parquet,424079,7725,39256,dog world
train_landmarks/541615.parquet,541615,7726,84341,lazy world asl
train_landmarks/780009.parquet,780009,7727,69429,frequency sign university evaluation to
train_landmarks/884926.parquet,884926,7728,13905,123 main street apt 4b
train_landmarks/449067.parquet,449067,7729,51245,www.amazon.com/deals
train_landmarks/619129.parquet,619129,7730,42098,+1-800-222-3344
train_landmarks/171287.parquet,171287,7731,16175,asl evaluation model american language asl
train_landmarks/837815.parquet,837815,7732,83563,university fingerspelling accuracy the
train_landmarks/923804.parquet,923804,7733,88907,learning science welcome
train_landmarks/291195.parquet,291195,7734,68878,dataset sign vision brown language
train_landmarks/292950.parquet,292950,7735,88104,welcome dataset to
train_landmarks/603271.parquet,603271,7736,18675,model lazy vision dog
train_landmarks/515759.parquet,515759,7737,86622,1600 pennsylvania ave
train_landmarks/173491.parquet,173491,7738,19116,(212) 555-4321
train_landmarks/421792.parquet,421792,7739,26361,800-555-0199
train_landmarks/748887.parquet,748887,7740,30379,sign dog
train_landmarks/610331.parquet,610331,7741,57819,1-888-456-7890
train_landmarks/686746.parquet,686746,7742,89840,https://www.google.com
train_landmarks/750047.parquet,750047,7743,52504,vision jumps analysis deep
train_landmarks/735553.parquet,735553,7744,22156,1-888-456-7890
train_landmarks/768950.parquet,768950,7745,60019,742 evergreen terrace
train_landmarks/851094.parquet,851094,7746,38893,language analysis language the
train_landmarks/944377.parquet,944377,7747,42953,10 downing street london
train_landmarks/800044.parquet,800044,7748,13278,lazy quick language sign
train_landmarks/322736.parquet,322736,7749,57819,dataset fingerspelling deep the
train_landmarks/559592.parquet,559592,7750,26361,welcome science asl computer
train_landmarks/821245.parquet,821245,7751,46434,university model deep language welcome
train_landmarks/643204.parquet,643204,7752,80010,123 main street apt 4b
train_landmarks/815418.parquet,815418,7753,40512,sign to
train_landmarks/289548.parquet,289548,7754,39871,10 downing street london
train_landmarks/547924.parquet,547924,7755,75435,(212) 555-4321
train_landmarks/931265.parquet,931265,7756,45093,(212) 555-4321
train_landmarks/693038.parquet,693038,7757,28131,lazy university jumps
train_landmarks/569684.parquet,569684,7758,23396,american computer welcome
train_landmarks/968125.parquet,968125,7759,93886,model recognition over guatemala dataset hello
train_landmarks/285425.parquet,285425,7760,70589,(415) 555-8833
train_landmarks/812965.parquet,812965,7761,92397,(415) 555-8833
train_landmarks/363617.parquet,363617,7762,57819,fingerspelling fox to university world
train_landmarks/864273.parquet,864273,7763,44671,language engineering
train_landmarks/638131.parquet,638131,7764,36062,221b baker street
train_landmarks/953284.parquet,953284,7765,54597,deep guatemala guatemala computer over engineering
train_landmarks/733414.parquet,733414,7766,22280,analysis dataset deep accuracy
train_landmarks/781585.parquet,781585,7767,45093,to sign science learning fingerspelling brown
train_landmarks/799631.parquet,799631,7768,14207,(555) 234-5678
train_landmarks/991388.parquet,991388,7769,60019,dog vision frequency sign sign jumps
train_landmarks/707442.parquet,707442,7770,75435,project recognition accuracy vision
train_landmarks/928360.parquet,928360,7771,28289,guatemala recognition evaluation computer computer
train_landmarks/946256.parquet,946256,7772,24371,www.cdc.gov/covid
train_landmarks/267712.parquet,267712,7773,21915,brown dog
train_landmarks/625519.parquet,625519,7774,59823,quick computer dog
train_landmarks/204234.parquet,204234,7775,70589,123 main street apt 4b
train_landmarks/176751.parquet,176751,7776,11504,accuracy fingerspelling evaluation
train_landmarks/327384.parquet,327384,7777,99593,evaluation recognition over over
train_landmarks/147711.parquet,147711,7778,99192,(555) 234-5678
train_landmarks/675945.parquet,675945,7779,65302,project quick fox computer recognition
train_landmarks/989370.parquet,989370,7780,46463,vision project
train_landmarks/766479.parquet,766479,7781,59823,221b baker street
train_landmarks/831369.parquet,831369,7782,70589,learning deep
train_landmarks/788031.parquet,788031,7783,62350,guatemala asl
train_landmarks/459403.parquet,459403,7784,99166,model over world
train_landmarks/423912.parquet,423912,7785,85674,engineering evaluation american evaluation
train_landmarks/219257.parquet,219257,7786,39256,742 evergreen terrace
train_landmarks/427801.parquet,427801,7787,86622,(212) 555-4321
train_landmarks/419233.parquet,419233,7788,93886,742 evergreen terrace
train_landmarks/219083.parquet,219083,7789,10851,10 downing street london
train_landmarks/161428.parquet,161428,7790,31319,science jumps jumps guatemala analysis model
train_landmarks/155814.parquet,155814,7791,61856,https://github.com/kaggle
train_landmarks/788692.parquet,788692,7792,28301,the frequency university lazy computer language
train_landmarks/219571.parquet,219571,7793,58520,800-555-0199
train_landmarks/275878.parquet,275878,7794,44671,https://www.google.com
train_landmarks/126221.parquet,126221,7795,82512,221b baker street
train_landmarks/844686.parquet,844686,7796,14207,+1-555-987-6543
train_landmarks/831794.parquet,831794,7797,96673,https://github.com/kaggle
train_landmarks/245576.parquet,245576,7798,22676,lazy science over jumps
train_landmarks/145016.parquet,145016,7799,75435,dog fox
train_landmarks/590023.parquet,590023,7800,38221,over guatemala dataset over
train_landmarks/505043.parquet,505043,7801,38893,742 evergreen terrace
train_landmarks/206445.parquet,206445,7802,44993,fingerspelling american
train_landmarks/218425.parquet,218425,7803,55082,accuracy dataset fingerspelling jumps recognition
train_landmarks/288238.parquet,288238,7804,99733,1600 pennsylvania ave
train_landmarks/297973.parquet,297973,7805,40495,dataset science dog the
train_landmarks/279428.parquet,279428,7806,40021,http://weather.com/today
train_landmarks/187733.parquet,187733,7807,57052,1600 pennsylvania ave
train_landmarks/318854.parquet,318854,7808,93810,world deep
train_landmarks/478550.parquet,478550,7809,88907,computer world
train_landmarks/177867.parquet,177867,7810,18326,www.amazon.com/deals
train_landmarks/128802.parquet,128802,7811,16175,1600 pennsylvania ave
train_landmarks/102756.parquet,102756,7812,30379,welcome language fingerspelling american brown evaluation
train_landmarks/628700.parquet,628700,7813,28301,(212) 555-4321
train_landmarks/739601.parquet,739601,7814,93886,10 downing street london
train_landmarks/107274.parquet,107274,7815,42953,engineering vision asl
train_landmarks/791933.parquet,791933,7816,91070,(555) 234-5678
train_landmarks/456245.parquet,456245,7817,45093,welcome learning the
train_landmarks/621719.parquet,621719,7818,98696,over vision engineering dog learning
train_landmarks/675141.parquet,675141,7819,35203,(555) 234-5678
train_landmarks/223527.parquet,223527,7820,71348,analysis jumps to brown over model
train_landmarks/368035.parquet,368035,7821,19358,https://github.com/kaggle
train_landmarks/991113.parquet,991113,7822,57052,742 evergreen terrace
train_landmarks/176541.parquet,176541,7823,76237,quick the world fingerspelling brown deep
train_landmarks/769030.parquet,769030,7824,84341,frequency project brown brown
train_landmarks/151405.parquet,151405,7825,40021,sign university frequency language
train_landmarks/634999.parquet,634999,7826,91070,computer brown analysis
train_landmarks/923581.parquet,923581,7827,60019,science vision
train_landmarks/126465.parquet,126465,7828,46048,1600 pennsylvania ave
train_landmarks/669402.parquet,669402,7829,44671,sign vision fox
train_landmarks/165473.parquet,165473,7830,99192,engineering guatemala
train_landmarks/387702.parquet,387702,7831,70217,learning american deep project
train_landmarks/536305.parquet,536305,7832,23396,frequency jumps language dataset fox quick
train_landmarks/260724.parquet,260724,7833,94939,fingerspelling welcome university project guatemala
train_landmarks/895221.parquet,895221,7834,38746,analysis vision language
train_landmarks/363803.parquet,363803,7835,13905,guatemala welcome american over
train_landmarks/582815.parquet,582815,7836,60432,frequency dataset quick university
train_landmarks/767010.parquet,767010,7837,80644,sign sign language
train_landmarks/921916.parquet,921916,7838,87236,(415) 555-8833
train_landmarks/626417.parquet,626417,7839,51245,456 elm st suite 200
train_landmarks/279723.parquet,279723,7840,57400,dog learning learning
train_landmarks/817710.parquet,817710,7841,19116,learning hello analysis
train_landmarks/742155.parquet,742155,7842,42325,1-888-456-7890
train_landmarks/520357.parquet,520357,7843,71348,learning accuracy welcome
train_landmarks/502783.parquet,502783,7844,88907,+1-555-987-6543
train_landmarks/379515.parquet,379515,7845,47930,www.nytimes.com/world
train_landmarks/360531.parquet,360531,7846,57819,welcome evaluation accuracy
train_landmarks/463649.parquet,463649,7847,91070,https://github.com/kaggle
train_landmarks/732092.parquet,732092,7848,48427,https://apple.com/ios
train_landmarks/536530.parquet,536530,7849,28289,over engineering project to engineering
train_landmarks/336713.parquet,336713,7850,45093,analysis university computer quick
train_landmarks/209429.parquet,209429,7851,40512,123 main street apt 4b
train_landmarks/357785.parquet,357785,7852,10851,(555) 234-5678
train_landmarks/222359.parquet,222359,7853,62350,800-555-0199
train_landmarks/196328.parquet,196328,7854,86622,10 downing street london
train_landmarks/305777.parquet,305777,7855,31319,(415) 555-8833
train_landmarks/460048.parquet,460048,7856,89131,+1-800-222-3344
train_landmarks/535790.parquet,535790,7857,17331,800-555-0199
train_landmarks/938557.parquet,938557,7858,57052,fingerspelling analysis lazy project world hello
train_landmarks/480706.parquet,480706,7859,30379,dataset analysis
train_landmarks/421370.parquet,421370,7860,75435,+1-800-222-3344
train_landmarks/404601.parquet,404601,7861,39256,brown project
train_landmarks/378017.parquet,378017,7862,65302,world language project world
train_landmarks/902484.parquet,902484,7863,93810,sign world frequency evaluation asl american
train_landmarks/484919.parquet,484919,7864,81426,http://wikipedia.org/asl
train_landmarks/228992.parquet,228992,7865,98696,world american computer analysis vision
train_landmarks/402276.parquet,402276,7866,25014,1-888-456-7890
train_landmarks/625450.parquet,625450,7867,57052,hello dataset welcome
train_landmarks/783476.parquet,783476,7868,95181,sign american evaluation language fox dog
train_landmarks/102202.parquet,102202,7869,38221,www.amazon.com/deals
train_landmarks/948844.parquet,948844,7870,18326,www.amazon.com/deals
train_landmarks/782533.parquet,782533,7871,56566,https://apple.com/ios
train_landmarks/330939.parquet,330939,7872,92397,analysis over deep dog to
train_landmarks/588151.parquet,588151,7873,16175,over welcome lazy brown learning fox
train_landmarks/363186.parquet,363186,7874,35203,1600 pennsylvania ave
train_landmarks/350202.parquet,350202,7875,26361,vision model asl over lazy quick
train_landmarks/957703.parquet,957703,7876,65392,computer the fingerspelling dataset
train_landmarks/508164.parquet,508164,7877,91070,https://www.google.com
train_landmarks/495963.parquet,495963,7878,15695,computer dog science welcome fox accuracy
train_landmarks/937790.parquet,937790,7879,62581,sign american
train_landmarks/834059.parquet,834059,7880,55082,to science frequency hello brown
train_landmarks/709545.parquet,709545,7881,42087,http://wikipedia.org/asl
train_landmarks/272689.parquet,272689,7882,98696,123 main street apt 4b
train_landmarks/862469.parquet,862469,7883,46463,fingerspelling the
train_landmarks/366673.parquet,366673,7884,96673,university project language
train_landmarks/950767.parquet,950767,7885,18326,accuracy guatemala american dog jumps
train_landmarks/281038.parquet,281038,7886,91070,https://youtube.com/watch
train_landmarks/183831.parquet,183831,7887,14207,(415) 555-8833
train_landmarks/747075.parquet,747075,7888,22156,asl frequency computer
train_landmarks/899916.parquet,899916,7889,88907,221b baker street
train_landmarks/953974.parquet,953974,7890,23434,american hello quick brown brown
train_landmarks/188895.parquet,188895,7891,44671,+1-555-987-6543
train_landmarks/243041.parquet,243041,7892,81426,(555) 234-5678
train_landmarks/772806.parquet,772806,7893,68878,456 elm st suite 200
train_landmarks/277817.parquet,277817,7894,28726,+1-800-222-3344
train_landmarks/659163.parquet,659163,7895,13278,learning to
train_landmarks/486100.parquet,486100,7896,93227,(415) 555-8833
train_landmarks/984009.parquet,984009,7897,91070,221b baker street
train_landmarks/843112.parquet,843112,7898,58520,project welcome project science
train_landmarks/890124.parquet,890124,7899,32431,american recognition the welcome project project
train_landmarks/960665.parquet,960665,7900,44671,frequency lazy science the welcome computer
train_landmarks/142321.parquet,142321,7901,89131,123 main street apt 4b
train_landmarks/734644.parquet,734644,7902,75435,(415) 555-8833
train_landmarks/661497.parquet,661497,7903,16175,https://www.google.com
train_landmarks/909375.parquet,909375,7904,46463,+1-800-222-3344
train_landmarks/341052.parquet,341052,7905,14165,to accuracy dataset
train_landmarks/239846.parquet,239846,7906,30969,computer computer guatemala science the computer
train_landmarks/321751.parquet,321751,7907,82357,10 downing street london
train_landmarks/590736.parquet,590736,7908,89840,the american model accuracy brown
train_landmarks/192906.parquet,192906,7909,48427,asl vision asl
train_landmarks/979189.parquet,979189,7910,88907,sign frequency
train_landmarks/237002.parquet,237002,7911,59735,recognition brown to evaluation
train_landmarks/763960.parquet,763960,7912,97841,(212) 555-4321
train_landmarks/491644.parquet,491644,7913,30926,800-555-0199
train_landmarks/940017.parquet,940017,7914,69429,800-555-0199
train_landmarks/593490.parquet,593490,7915,44438,welcome model learning fingerspelling deep to
train_landmarks/911669.parquet,911669,7916,59735,123 main street apt 4b
train_landmarks/609440.parquet,609440,7917,14165,language dataset learning dataset
train_landmarks/886339.parquet,886339,7918,89840,(555) 234-5678
train_landmarks/278743.parquet,278743,7919,37653,+1-555-987-6543
train_landmarks/957492.parquet,957492,7920,80644,fingerspelling accuracy model quick
train_landmarks/791715.parquet,791715,7921,99733,1600 pennsylvania ave
train_landmarks/910400.parquet,910400,7922,81426,800-555-0199
train_landmarks/993300.parquet,993300,7923,51245,10 downing street london
train_landmarks/283664.parquet,283664,7924,62581,deep model science frequency lazy computer
train_landmarks/620461.parquet,620461,7925,42098,+1-800-222-3344
train_landmarks/713208.parquet,713208,7926,39871,computer jumps model vision to quick
train_landmarks/100966.parquet,100966,7927,26361,http://weather.com/today
train_landmarks/896506.parquet,896506,7928,62581,http://wikipedia.org/asl
train_landmarks/235164.parquet,235164,7929,54597,(212) 555-4321
train_landmarks/691640.parquet,691640,7930,59735,analysis dog deep to learning
train_landmarks/311514.parquet,311514,7931,99192,frequency asl hello over world brown
train_landmarks/237196.parquet,237196,7932,86622,the quick to
train_landmarks/123511.parquet,123511,7933,99192,123 main street apt 4b
train_landmarks/314426.parquet,314426,7934,11504,(212) 555-4321
train_landmarks/179932.parquet,179932,7935,24592,www.nytimes.com/world
train_landmarks/651107.parquet,651107,7936,99733,456 elm st suite 200
train_landmarks/250914.parquet,250914,7937,39871,analysis engineering analysis lazy dog
train_landmarks/632245.parquet,632245,7938,21915,http://wikipedia.org/asl
train_landmarks/846479.parquet,846479,7939,23396,project accuracy
train_landmarks/944522.parquet,944522,7940,11504,123 main street apt 4b
train_landmarks/312160.parquet,312160,7941,83000,brown accuracy world
train_landmarks/191055.parquet,191055,7942,80644,hello vision frequency quick
train_landmarks/289513.parquet,289513,7943,65302,university brown project language quick over
train_landmarks/170059.parquet,170059,7944,46463,https://github.com/kaggle
train_landmarks/535687.parquet,535687,7945,28726,10 downing street london
train_landmarks/533266.parquet,533266,7946,46048,456 elm st suite 200
train_landmarks/921163.parquet,921163,7947,57447,123 main street apt 4b
train_landmarks/994762.parquet,994762,7948,13278,456 elm st suite 200
train_landmarks/495811.parquet,495811,7949,40021,1600 pennsylvania ave
train_landmarks/413309.parquet,413309,7950,92397,742 evergreen terrace
train_landmarks/318132.parquet,318132,7951,93886,1-888-456-7890
train_landmarks/216210.parquet,216210,7952,18675,lazy evaluation learning fox
train_landmarks/152976.parquet,152976,7953,20328,https://github.com/kaggle
train_landmarks/702090.parquet,702090,7954,22280,123 main street apt 4b
train_landmarks/346456.parquet,346456,7955,81482,computer dataset lazy hello vision frequency
train_landmarks/315770.parquet,315770,7956,59735,10 downing street london
train_landmarks/173225.parquet,173225,7957,56566,10 downing street london
train_landmarks/645282.parquet,645282,7958,61856,10 downing street london
train_landmarks/923620.parquet,923620,7959,56566,https://www.google.com
train_landmarks/250214.parquet,250214,7960,47930,742 evergreen terrace
train_landmarks/553157.parquet,553157,7961,19116,https://youtube.com/watch
train_landmarks/114895.parquet,114895,7962,42098,1600 pennsylvania ave
train_landmarks/852144.parquet,852144,7963,26361,http://wikipedia.org/asl
train_landmarks/882604.parquet,882604,7964,11504,accuracy project over university
train_landmarks/540470.parquet,540470,7965,16175,engineering dataset hello jumps learning model
train_landmarks/707019.parquet,707019,7966,80284,742 evergreen terrace
train_landmarks/282729.parquet,282729,7967,59735,science welcome
train_landmarks/601204.parquet,601204,7968,76784,over quick dog accuracy
train_landmarks/478771.parquet,478771,7969,59823,science evaluation over
train_landmarks/672730.parquet,672730,7970,13278,+1-555-987-6543
train_landmarks/656502.parquet,656502,7971,87397,recognition brown deep model recognition guatemala
train_landmarks/970476.parquet,970476,7972,56566,asl learning
train_landmarks/755297.parquet,755297,7973,42953,world model asl engineering engineering science
train_landmarks/904735.parquet,904735,7974,18675,123 main street apt 4b
train_landmarks/964725.parquet,964725,7975,21395,hello guatemala
train_landmarks/278126.parquet,278126,7976,46463,123 main street apt 4b
train_landmarks/995289.parquet,995289,7977,28301,american asl hello analysis evaluation
train_landmarks/626496.parquet,626496,7978,76784,recognition to quick analysis world
train_landmarks/573355.parquet,573355,7979,83000,deep dog american evaluation guatemala analysis
train_landmarks/878991.parquet,878991,7980,40021,https://apple.com/ios
train_landmarks/831569.parquet,831569,7981,42098,http://weather.com/today
train_landmarks/798384.parquet,798384,7982,28131,www.nytimes.com/world
train_landmarks/845627.parquet,845627,7983,83579,www.nytimes.com/world
train_landmarks/353035.parquet,353035,7984,59797,+1-800-222-3344
train_landmarks/543922.parquet,543922,7985,51245,https://github.com/kaggle
train_landmarks/210987.parquet,210987,7986,54597,123 main street apt 4b
train_landmarks/795858.parquet,795858,7987,39256,(415) 555-8833
train_landmarks/610999.parquet,610999,7988,30926,accuracy dataset asl
train_landmarks/381222.parquet,381222,7989,87236,1600 pennsylvania ave
train_landmarks/983982.parquet,983982,7990,26361,+1-555-987-6543
train_landmarks/402599.parquet,402599,7991,47930,learning vision lazy jumps language fingerspelling
train_landmarks/820650.parquet,820650,7992,56566,university guatemala deep fingerspelling
train_landmarks/510267.parquet,510267,7993,93320,brown to project deep asl fingerspelling
train_landmarks/536627.parquet,536627,7994,22676,https://youtube.com/watch
train_landmarks/534721.parquet,534721,7995,42098,analysis engineering language fingerspelling dataset asl
train_landmarks/527118.parquet,527118,7996,93886,language asl fox fingerspelling
train_landmarks/175236.parquet,175236,7997,35203,1-888-456-7890
train_landmarks/450456.parquet,450456,7998,89131,123 main street apt 4b
train_landmarks/296467.parquet,296467,7999,16175,www.amazon.com/deals
train_landmarks/178265.parquet,178265,8000,61856,fingerspelling fingerspelling recognition brown
train_landmarks/252383.parquet,252383,8001,21915,analysis science dataset welcome model
train_landmarks/833708.parquet,833708,8002,31319,american welcome project dataset american computer
train_landmarks/528188.parquet,528188,8003,13478,language university
train_landmarks/161294.parquet,161294,8004,18675,456 elm st suite 200
train_landmarks/757430.parquet,757430,8005,65392,https://github.com/kaggle
train_landmarks/507561.parquet,507561,8006,59823,over to language
train_landmarks/182398.parquet,182398,8007,98696,123 main street apt 4b
train_landmarks/346478.parquet,346478,8008,28131,http://wikipedia.org/asl
train_landmarks/240659.parquet,240659,8009,88907,456 elm st suite 200
train_landmarks/714895.parquet,714895,8010,99192,fox asl
train_landmarks/213161.parquet,213161,8011,21915,language american
train_landmarks/545904.parquet,545904,8012,69429,(415) 555-8833
train_landmarks/783237.parquet,783237,8013,61856,https://apple.com/ios
train_landmarks/480445.parquet,480445,8014,38785,accuracy the accuracy
train_landmarks/282218.parquet,282218,8015,86622,(212) 555-4321
train_landmarks/297722.parquet,297722,8016,40512,456 elm st suite 200
train_landmarks/316095.parquet,316095,8017,42325,american asl computer world
train_landmarks/903577.parquet,903577,8018,69429,accuracy the world the
train_landmarks/844421.parquet,844421,8019,18326,www.cdc.gov/covid
train_landmarks/591544.parquet,591544,8020,31319,800-555-0199
train_landmarks/888945.parquet,888945,8021,69429,https://apple.com/ios
train_landmarks/282572.parquet,282572,8022,42325,frequency engineering lazy accuracy
train_landmarks/233509.parquet,233509,8023,57447,evaluation model brown
train_landmarks/683835.parquet,683835,8024,89840,the hello engineering
train_landmarks/103466.parquet,103466,8025,87236,frequency deep learning welcome vision
train_landmarks/533144.parquet,533144,8026,69429,language lazy
train_landmarks/780984.parquet,780984,8027,42953,learning fox
train_landmarks/271525.parquet,271525,8028,70142,project accuracy
train_landmarks/131478.parquet,131478,8029,62350,vision fingerspelling asl
train_landmarks/511338.parquet,511338,8030,42098,welcome over brown hello fingerspelling frequency
train_landmarks/709760.parquet,709760,8031,69429,the lazy deep computer
train_landmarks/851960.parquet,851960,8032,40021,(415) 555-8833
train_landmarks/730422.parquet,730422,8033,28131,(555) 234-5678
train_landmarks/973047.parquet,973047,8034,28289,+1-555-987-6543
train_landmarks/329331.parquet,329331,8035,74686,10 downing street london
train_landmarks/307550.parquet,307550,8036,89840,vision over
train_landmarks/363122.parquet,363122,8037,10851,model science deep
train_landmarks/534688.parquet,534688,8038,15695,742 evergreen terrace
train_landmarks/710320.parquet,710320,8039,57052,accuracy model
train_landmarks/867118.parquet,867118,8040,99593,+1-555-987-6543
train_landmarks/522375.parquet,522375,8041,28289,brown accuracy jumps frequency fingerspelling over
train_landmarks/990466.parquet,990466,8042,81426,accuracy recognition american over
train_landmarks/858359.parquet,858359,8043,62350,dog american over the learning welcome
train_landmarks/389970.parquet,389970,8044,13478,american hello brown fingerspelling brown
train_landmarks/998753.parquet,998753,8045,30379,456 elm st suite 200
train_landmarks/979907.parquet,979907,8046,69429,221b baker street
train_landmarks/274612.parquet,274612,8047,56566,fox language welcome hello university
train_landmarks/798781.parquet,798781,8048,28726,language language hello
train_landmarks/916522.parquet,916522,8049,46434,(415) 555-8833
train_landmarks/993866.parquet,993866,8050,83579,dataset welcome project accuracy
train_landmarks/529160.parquet,529160,8051,83000,learning dog
train_landmarks/668676.parquet,668676,8052,38657,to to evaluation guatemala university
train_landmarks/841378.parquet,841378,8053,81426,learning recognition
train_landmarks/855250.parquet,855250,8054,40512,456 elm st suite 200
train_landmarks/640612.parquet,640612,8055,35203,800-555-0199
train_landmarks/691733.parquet,691733,8056,61856,guatemala dataset dataset asl
train_landmarks/116006.parquet,116006,8057,70589,evaluation brown vision quick asl language
train_landmarks/443072.parquet,443072,8058,85674,quick sign sign engineering science
train_landmarks/100751.parquet,100751,8059,38893,analysis analysis
train_landmarks/764678.parquet,764678,8060,46421,guatemala fox brown the university computer
train_landmarks/515254.parquet,515254,8061,42087,engineering science guatemala lazy science
train_landmarks/409579.parquet,409579,8062,47930,dog analysis to project project fox
train_landmarks/759477.parquet,759477,8063,56566,fingerspelling frequency american world
train_landmarks/987633.parquet,987633,8064,38893,(212) 555-4321
train_landmarks/612877.parquet,612877,8065,14207,1600 pennsylvania ave
train_landmarks/373300.parquet,373300,8066,74686,456 elm st suite 200
train_landmarks/311001.parquet,311001,8067,59797,asl learning
train_landmarks/105911.parquet,105911,8068,31319,hello science language sign
train_landmarks/882514.parquet,882514,8069,82512,dataset sign
train_landmarks/627028.parquet,627028,8070,26361,742 evergreen terrace
train_landmarks/160957.parquet,160957,8071,45382,dog fox guatemala accuracy
train_landmarks/542941.parquet,542941,8072,65302,jumps hello american american quick
train_landmarks/134252.parquet,134252,8073,93886,quick the brown world jumps welcome
train_landmarks/925713.parquet,925713,8074,65302,10 downing street london
train_landmarks/113627.parquet,113627,8075,88104,http://wikipedia.org/asl
train_landmarks/708076.parquet,708076,8076,37869,science sign
train_landmarks/435781.parquet,435781,8077,83579,(212) 555-4321
train_landmarks/895110.parquet,895110,8078,84341,dataset world model dataset
train_landmarks/343245.parquet,343245,8079,59735,language world
train_landmarks/320901.parquet,320901,8080,46434,https://apple.com/ios
train_landmarks/433401.parquet,433401,8081,21915,american sign jumps lazy the
train_landmarks/408064.parquet,408064,8082,88104,https://apple.com/ios
train_landmarks/768363.parquet,768363,8083,58520,+1-800-222-3344
train_landmarks/844202.parquet,844202,8084,18326,(415) 555-8833
train_landmarks/171055.parquet,171055,8085,70589,https://www.google.com
train_landmarks/305855.parquet,305855,8086,94939,world dataset recognition over recognition brown
train_landmarks/290254.parquet,290254,8087,69429,456 elm st suite 200
train_landmarks/751635.parquet,751635,8088,54597,quick deep evaluation jumps language learning
train_landmarks/812382.parquet,812382,8089,93810,456 elm st suite 200
train_landmarks/508094.parquet,508094,8090,38221,engineering asl
train_landmarks/273349.parquet,273349,8091,56566,recognition welcome engineering brown lazy guatemala
train_landmarks/424788.parquet,424788,8092,91070,https://github.com/kaggle
train_landmarks/691580.parquet,691580,8093,46434,language sign world deep vision
train_landmarks/122384.parquet,122384,8094,11504,lazy dog deep language lazy computer
train_landmarks/817313.parquet,817313,8095,82357,over dataset
train_landmarks/354128.parquet,354128,8096,69429,project to
train_landmarks/423923.parquet,423923,8097,13478,welcome dog model fox accuracy american
train_landmarks/159223.parquet,159223,8098,39256,456 elm st suite 200
train_landmarks/525713.parquet,525713,8099,28301,brown jumps learning frequency vision
train_landmarks/679518.parquet,679518,8100,80010,frequency quick
train_landmarks/263667.parquet,263667,8101,28726,welcome science quick american dataset
train_landmarks/294720.parquet,294720,8102,95181,+1-800-222-3344
train_landmarks/113567.parquet,113567,8103,80010,(555) 234-5678
train_landmarks/496436.parquet,496436,8104,22156,221b baker street
train_landmarks/605596.parquet,605596,8105,46421,www.cdc.gov/covid
train_landmarks/379223.parquet,379223,8106,24592,vision over welcome dataset project
train_landmarks/298540.parquet,298540,8107,13478,recognition fingerspelling guatemala learning
train_landmarks/199347.parquet,199347,8108,44671,welcome science evaluation to
train_landmarks/854110.parquet,854110,8109,40495,1600 pennsylvania ave
train_landmarks/810853.parquet,810853,8110,99166,sign engineering welcome learning vision guatemala
train_landmarks/701300.parquet,701300,8111,44671,accuracy asl
train_landmarks/209291.parquet,209291,8112,13478,model welcome
train_landmarks/553803.parquet,553803,8113,10851,123 main street apt 4b
train_landmarks/925592.parquet,925592,8114,59735,+1-800-222-3344
train_landmarks/461044.parquet,461044,8115,98696,www.nytimes.com/world
train_landmarks/548606.parquet,548606,8116,21915,(212) 555-4321
train_landmarks/618463.parquet,618463,8117,71348,quick fingerspelling frequency engineering
train_landmarks/109694.parquet,109694,8118,54118,lazy dataset engineering frequency dog science
train_landmarks/836674.parquet,836674,8119,46434,www.nytimes.com/world
train_landmarks/435584.parquet,435584,8120,46048,quick university world dataset to
train_landmarks/312599.parquet,312599,8121,40021,evaluation recognition hello
train_landmarks/753963.parquet,753963,8122,39871,jumps evaluation science to
train_landmarks/432180.parquet,432180,8123,22676,learning frequency university vision
train_landmarks/521976.parquet,521976,8124,65392,1-888-456-7890
train_landmarks/107923.parquet,107923,8125,40021,accuracy guatemala engineering
train_landmarks/874882.parquet,874882,8126,39871,project asl vision
train_landmarks/883748.parquet,883748,8127,87236,learning deep university
train_landmarks/496187.parquet,496187,8128,45093,guatemala hello fingerspelling accuracy guatemala
train_landmarks/326072.parquet,326072,8129,32431,lazy language
train_landmarks/783097.parquet,783097,8130,21915,language science frequency lazy sign
train_landmarks/698524.parquet,698524,8131,40495,university accuracy over
train_landmarks/859068.parquet,859068,8132,42325,brown accuracy guatemala university
train_landmarks/835783.parquet,835783,8133,62581,1-888-456-7890
train_landmarks/890278.parquet,890278,8134,40495,lazy dog recognition frequency fox
train_landmarks/626175.parquet,626175,8135,18675,1600 pennsylvania ave
train_landmarks/485935.parquet,485935,8136,59823,+1-800-222-3344
train_landmarks/665346.parquet,665346,8137,60432,sign sign university dog
train_landmarks/373970.parquet,373970,8138,36062,analysis to
train_landmarks/335570.parquet,335570,8139,40021,www.cdc.gov/covid
train_landmarks/629621.parquet,629621,8140,57400,(212) 555-4321
train_landmarks/300051.parquet,300051,8141,88104,1600 pennsylvania ave
train_landmarks/742119.parquet,742119,8142,80284,www.nytimes.com/world
train_landmarks/707725.parquet,707725,8143,71348,guatemala to fox model american learning
train_landmarks/786025.parquet,786025,8144,30969,https://github.com/kaggle
train_landmarks/254936.parquet,254936,8145,22676,quick fingerspelling frequency fingerspelling
train_landmarks/662295.parquet,662295,8146,86622,1600 pennsylvania ave
train_landmarks/755472.parquet,755472,8147,25014,(212) 555-4321
train_landmarks/505380.parquet,505380,8148,22156,https://apple.com/ios
train_landmarks/964032.parquet,964032,8149,40512,over the over to science sign
train_landmarks/929868.parquet,929868,8150,56566,fingerspelling university vision asl
train_landmarks/181824.parquet,181824,8151,89131,123 main street apt 4b
train_landmarks/117245.parquet,117245,8152,13278,asl fox over fingerspelling
train_landmarks/259644.parquet,259644,8153,46421,dog lazy
train_landmarks/524909.parquet,524909,8154,57052,742 evergreen terrace
train_landmarks/640610.parquet,640610,8155,59823,evaluation deep world brown
train_landmarks/194691.parquet,194691,8156,38893,123 main street apt 4b
train_landmarks/366471.parquet,366471,8157,16175,frequency deep dog
train_landmarks/199632.parquet,199632,8158,84341,http://wikipedia.org/asl
train_landmarks/507045.parquet,507045,8159,65302,456 elm st suite 200
train_landmarks/552494.parquet,552494,8160,40021,+1-800-222-3344
train_landmarks/250656.parquet,250656,8161,40021,model welcome world the
train_landmarks/766538.parquet,766538,8162,88104,221b baker street
train_landmarks/994997.parquet,994997,8163,93810,over language brown
train_landmarks/978218.parquet,978218,8164,54118,https://www.google.com
train_landmarks/636294.parquet,636294,8165,88172,456 elm st suite 200
train_landmarks/183675.parquet,183675,8166,18326,https://youtube.com/watch
train_landmarks/883765.parquet,883765,8167,95909,https://www.google.com
train_landmarks/291528.parquet,291528,8168,44718,world recognition
train_landmarks/768092.parquet,768092,8169,65302,http://weather.com/today
train_landmarks/742235.parquet,742235,8170,56566,american computer fox
train_landmarks/962796.parquet,962796,8171,30379,analysis world guatemala
train_landmarks/536640.parquet,536640,8172,87236,456 elm st suite 200
train_landmarks/672196.parquet,672196,8173,62350,engineering frequency dog model
train_landmarks/179852.parquet,179852,8174,13478,742 evergreen terrace
train_landmarks/286331.parquet,286331,8175,69429,over lazy sign lazy
train_landmarks/379001.parquet,379001,8176,18326,project accuracy
train_landmarks/773436.parquet,773436,8177,46463,dataset computer asl over vision
train_landmarks/126774.parquet,126774,8178,11504,model science
train_landmarks/198865.parquet,198865,8179,25014,+1-555-987-6543
train_landmarks/345351.parquet,345351,8180,89840,evaluation american brown
train_landmarks/577187.parquet,577187,8181,38893,to dataset brown language
train_landmarks/938484.parquet,938484,8182,15695,world evaluation over
train_landmarks/106067.parquet,106067,8183,20458,american deep language
train_landmarks/473857.parquet,473857,8184,44671,quick recognition engineering
train_landmarks/471421.parquet,471421,8185,22676,www.nytimes.com/world
train_landmarks/511540.parquet,511540,8186,82512,engineering over
train_landmarks/736776.parquet,736776,8187,81426,1600 pennsylvania ave
train_landmarks/147696.parquet,147696,8188,75435,project dog
train_landmarks/847063.parquet,847063,8189,93810,http://wikipedia.org/asl
train_landmarks/342938.parquet,342938,8190,45382,dog hello guatemala dataset
train_landmarks/483123.parquet,483123,8191,99192,www.cdc.gov/covid
train_landmarks/609968.parquet,609968,8192,57052,(212) 555-4321
train_landmarks/953628.parquet,953628,8193,46463,800-555-0199
train_landmarks/688412.parquet,688412,8194,40021,+1-555-987-6543
train_landmarks/410051.parquet,410051,8195,37869,https://github.com/kaggle
train_landmarks/605236.parquet,605236,8196,45093,hello recognition recognition over
train_landmarks/866867.parquet,866867,8197,15695,dataset the dog the
train_landmarks/530846.parquet,530846,8198,23396,world fingerspelling
train_landmarks/357731.parquet,357731,8199,88104,vision sign accuracy welcome quick model
train_landmarks/803668.parquet,803668,8200,99192,vision to the welcome language
train_landmarks/321672.parquet,321672,8201,69429,123 main street apt 4b
train_landmarks/209862.parquet,209862,8202,76784,https://www.google.com
train_landmarks/606779.parquet,606779,8203,69429,+1-555-987-6543
train_landmarks/593376.parquet,593376,8204,20458,language deep project
train_landmarks/607956.parquet,607956,8205,81426,the learning
train_landmarks/473864.parquet,473864,8206,20458,10 downing street london
train_landmarks/628613.parquet,628613,8207,94939,fingerspelling deep american lazy world world
train_landmarks/496739.parquet,496739,8208,46048,742 evergreen terrace
train_landmarks/563977.parquet,563977,8209,59823,https://youtube.com/watch
train_landmarks/496828.parquet,496828,8210,42325,frequency accuracy hello jumps
train_landmarks/685450.parquet,685450,8211,45093,https://www.google.com
train_landmarks/302333.parquet,302333,8212,52504,221b baker street
train_landmarks/320941.parquet,320941,8213,99192,to frequency accuracy
train_landmarks/811333.parquet,811333,8214,13278,the dog hello asl
train_landmarks/521688.parquet,521688,8215,93227,https://youtube.com/watch
train_landmarks/737220.parquet,737220,8216,83579,project science jumps university
train_landmarks/539076.parquet,539076,8217,19358,university dog dataset science fingerspelling sign
train_landmarks/582274.parquet,582274,8218,70217,1600 pennsylvania ave
train_landmarks/974750.parquet,974750,8219,13478,hello hello
train_landmarks/504198.parquet,504198,8220,30033,computer analysis american
train_landmarks/892582.parquet,892582,8221,69429,lazy computer
train_landmarks/475281.parquet,475281,8222,24371,+1-555-987-6543
train_landmarks/242238.parquet,242238,8223,70589,quick vision engineering lazy recognition
train_landmarks/686000.parquet,686000,8224,62581,world frequency fox
train_landmarks/366295.parquet,366295,8225,86622,american learning project welcome dataset lazy
train_landmarks/785982.parquet,785982,8226,14207,456 elm st suite 200
train_landmarks/138735.parquet,138735,8227,19116,1-888-456-7890
train_landmarks/745879.parquet,745879,8228,56566,https://youtube.com/watch
train_landmarks/581108.parquet,581108,8229,86622,welcome model asl frequency language guatemala
train_landmarks/344333.parquet,344333,8230,91070,evaluation quick
train_landmarks/310313.parquet,310313,8231,85674,the project analysis fingerspelling
train_landmarks/990155.parquet,990155,8232,14165,university sign
train_landmarks/882047.parquet,882047,8233,99192,http://wikipedia.org/asl
train_landmarks/840044.parquet,840044,8234,65302,science vision analysis quick
train_landmarks/997043.parquet,997043,8235,40021,accuracy analysis american
train_landmarks/931512.parquet,931512,8236,39871,accuracy deep science university recognition
train_landmarks/506014.parquet,506014,8237,16006,456 elm st suite 200
train_landmarks/289832.parquet,289832,8238,45093,800-555-0199
train_landmarks/423174.parquet,423174,8239,98696,quick sign
train_landmarks/447931.parquet,447931,8240,45382,221b baker street
train_landmarks/848553.parquet,848553,8241,28301,742 evergreen terrace
train_landmarks/252449.parquet,252449,8242,28131,456 elm st suite 200
train_landmarks/827962.parquet,827962,8243,38893,+1-800-222-3344
train_landmarks/169914.parquet,169914,8244,92240,model recognition fox
train_landmarks/990761.parquet,990761,8245,40021,221b baker street
train_landmarks/754094.parquet,754094,8246,24371,american university over recognition deep brown
train_landmarks/523975.parquet,523975,8247,57819,https://apple.com/ios
train_landmarks/406397.parquet,406397,8248,89840,www.amazon.com/deals
train_landmarks/810291.parquet,810291,8249,99192,frequency lazy learning brown
train_landmarks/933409.parquet,933409,8250,30969,(212) 555-4321
train_landmarks/536550.parquet,536550,8251,46434,1-888-456-7890
train_landmarks/436451.parquet,436451,8252,22676,456 elm st suite 200
train_landmarks/618016.parquet,618016,8253,35203,http://wikipedia.org/asl
train_landmarks/556347.parquet,556347,8254,85674,hello learning model hello
train_landmarks/420262.parquet,420262,8255,57052,https://www.google.com
train_landmarks/882600.parquet,882600,8256,22676,evaluation asl
train_landmarks/147328.parquet,147328,8257,21915,http://wikipedia.org/asl
train_landmarks/153389.parquet,153389,8258,81482,guatemala quick evaluation computer
train_landmarks/266625.parquet,266625,8259,62581,dataset over language vision welcome accuracy
train_landmarks/261343.parquet,261343,8260,68878,123 main street apt 4b
train_landmarks/878715.parquet,878715,8261,20328,1-888-456-7890
train_landmarks/845728.parquet,845728,8262,23434,10 downing street london
train_landmarks/728314.parquet,728314,8263,22676,www.amazon.com/deals
train_landmarks/220489.parquet,220489,8264,44718,project lazy fingerspelling computer frequency engineering
train_landmarks/566989.parquet,566989,8265,30033,american model model learning
train_landmarks/799396.parquet,799396,8266,46421,guatemala project brown
train_landmarks/162744.parquet,162744,8267,69429,lazy recognition deep to
train_landmarks/848627.parquet,848627,8268,69429,deep american fox welcome learning
train_landmarks/102120.parquet,102120,8269,16175,project university
train_landmarks/834674.parquet,834674,8270,28726,https://www.google.com
train_landmarks/265470.parquet,265470,8271,56566,742 evergreen terrace
train_landmarks/149011.parquet,149011,8272,62581,800-555-0199
train_landmarks/204440.parquet,204440,8273,76784,456 elm st suite 200
train_landmarks/987852.parquet,987852,8274,24592,1600 pennsylvania ave
train_landmarks/254832.parquet,254832,8275,19116,742 evergreen terrace
train_landmarks/559086.parquet,559086,8276,99192,www.cdc.gov/covid
train_landmarks/569636.parquet,569636,8277,75435,fox science dataset welcome fingerspelling
train_landmarks/935460.parquet,935460,8278,89840,engineering project language
train_landmarks/736998.parquet,736998,8279,44993,lazy language fox analysis
train_landmarks/526982.parquet,526982,8280,82357,123 main street apt 4b
train_landmarks/276108.parquet,276108,8281,56566,quick dataset welcome guatemala fingerspelling
train_landmarks/343410.parquet,343410,8282,40021,american engineering hello project
train_landmarks/451758.parquet,451758,8283,47930,1600 pennsylvania ave
train_landmarks/502600.parquet,502600,8284,37869,over vision deep science the deep
train_landmarks/212721.parquet,212721,8285,21915,10 downing street london
train_landmarks/467967.parquet,467967,8286,81426,www.cdc.gov/covid
train_landmarks/511955.parquet,511955,8287,69429,hello learning frequency
train_landmarks/594156.parquet,594156,8288,96673,+1-800-222-3344
train_landmarks/241627.parquet,241627,8289,45093,+1-800-222-3344
train_landmarks/804658.parquet,804658,8290,23396,https://youtube.com/watch
train_landmarks/502525.parquet,502525,8291,17331,456 elm st suite 200
train_landmarks/438660.parquet,438660,8292,24371,(555) 234-5678
train_landmarks/440076.parquet,440076,8293,47930,(415) 555-8833
train_landmarks/287443.parquet,287443,8294,99192,(415) 555-8833
train_landmarks/783597.parquet,783597,8295,25014,https://youtube.com/watch
train_landmarks/692651.parquet,692651,8296,22280,+1-555-987-6543
train_landmarks/334528.parquet,334528,8297,30379,dataset university project vision asl analysis
train_landmarks/351407.parquet,351407,8298,60019,quick welcome dog fox asl accuracy
train_landmarks/998899.parquet,998899,8299,88104,asl to model jumps fox fox
train_landmarks/561863.parquet,561863,8300,14165,www.amazon.com/deals
train_landmarks/797926.parquet,797926,8301,13278,456 elm st suite 200
train_landmarks/108806.parquet,108806,8302,64987,123 main street apt 4b
train_landmarks/753152.parquet,753152,8303,25014,language sign
train_landmarks/936599.parquet,936599,8304,87236,(555) 234-5678
train_landmarks/232862.parquet,232862,8305,58520,university recognition model guatemala
train_landmarks/672693.parquet,672693,8306,76784,university welcome fingerspelling
train_landmarks/257778.parquet,257778,8307,46048,welcome the asl
train_landmarks/296174.parquet,296174,8308,93886,1600 pennsylvania ave
train_landmarks/165964.parquet,165964,8309,22676,456 elm st suite 200
train_landmarks/939215.parquet,939215,8310,21915,frequency science guatemala brown recognition project
train_landmarks/646289.parquet,646289,8311,57052,+1-555-987-6543
train_landmarks/328463.parquet,328463,8312,45093,www.cdc.gov/covid
train_landmarks/576412.parquet,576412,8313,62581,evaluation hello frequency sign
train_landmarks/120860.parquet,120860,8314,46421,engineering fingerspelling over lazy hello evaluation
train_landmarks/515981.parquet,515981,8315,42098,(212) 555-4321
train_landmarks/180682.parquet,180682,8316,96673,10 downing street london
train_landmarks/943613.parquet,943613,8317,55082,hello accuracy jumps deep
train_landmarks/374422.parquet,374422,8318,86484,quick deep fox engineering fox
train_landmarks/653674.parquet,653674,8319,86622,recognition science computer
train_landmarks/661244.parquet,661244,8320,69429,+1-800-222-3344
train_landmarks/980878.parquet,980878,8321,93886,hello evaluation guatemala language
train_landmarks/901436.parquet,901436,8322,93886,accuracy analysis
train_landmarks/640358.parquet,640358,8323,28131,https://github.com/kaggle
train_landmarks/108688.parquet,108688,8324,20458,frequency welcome sign recognition frequency welcome
train_landmarks/786171.parquet,786171,8325,22676,quick fox the dog learning the
train_landmarks/134950.parquet,134950,8326,59797,deep analysis
train_landmarks/455575.parquet,455575,8327,94939,10 downing street london
train_landmarks/332108.parquet,332108,8328,46434,10 downing street london
train_landmarks/643385.parquet,643385,8329,59823,accuracy recognition quick lazy fox
train_landmarks/347373.parquet,347373,8330,65302,fingerspelling fingerspelling
train_landmarks/418201.parquet,418201,8331,37869,123 main street apt 4b
train_landmarks/767283.parquet,767283,8332,54597,http://weather.com/today
train_landmarks/551060.parquet,551060,8333,10851,evaluation jumps fox learning learning
train_landmarks/463558.parquet,463558,8334,39871,fingerspelling over project
train_landmarks/948010.parquet,948010,8335,46421,1-888-456-7890
train_landmarks/963590.parquet,963590,8336,70589,recognition deep welcome brown
train_landmarks/280526.parquet,280526,8337,91070,221b baker street
train_landmarks/255855.parquet,255855,8338,46434,https://github.com/kaggle
train_landmarks/182874.parquet,182874,8339,94939,dataset asl guatemala to
train_landmarks/850186.parquet,850186,8340,30926,evaluation asl
train_landmarks/614817.parquet,614817,8341,81426,computer lazy world language to quick
train_landmarks/346542.parquet,346542,8342,24371,deep fingerspelling vision fingerspelling to sign
train_landmarks/251171.parquet,251171,8343,40512,frequency lazy analysis evaluation model the
train_landmarks/254925.parquet,254925,8344,39871,university asl fox lazy fox dog
train_landmarks/696126.parquet,696126,8345,42098,1600 pennsylvania ave
train_landmarks/613810.parquet,613810,8346,31319,1-888-456-7890
train_landmarks/516138.parquet,516138,8347,89840,https://www.google.com
train_landmarks/821241.parquet,821241,8348,93227,221b baker street
train_landmarks/309796.parquet,309796,8349,51245,analysis quick dog hello
train_landmarks/955196.parquet,955196,8350,87236,deep project sign
train_landmarks/692024.parquet,692024,8351,23396,jumps over science asl asl lazy
train_landmarks/488451.parquet,488451,8352,62350,fingerspelling jumps project deep jumps fingerspelling
train_landmarks/347418.parquet,347418,8353,60019,www.cdc.gov/covid
train_landmarks/592842.parquet,592842,8354,13478,1600 pennsylvania ave
train_landmarks/228729.parquet,228729,8355,31319,dataset learning engineering guatemala computer project
train_landmarks/688275.parquet,688275,8356,54597,over guatemala
train_landmarks/961827.parquet,961827,8357,23434,analysis the frequency
train_landmarks/621282.parquet,621282,8358,80284,https://www.google.com
train_landmarks/540920.parquet,540920,8359,95181,http://weather.com/today
train_landmarks/480480.parquet,480480,8360,51245,jumps asl
train_landmarks/895240.parquet,895240,8361,94939,project evaluation deep world
train_landmarks/979691.parquet,979691,8362,95181,computer quick dog
train_landmarks/349910.parquet,349910,8363,24592,model science
train_landmarks/795184.parquet,795184,8364,86484,frequency vision analysis fingerspelling american
train_landmarks/880863.parquet,880863,8365,68878,(212) 555-4321
train_landmarks/777274.parquet,777274,8366,93886,learning fox
train_landmarks/794018.parquet,794018,8367,26361,the dog hello dataset
train_landmarks/987288.parquet,987288,8368,70589,the brown language project project
train_landmarks/751032.parquet,751032,8369,15695,lazy university university
train_landmarks/249387.parquet,249387,8370,65302,https://github.com/kaggle
train_landmarks/720204.parquet,720204,8371,46421,1-888-456-7890
train_landmarks/235970.parquet,235970,8372,46463,www.cdc.gov/covid
train_landmarks/477574.parquet,477574,8373,20458,project evaluation project hello science
train_landmarks/455547.parquet,455547,8374,14207,http://wikipedia.org/asl
train_landmarks/790350.parquet,790350,8375,59797,frequency lazy fox university sign science
train_landmarks/136538.parquet,136538,8376,24592,(212) 555-4321
train_landmarks/298814.parquet,298814,8377,56566,model learning sign sign american world
train_landmarks/950746.parquet,950746,8378,93886,project analysis computer analysis
train_landmarks/909351.parquet,909351,8379,71348,vision accuracy welcome dataset
train_landmarks/158696.parquet,158696,8380,59735,learning learning hello recognition sign dog
train_landmarks/776555.parquet,776555,8381,69429,engineering university welcome
train_landmarks/185158.parquet,185158,8382,80010,recognition world dataset science science
train_landmarks/796785.parquet,796785,8383,88172,engineering language evaluation dog fingerspelling university
train_landmarks/335746.parquet,335746,8384,28131,computer world vision engineering
train_landmarks/714229.parquet,714229,8385,70217,http://wikipedia.org/asl
train_landmarks/220340.parquet,220340,8386,30379,dataset over guatemala welcome
train_landmarks/760985.parquet,760985,8387,59797,http://weather.com/today
train_landmarks/583001.parquet,583001,8388,58520,(212) 555-4321
train_landmarks/698681.parquet,698681,8389,61856,456 elm st suite 200
train_landmarks/807457.parquet,807457,8390,58520,+1-800-222-3344
train_landmarks/711752.parquet,711752,8391,98696,1600 pennsylvania ave
train_landmarks/406246.parquet,406246,8392,95909,guatemala frequency deep language learning language
train_landmarks/762346.parquet,762346,8393,66155,+1-800-222-3344
train_landmarks/932881.parquet,932881,8394,55082,https://www.google.com
train_landmarks/676864.parquet,676864,8395,14207,the the
train_landmarks/878415.parquet,878415,8396,20458,1-888-456-7890
train_landmarks/956683.parquet,956683,8397,30033,456 elm st suite 200
train_landmarks/725109.parquet,725109,8398,76784,www.cdc.gov/covid
train_landmarks/435268.parquet,435268,8399,97841,www.nytimes.com/world
train_landmarks/439070.parquet,439070,8400,18675,hello recognition
train_landmarks/891418.parquet,891418,8401,24371,learning science computer evaluation engineering the
train_landmarks/636087.parquet,636087,8402,31319,http://weather.com/today
train_landmarks/761821.parquet,761821,8403,44671,deep analysis world vision project deep
train_landmarks/772252.parquet,772252,8404,70142,(415) 555-8833
train_landmarks/825891.parquet,825891,8405,46421,fingerspelling learning jumps world sign
train_landmarks/994939.parquet,994939,8406,85674,www.amazon.com/deals
train_landmarks/220551.parquet,220551,8407,16175,221b baker street
train_landmarks/587324.parquet,587324,8408,95909,+1-555-987-6543
train_landmarks/167052.parquet,167052,8409,19116,800-555-0199
train_landmarks/368455.parquet,368455,8410,54597,800-555-0199
train_landmarks/443457.parquet,443457,8411,82357,(212) 555-4321
train_landmarks/585800.parquet,585800,8412,57052,456 elm st suite 200
train_landmarks/812869.parquet,812869,8413,68878,456 elm st suite 200
train_landmarks/323006.parquet,323006,8414,61856,(415) 555-8833
train_landmarks/925246.parquet,925246,8415,23396,accuracy evaluation sign project quick
train_landmarks/797948.parquet,797948,8416,69429,http://weather.com/today
train_landmarks/843292.parquet,843292,8417,85674,recognition hello project project computer
train_landmarks/819032.parquet,819032,8418,99166,the accuracy brown vision recognition quick
train_landmarks/983287.parquet,983287,8419,35203,(212) 555-4321
train_landmarks/512128.parquet,512128,8420,87397,recognition american deep project accuracy
train_landmarks/886411.parquet,886411,8421,65302,http://wikipedia.org/asl
train_landmarks/887164.parquet,887164,8422,59735,evaluation asl fingerspelling vision
train_landmarks/356880.parquet,356880,8423,45382,dog to
train_landmarks/306806.parquet,306806,8424,47930,221b baker street
train_landmarks/489771.parquet,489771,8425,40512,welcome science dataset asl
train_landmarks/316929.parquet,316929,8426,23434,742 evergreen terrace
train_landmarks/597600.parquet,597600,8427,56566,dataset vision
train_landmarks/284400.parquet,284400,8428,58520,vision world project
train_landmarks/504757.parquet,504757,8429,95181,(415) 555-8833
train_landmarks/535367.parquet,535367,8430,13905,lazy asl
train_landmarks/372952.parquet,372952,8431,76237,lazy fingerspelling university fox language over
train_landmarks/562838.parquet,562838,8432,13905,10 downing street london
train_landmarks/412594.parquet,412594,8433,93886,1-888-456-7890
train_landmarks/899071.parquet,899071,8434,10851,www.amazon.com/deals
train_landmarks/166724.parquet,166724,8435,23396,asl engineering dog the
train_landmarks/783614.parquet,783614,8436,68878,456 elm st suite 200
train_landmarks/252141.parquet,252141,8437,88104,accuracy quick
train_landmarks/811797.parquet,811797,8438,74686,http://weather.com/today
train_landmarks/159230.parquet,159230,8439,30379,456 elm st suite 200
train_landmarks/876959.parquet,876959,8440,80284,frequency model
train_landmarks/625786.parquet,625786,8441,54597,https://github.com/kaggle
train_landmarks/876885.parquet,876885,8442,31319,frequency deep project
train_landmarks/762481.parquet,762481,8443,46048,recognition asl over
train_landmarks/759143.parquet,759143,8444,62581,welcome dataset asl project learning to
train_landmarks/412684.parquet,412684,8445,37460,learning quick brown lazy recognition recognition
train_landmarks/738566.parquet,738566,8446,30969,welcome learning
train_landmarks/291974.parquet,291974,8447,64987,the vision language dog deep
train_landmarks/209963.parquet,209963,8448,86622,800-555-0199
train_landmarks/510092.parquet,510092,8449,83579,project hello the
train_landmarks/167463.parquet,167463,8450,88907,+1-800-222-3344
train_landmarks/671497.parquet,671497,8451,19116,brown american brown jumps
train_landmarks/737039.parquet,737039,8452,38893,hello learning vision brown recognition accuracy
train_landmarks/889460.parquet,889460,8453,22156,https://youtube.com/watch
train_landmarks/798806.parquet,798806,8454,59797,to recognition over deep
train_landmarks/479092.parquet,479092,8455,89840,welcome american the engineering science the
train_landmarks/799293.parquet,799293,8456,39871,800-555-0199
train_landmarks/673506.parquet,673506,8457,60019,computer dog dog
train_landmarks/250700.parquet,250700,8458,88907,sign american asl analysis to
train_landmarks/727705.parquet,727705,8459,82512,project over sign welcome
train_landmarks/873345.parquet,873345,8460,30379,456 elm st suite 200
train_landmarks/390435.parquet,390435,8461,28301,quick deep analysis hello
train_landmarks/895021.parquet,895021,8462,59615,http://wikipedia.org/asl
train_landmarks/677375.parquet,677375,8463,95181,sign quick
train_landmarks/666065.parquet,666065,8464,21915,456 elm st suite 200
train_landmarks/875982.parquet,875982,8465,44671,1600 pennsylvania ave
train_landmarks/886607.parquet,886607,8466,14207,www.amazon.com/deals
train_landmarks/669310.parquet,669310,8467,80010,https://www.google.com
train_landmarks/435607.parquet,435607,8468,69429,the analysis
train_landmarks/683069.parquet,683069,8469,31319,american american guatemala hello science
train_landmarks/716847.parquet,716847,8470,75435,1-888-456-7890
train_landmarks/950729.parquet,950729,8471,65302,guatemala asl model evaluation world evaluation
train_landmarks/354003.parquet,354003,8472,51347,world science world
train_landmarks/701961.parquet,701961,8473,92240,123 main street apt 4b
train_landmarks/308281.parquet,308281,8474,23434,analysis jumps accuracy university science analysis
train_landmarks/626383.parquet,626383,8475,83563,http://wikipedia.org/asl
train_landmarks/461683.parquet,461683,8476,37869,https://github.com/kaggle
train_landmarks/608478.parquet,608478,8477,23238,1-888-456-7890
train_landmarks/769848.parquet,769848,8478,19116,1600 pennsylvania ave
train_landmarks/428437.parquet,428437,8479,13478,www.cdc.gov/covid
train_landmarks/220904.parquet,220904,8480,58520,welcome computer
train_landmarks/364763.parquet,364763,8481,88907,456 elm st suite 200
train_landmarks/127704.parquet,127704,8482,93320,science recognition hello guatemala american dog
train_landmarks/529590.parquet,529590,8483,28726,221b baker street
train_landmarks/658506.parquet,658506,8484,59797,recognition computer fox dataset
train_landmarks/608233.parquet,608233,8485,57819,asl asl computer
train_landmarks/776902.parquet,776902,8486,25014,sign accuracy american recognition
train_landmarks/813001.parquet,813001,8487,45093,10 downing street london
train_landmarks/479801.parquet,479801,8488,76784,123 main street apt 4b
train_landmarks/218731.parquet,218731,8489,39871,sign guatemala hello accuracy recognition asl
train_landmarks/556278.parquet,556278,8490,44718,1-888-456-7890
train_landmarks/435683.parquet,435683,8491,39256,(212) 555-4321
train_landmarks/363165.parquet,363165,8492,76237,456 elm st suite 200
train_landmarks/391155.parquet,391155,8493,30926,(415) 555-8833
train_landmarks/265476.parquet,265476,8494,19116,https://github.com/kaggle
train_landmarks/632245.parquet,632245,8495,76784,(212) 555-4321
train_landmarks/565961.parquet,565961,8496,82357,742 evergreen terrace
train_landmarks/923603.parquet,923603,8497,40021,brown language language sign welcome american
train_landmarks/801301.parquet,801301,8498,51245,jumps lazy recognition
train_landmarks/770302.parquet,770302,8499,59735,welcome the
train_landmarks/400577.parquet,400577,8500,48427,742 evergreen terrace
train_landmarks/559433.parquet,559433,8501,42087,+1-555-987-6543
train_landmarks/677271.parquet,677271,8502,20328,742 evergreen terrace
train_landmarks/438186.parquet,438186,8503,65302,language world
train_landmarks/293886.parquet,293886,8504,25014,800-555-0199
train_landmarks/789656.parquet,789656,8505,88907,fox jumps computer hello analysis
train_landmarks/158012.parquet,158012,8506,21395,to lazy frequency lazy learning
train_landmarks/742286.parquet,742286,8507,24371,university model deep the
train_landmarks/515185.parquet,515185,8508,44671,american dataset fox
train_landmarks/522931.parquet,522931,8509,40021,american american computer computer american frequency
train_landmarks/253406.parquet,253406,8510,80284,engineering project guatemala hello recognition
train_landmarks/591638.parquet,591638,8511,35203,221b baker street
train_landmarks/772374.parquet,772374,8512,59797,frequency model fingerspelling
train_landmarks/696869.parquet,696869,8513,20328,221b baker street
train_landmarks/622809.parquet,622809,8514,96673,university engineering accuracy dataset
train_landmarks/819446.parquet,819446,8515,95909,engineering vision science jumps
train_landmarks/519147.parquet,519147,8516,56566,1-888-456-7890
train_landmarks/864761.parquet,864761,8517,60432,deep the
train_landmarks/562886.parquet,562886,8518,39256,deep jumps to
train_landmarks/570432.parquet,570432,8519,58520,world dog welcome welcome
train_landmarks/182218.parquet,182218,8520,70589,american brown science lazy language
train_landmarks/908081.parquet,908081,8521,99192,over accuracy welcome brown analysis
train_landmarks/924730.parquet,924730,8522,39256,project quick american american the welcome
train_landmarks/430745.parquet,430745,8523,80010,accuracy asl dataset to computer jumps
train_landmarks/646909.parquet,646909,8524,74686,1-888-456-7890
train_landmarks/488977.parquet,488977,8525,38221,www.nytimes.com/world
train_landmarks/876743.parquet,876743,8526,24371,to accuracy
train_landmarks/993444.parquet,993444,8527,13278,https://youtube.com/watch
train_landmarks/570217.parquet,570217,8528,75435,+1-800-222-3344
train_landmarks/234733.parquet,234733,8529,18326,asl dog science the
train_landmarks/292058.parquet,292058,8530,40021,221b baker street
train_landmarks/449804.parquet,449804,8531,59823,1-888-456-7890
train_landmarks/953773.parquet,953773,8532,39256,fox engineering learning
train_landmarks/278938.parquet,278938,8533,99192,123 main street apt 4b
train_landmarks/596116.parquet,596116,8534,69429,https://github.com/kaggle
train_landmarks/102644.parquet,102644,8535,42098,deep language model sign sign
train_landmarks/134958.parquet,134958,8536,45093,1600 pennsylvania ave
train_landmarks/816668.parquet,816668,8537,57819,engineering science university
train_landmarks/640950.parquet,640950,8538,76237,science lazy fingerspelling to fingerspelling
train_landmarks/518476.parquet,518476,8539,54597,1600 pennsylvania ave
train_landmarks/466892.parquet,466892,8540,98696,evaluation dataset dataset welcome fox
train_landmarks/103151.parquet,103151,8541,80010,10 downing street london
train_landmarks/893997.parquet,893997,8542,38785,project vision to the quick
train_landmarks/444152.parquet,444152,8543,58520,vision dataset language the sign welcome
train_landmarks/441136.parquet,441136,8544,57447,lazy project world
train_landmarks/477266.parquet,477266,8545,21915,quick the world
train_landmarks/219685.parquet,219685,8546,83000,http://weather.com/today
train_landmarks/189807.parquet,189807,8547,24592,456 elm st suite 200
train_landmarks/870852.parquet,870852,8548,18675,recognition fox asl sign
train_landmarks/224657.parquet,224657,8549,47930,10 downing street london
train_landmarks/962073.parquet,962073,8550,80010,www.amazon.com/deals
train_landmarks/766068.parquet,766068,8551,40021,456 elm st suite 200
train_landmarks/557940.parquet,557940,8552,82357,http://weather.com/today
train_landmarks/117454.parquet,117454,8553,99192,vision to quick frequency welcome
train_landmarks/678809.parquet,678809,8554,13478,10 downing street london
train_landmarks/680628.parquet,680628,8555,62581,computer the frequency
train_landmarks/698400.parquet,698400,8556,93810,university asl
train_landmarks/736466.parquet,736466,8557,65333,dog science to deep analysis model
train_landmarks/142698.parquet,142698,8558,38657,accuracy asl language
train_landmarks/523047.parquet,523047,8559,65302,800-555-0199
train_landmarks/272745.parquet,272745,8560,26361,1600 pennsylvania ave
train_landmarks/908678.parquet,908678,8561,91070,project sign
train_landmarks/331663.parquet,331663,8562,54597,(555) 234-5678
train_landmarks/920351.parquet,920351,8563,70589,frequency deep hello vision
train_landmarks/921483.parquet,921483,8564,59823,fingerspelling hello computer evaluation dataset
train_landmarks/372472.parquet,372472,8565,42098,221b baker street
train_landmarks/844546.parquet,844546,8566,15695,learning frequency learning frequency
train_landmarks/670145.parquet,670145,8567,62350,american over welcome world deep
train_landmarks/494767.parquet,494767,8568,45093,www.nytimes.com/world
train_landmarks/153403.parquet,153403,8569,95909,guatemala lazy american the recognition guatemala
train_landmarks/517333.parquet,517333,8570,18675,university fox analysis dog computer world
train_landmarks/732016.parquet,732016,8571,44671,www.cdc.gov/covid
train_landmarks/676209.parquet,676209,8572,14165,https://www.google.com
train_landmarks/206061.parquet,206061,8573,22676,1600 pennsylvania ave
train_landmarks/373792.parquet,373792,8574,28131,engineering asl dog over to
train_landmarks/542188.parquet,542188,8575,11504,www.nytimes.com/world
train_landmarks/521983.parquet,521983,8576,31319,fingerspelling evaluation over dataset analysis
train_landmarks/471883.parquet,471883,8577,24592,guatemala american asl language computer vision
train_landmarks/746861.parquet,746861,8578,83563,project dog
train_landmarks/331180.parquet,331180,8579,70217,www.amazon.com/deals
train_landmarks/911604.parquet,911604,8580,31417,456 elm st suite 200
train_landmarks/138611.parquet,138611,8581,87397,asl guatemala brown
train_landmarks/974802.parquet,974802,8582,60432,science analysis welcome model
train_landmarks/375243.parquet,375243,8583,92397,lazy hello guatemala deep
train_landmarks/624524.parquet,624524,8584,99192,recognition accuracy dataset
train_landmarks/399689.parquet,399689,8585,42325,hello vision model accuracy
train_landmarks/220065.parquet,220065,8586,28726,language hello american model jumps
train_landmarks/732228.parquet,732228,8587,93886,1-888-456-7890
train_landmarks/947222.parquet,947222,8588,99733,800-555-0199
train_landmarks/723094.parquet,723094,8589,17331,1600 pennsylvania ave
train_landmarks/871691.parquet,871691,8590,99733,800-555-0199
train_landmarks/956426.parquet,956426,8591,89840,456 elm st suite 200
train_landmarks/102548.parquet,102548,8592,99166,world deep welcome hello evaluation
train_landmarks/383388.parquet,383388,8593,75435,www.cdc.gov/covid
train_landmarks/556477.parquet,556477,8594,28301,to world welcome
train_landmarks/458074.parquet,458074,8595,16175,221b baker street
train_landmarks/307048.parquet,307048,8596,54597,https://youtube.com/watch
train_landmarks/854840.parquet,854840,8597,65302,(555) 234-5678
train_landmarks/317916.parquet,317916,8598,57819,frequency to
train_landmarks/175910.parquet,175910,8599,56566,deep world jumps guatemala to jumps
train_landmarks/604619.parquet,604619,8600,28131,1600 pennsylvania ave
train_landmarks/521488.parquet,521488,8601,59823,vision american world frequency university learning
train_landmarks/559907.parquet,559907,8602,80010,(555) 234-5678
train_landmarks/258646.parquet,258646,8603,44993,123 main street apt 4b
train_landmarks/421758.parquet,421758,8604,42098,www.cdc.gov/covid
train_landmarks/788468.parquet,788468,8605,83000,sign fox evaluation jumps project
train_landmarks/573224.parquet,573224,8606,28131,800-555-0199
train_landmarks/529314.parquet,529314,8607,81426,www.nytimes.com/world
train_landmarks/856024.parquet,856024,8608,45382,1600 pennsylvania ave
train_landmarks/555519.parquet,555519,8609,45382,university accuracy frequency recognition
train_landmarks/985547.parquet,985547,8610,64987,(212) 555-4321
train_landmarks/663534.parquet,663534,8611,76237,dataset recognition jumps language hello
train_landmarks/740234.parquet,740234,8612,11504,(555) 234-5678
train_landmarks/311030.parquet,311030,8613,35203,1600 pennsylvania ave
train_landmarks/768159.parquet,768159,8614,46421,engineering model dataset
train_landmarks/522876.parquet,522876,8615,38893,1600 pennsylvania ave
train_landmarks/843772.parquet,843772,8616,51347,university welcome
train_landmarks/523978.parquet,523978,8617,93886,vision lazy lazy lazy fingerspelling
train_landmarks/847807.parquet,847807,8618,40021,frequency project recognition
train_landmarks/458134.parquet,458134,8619,65302,(555) 234-5678
train_landmarks/317445.parquet,317445,8620,30033,dog lazy vision accuracy vision analysis
train_landmarks/200491.parquet,200491,8621,85674,fingerspelling world
train_landmarks/957530.parquet,957530,8622,44671,https://github.com/kaggle
train_landmarks/543940.parquet,543940,8623,69429,https://www.google.com
train_landmarks/225025.parquet,225025,8624,35203,american model dataset
train_landmarks/744456.parquet,744456,8625,21915,guatemala brown to evaluation
train_landmarks/800606.parquet,800606,8626,88172,project analysis to hello accuracy frequency
train_landmarks/707966.parquet,707966,8627,44671,deep evaluation
train_landmarks/112910.parquet,112910,8628,21915,dog asl quick
train_landmarks/516471.parquet,516471,8629,42325,www.cdc.gov/covid
train_landmarks/530333.parquet,530333,8630,18326,accuracy welcome guatemala
train_landmarks/679018.parquet,679018,8631,54118,jumps university to
train_landmarks/769335.parquet,769335,8632,42087,frequency analysis guatemala
train_landmarks/204122.parquet,204122,8633,22676,to guatemala jumps
train_landmarks/163276.parquet,163276,8634,38746,brown frequency
train_landmarks/985367.parquet,985367,8635,93810,american vision fingerspelling learning analysis brown
train_landmarks/691744.parquet,691744,8636,32431,vision lazy guatemala sign fingerspelling
train_landmarks/492344.parquet,492344,8637,59615,https://apple.com/ios
train_landmarks/324839.parquet,324839,8638,70217,742 evergreen terrace
train_landmarks/899854.parquet,899854,8639,40021,10 downing street london
train_landmarks/271923.parquet,271923,8640,74686,https://www.google.com
train_landmarks/564020.parquet,564020,8641,93886,engineering quick deep science university
train_landmarks/891075.parquet,891075,8642,74686,(555) 234-5678
train_landmarks/304483.parquet,304483,8643,59797,analysis over university to accuracy vision
train_landmarks/285684.parquet,285684,8644,56566,742 evergreen terrace
train_landmarks/605807.parquet,605807,8645,46434,www.cdc.gov/covid
train_landmarks/783641.parquet,783641,8646,24592,world model analysis science sign
train_landmarks/660213.parquet,660213,8647,89840,over dog project sign analysis university
train_landmarks/260092.parquet,260092,8648,14207,over language deep
train_landmarks/283137.parquet,283137,8649,59735,hello fox recognition frequency
train_landmarks/360908.parquet,360908,8650,75435,american analysis world vision
train_landmarks/630432.parquet,630432,8651,80010,to hello language quick
train_landmarks/953531.parquet,953531,8652,98696,over engineering dataset dog fingerspelling recognition
train_landmarks/648657.parquet,648657,8653,40495,+1-800-222-3344
train_landmarks/467406.parquet,467406,8654,45382,10 downing street london
train_landmarks/781120.parquet,781120,8655,22676,742 evergreen terrace
train_landmarks/393750.parquet,393750,8656,87397,sign sign to the
train_landmarks/877711.parquet,877711,8657,20458,456 elm st suite 200
train_landmarks/132871.parquet,132871,8658,89840,dataset fox
train_landmarks/927896.parquet,927896,8659,80284,http://wikipedia.org/asl
train_landmarks/932149.parquet,932149,8660,95909,+1-555-987-6543
train_landmarks/716101.parquet,716101,8661,40021,world lazy
train_landmarks/215334.parquet,215334,8662,26361,deep recognition hello fox
train_landmarks/187447.parquet,187447,8663,70142,742 evergreen terrace
train_landmarks/195037.parquet,195037,8664,40021,engineering university welcome
train_landmarks/107481.parquet,107481,8665,17331,over over engineering quick language
train_landmarks/181014.parquet,181014,8666,89840,jumps asl model dog
train_landmarks/222653.parquet,222653,8667,24592,1600 pennsylvania ave
train_landmarks/155034.parquet,155034,8668,18675,lazy the project
train_landmarks/824668.parquet,824668,8669,91070,221b baker street
train_landmarks/932517.parquet,932517,8670,60432,project dataset quick evaluation
train_landmarks/733049.parquet,733049,8671,57447,to language recognition learning the model
train_landmarks/953410.parquet,953410,8672,59735,456 elm st suite 200
train_landmarks/936684.parquet,936684,8673,23396,over fingerspelling dog recognition
train_landmarks/191255.parquet,191255,8674,30926,456 elm st suite 200
train_landmarks/350222.parquet,350222,8675,59615,1600 pennsylvania ave
train_landmarks/214742.parquet,214742,8676,93320,(555) 234-5678
train_landmarks/257362.parquet,257362,8677,89131,evaluation asl engineering quick fingerspelling dataset
train_landmarks/122756.parquet,122756,8678,56566,1-888-456-7890
train_landmarks/275751.parquet,275751,8679,64987,analysis science world vision
train_landmarks/708149.parquet,708149,8680,11504,www.nytimes.com/world
train_landmarks/189600.parquet,189600,8681,22280,123 main street apt 4b
train_landmarks/258501.parquet,258501,8682,18326,www.nytimes.com/world
train_landmarks/815411.parquet,815411,8683,99192,model american accuracy evaluation over engineering
train_landmarks/431254.parquet,431254,8684,97841,computer university university recognition learning fingerspelling
train_landmarks/864093.parquet,864093,8685,95909,fox engineering welcome
train_landmarks/218830.parquet,218830,8686,40512,http://weather.com/today
train_landmarks/270374.parquet,270374,8687,52504,over learning
train_landmarks/625075.parquet,625075,8688,59615,1600 pennsylvania ave
train_landmarks/420186.parquet,420186,8689,44671,dog university university science university
train_landmarks/592791.parquet,592791,8690,31417,fox analysis the fingerspelling
train_landmarks/726116.parquet,726116,8691,31319,1600 pennsylvania ave
train_landmarks/786454.parquet,786454,8692,70589,www.amazon.com/deals
train_landmarks/598688.parquet,598688,8693,57052,lazy the
train_landmarks/228184.parquet,228184,8694,92397,university fingerspelling
train_landmarks/193674.parquet,193674,8695,65302,456 elm st suite 200
train_landmarks/209330.parquet,209330,8696,28289,(555) 234-5678
train_landmarks/218861.parquet,218861,8697,22156,www.cdc.gov/covid
train_landmarks/573888.parquet,573888,8698,87397,800-555-0199
train_landmarks/998719.parquet,998719,8699,13905,https://apple.com/ios
train_landmarks/762139.parquet,762139,8700,62350,project the
train_landmarks/356262.parquet,356262,8701,42098,recognition to model hello quick
train_landmarks/697411.parquet,697411,8702,14207,www.amazon.com/deals
train_landmarks/404893.parquet,404893,8703,22676,learning learning frequency language guatemala
train_landmarks/993177.parquet,993177,8704,16175,(555) 234-5678
train_landmarks/541603.parquet,541603,8705,57819,hello deep world
train_landmarks/792891.parquet,792891,8706,44671,model hello
train_landmarks/596004.parquet,596004,8707,56566,1600 pennsylvania ave
train_landmarks/790883.parquet,790883,8708,57400,456 elm st suite 200
train_landmarks/251512.parquet,251512,8709,32431,+1-800-222-3344
train_landmarks/653825.parquet,653825,8710,38657,https://github.com/kaggle
train_landmarks/983906.parquet,983906,8711,25014,https://youtube.com/watch
train_landmarks/408126.parquet,408126,8712,20458,http://wikipedia.org/asl
train_landmarks/935289.parquet,935289,8713,82357,https://apple.com/ios
train_landmarks/374424.parquet,374424,8714,51245,123 main street apt 4b
train_landmarks/643707.parquet,643707,8715,92397,accuracy fox learning computer dog university
train_landmarks/543096.parquet,543096,8716,28131,123 main street apt 4b
train_landmarks/167769.parquet,167769,8717,69429,world hello lazy university fox
train_landmarks/554196.parquet,554196,8718,37869,recognition welcome science evaluation
train_landmarks/776933.parquet,776933,8719,22280,fox analysis
train_landmarks/598917.parquet,598917,8720,76784,university vision
train_landmarks/404716.parquet,404716,8721,75435,computer dataset the
train_landmarks/620477.parquet,620477,8722,54597,vision sign
train_landmarks/704611.parquet,704611,8723,95181,science asl fox accuracy
train_landmarks/652482.parquet,652482,8724,15695,(555) 234-5678
train_landmarks/387613.parquet,387613,8725,11504,www.amazon.com/deals
train_landmarks/764795.parquet,764795,8726,22156,vision american model dog
train_landmarks/380457.parquet,380457,8727,69429,engineering model frequency project
train_landmarks/553004.parquet,553004,8728,42098,quick vision american to model
train_landmarks/480436.parquet,480436,8729,19116,vision model
train_landmarks/607182.parquet,607182,8730,80010,quick engineering accuracy dog
train_landmarks/119441.parquet,119441,8731,60019,http://wikipedia.org/asl
train_landmarks/643518.parquet,643518,8732,56566,456 elm st suite 200
train_landmarks/684066.parquet,684066,8733,57447,hello the computer over the
train_landmarks/859441.parquet,859441,8734,89840,quick to university over
train_landmarks/170695.parquet,170695,8735,39256,dataset asl american fingerspelling lazy
train_landmarks/735797.parquet,735797,8736,15695,world science computer
train_landmarks/194775.parquet,194775,8737,42087,quick deep learning analysis
train_landmarks/969484.parquet,969484,8738,60019,over american vision analysis the
train_landmarks/658619.parquet,658619,8739,21915,asl accuracy
train_landmarks/193354.parquet,193354,8740,46421,guatemala model project
train_landmarks/710866.parquet,710866,8741,46421,123 main street apt 4b
train_landmarks/681341.parquet,681341,8742,30926,www.cdc.gov/covid
train_landmarks/319852.parquet,319852,8743,99192,(555) 234-5678
train_landmarks/294381.parquet,294381,8744,74686,456 elm st suite 200
train_landmarks/622577.parquet,622577,8745,28301,https://www.google.com
train_landmarks/964618.parquet,964618,8746,35203,sign to dataset
train_landmarks/549753.parquet,549753,8747,58520,www.cdc.gov/covid
train_landmarks/822538.parquet,822538,8748,69429,742 evergreen terrace
train_landmarks/373893.parquet,373893,8749,22156,http://weather.com/today
train_landmarks/929588.parquet,929588,8750,58520,(415) 555-8833
train_landmarks/842803.parquet,842803,8751,42098,123 main street apt 4b
train_landmarks/311340.parquet,311340,8752,13478,456 elm st suite 200
train_landmarks/343818.parquet,343818,8753,30033,over evaluation deep welcome
train_landmarks/258399.parquet,258399,8754,94259,http://weather.com/today
train_landmarks/294128.parquet,294128,8755,47930,https://github.com/kaggle
train_landmarks/604520.parquet,604520,8756,56566,+1-555-987-6543
train_landmarks/781032.parquet,781032,8757,92397,computer computer
train_landmarks/250443.parquet,250443,8758,61856,10 downing street london
train_landmarks/445281.parquet,445281,8759,42325,vision model welcome
train_landmarks/772133.parquet,772133,8760,28726,frequency language
train_landmarks/476327.parquet,476327,8761,95909,american computer guatemala computer fingerspelling deep
train_landmarks/290982.parquet,290982,8762,30926,456 elm st suite 200
train_landmarks/713386.parquet,713386,8763,26361,123 main street apt 4b
train_landmarks/333336.parquet,333336,8764,69429,fingerspelling deep
train_landmarks/174912.parquet,174912,8765,26361,www.cdc.gov/covid
train_landmarks/189199.parquet,189199,8766,70142,(555) 234-5678
train_landmarks/206931.parquet,206931,8767,80284,dog lazy
train_landmarks/212097.parquet,212097,8768,13478,www.amazon.com/deals
train_landmarks/296842.parquet,296842,8769,19116,10 downing street london
train_landmarks/146505.parquet,146505,8770,11504,+1-555-987-6543
train_landmarks/524679.parquet,524679,8771,46421,guatemala model accuracy learning
train_landmarks/208619.parquet,208619,8772,83000,800-555-0199
train_landmarks/962743.parquet,962743,8773,40512,dog over quick
train_landmarks/607611.parquet,607611,8774,21395,dataset analysis frequency project guatemala dataset
train_landmarks/854491.parquet,854491,8775,31319,recognition model hello
train_landmarks/112517.parquet,112517,8776,37653,language science sign project
train_landmarks/277687.parquet,277687,8777,56566,http://wikipedia.org/asl
train_landmarks/544859.parquet,544859,8778,16175,lazy asl quick the engineering recognition
train_landmarks/568056.parquet,568056,8779,57052,http://wikipedia.org/asl
train_landmarks/754935.parquet,754935,8780,65302,(212) 555-4321
train_landmarks/983372.parquet,983372,8781,18326,learning sign evaluation accuracy
train_landmarks/666558.parquet,666558,8782,91070,www.nytimes.com/world
train_landmarks/768938.parquet,768938,8783,42087,(415) 555-8833
train_landmarks/558931.parquet,558931,8784,83579,sign fox accuracy
train_landmarks/567022.parquet,567022,8785,70217,http://weather.com/today
train_landmarks/702787.parquet,702787,8786,37869,800-555-0199
train_landmarks/421072.parquet,421072,8787,13478,welcome science american engineering
train_landmarks/116268.parquet,116268,8788,55082,123 main street apt 4b
train_landmarks/473373.parquet,473373,8789,95181,221b baker street
train_landmarks/643984.parquet,643984,8790,62350,https://github.com/kaggle
train_landmarks/376615.parquet,376615,8791,46421,deep evaluation
train_landmarks/128766.parquet,128766,8792,37869,language dataset sign
train_landmarks/437653.parquet,437653,8793,60432,www.cdc.gov/covid
train_landmarks/864579.parquet,864579,8794,44993,american recognition language over
train_landmarks/457156.parquet,457156,8795,19358,dog brown asl evaluation
train_landmarks/205187.parquet,205187,8796,69429,123 main street apt 4b
train_landmarks/326874.parquet,326874,8797,80284,evaluation asl fingerspelling analysis brown
train_landmarks/794682.parquet,794682,8798,93320,evaluation dog fox
train_landmarks/927082.parquet,927082,8799,45382,deep engineering engineering recognition to
train_landmarks/330915.parquet,330915,8800,99166,https://github.com/kaggle
train_landmarks/613880.parquet,613880,8801,18326,(555) 234-5678
train_landmarks/981877.parquet,981877,8802,21915,(415) 555-8833
train_landmarks/159844.parquet,159844,8803,30033,(212) 555-4321
train_landmarks/753020.parquet,753020,8804,69429,www.nytimes.com/world
train_landmarks/108830.parquet,108830,8805,40021,american computer lazy
train_landmarks/534287.parquet,534287,8806,92240,https://apple.com/ios
train_landmarks/708918.parquet,708918,8807,35203,https://www.google.com
train_landmarks/115275.parquet,115275,8808,71348,+1-555-987-6543
train_landmarks/642491.parquet,642491,8809,39871,www.nytimes.com/world
train_landmarks/250869.parquet,250869,8810,45382,lazy hello engineering world world
train_landmarks/686028.parquet,686028,8811,51245,(212) 555-4321
train_landmarks/355678.parquet,355678,8812,60019,www.amazon.com/deals
train_landmarks/163564.parquet,163564,8813,54118,model language recognition to
train_landmarks/329473.parquet,329473,8814,61856,456 elm st suite 200
train_landmarks/754596.parquet,754596,8815,56566,the science over
train_landmarks/884374.parquet,884374,8816,22676,to language vision recognition model welcome
train_landmarks/835803.parquet,835803,8817,28301,221b baker street
train_landmarks/203511.parquet,203511,8818,89840,sign accuracy university hello welcome
train_landmarks/442508.parquet,442508,8819,14207,engineering dataset learning evaluation model
train_landmarks/568988.parquet,568988,8820,70217,800-555-0199
train_landmarks/135249.parquet,135249,8821,57819,quick guatemala to brown
train_landmarks/487872.parquet,487872,8822,83000,fingerspelling accuracy world language
train_landmarks/282755.parquet,282755,8823,16006,https://youtube.com/watch
train_landmarks/777368.parquet,777368,8824,10851,1600 pennsylvania ave
train_landmarks/730632.parquet,730632,8825,71348,quick engineering brown
train_landmarks/370002.parquet,370002,8826,56566,welcome quick
train_landmarks/873562.parquet,873562,8827,75435,asl project
train_landmarks/698643.parquet,698643,8828,39871,http://weather.com/today
train_landmarks/921483.parquet,921483,8829,82357,to sign the quick quick
train_landmarks/408069.parquet,408069,8830,96673,http://weather.com/today
train_landmarks/847855.parquet,847855,8831,96673,1600 pennsylvania ave
train_landmarks/364156.parquet,364156,8832,89840,sign lazy dataset sign science
train_landmarks/278673.parquet,278673,8833,89840,742 evergreen terrace
train_landmarks/395755.parquet,395755,8834,31319,recognition jumps world science welcome fingerspelling
train_landmarks/187194.parquet,187194,8835,13478,quick project welcome brown engineering fox
train_landmarks/800016.parquet,800016,8836,31319,to deep asl language fox
train_landmarks/693645.parquet,693645,8837,38893,742 evergreen terrace
train_landmarks/423250.parquet,423250,8838,88907,+1-555-987-6543
train_landmarks/122580.parquet,122580,8839,18326,742 evergreen terrace
train_landmarks/913571.parquet,913571,8840,93886,742 evergreen terrace
train_landmarks/762651.parquet,762651,8841,14207,1600 pennsylvania ave
train_landmarks/604393.parquet,604393,8842,19116,frequency engineering vision frequency model
train_landmarks/973623.parquet,973623,8843,99192,deep analysis
train_landmarks/914631.parquet,914631,8844,17331,jumps project project
train_landmarks/270038.parquet,270038,8845,28301,456 elm st suite 200
train_landmarks/204480.parquet,204480,8846,92397,1600 pennsylvania ave
train_landmarks/406733.parquet,406733,8847,88104,1-888-456-7890
train_landmarks/539794.parquet,539794,8848,57447,+1-800-222-3344
train_landmarks/774897.parquet,774897,8849,74686,hello welcome guatemala
train_landmarks/668582.parquet,668582,8850,68878,1-888-456-7890
train_landmarks/910176.parquet,910176,8851,22676,http://wikipedia.org/asl
train_landmarks/997765.parquet,997765,8852,57052,frequency computer hello
train_landmarks/882112.parquet,882112,8853,22676,evaluation university recognition learning
train_landmarks/919085.parquet,919085,8854,74686,engineering fox frequency university
train_landmarks/413877.parquet,413877,8855,42098,engineering the the vision asl frequency
train_landmarks/670860.parquet,670860,8856,87397,(212) 555-4321
train_landmarks/346024.parquet,346024,8857,22676,over dataset language model american language
train_landmarks/775303.parquet,775303,8858,10851,project vision deep
train_landmarks/600528.parquet,600528,8859,30379,1600 pennsylvania ave
train_landmarks/995169.parquet,995169,8860,86622,science quick hello
train_landmarks/998072.parquet,998072,8861,32431,http://wikipedia.org/asl
train_landmarks/690246.parquet,690246,8862,93810,https://apple.com/ios
train_landmarks/576660.parquet,576660,8863,20458,www.cdc.gov/covid
train_landmarks/987808.parquet,987808,8864,96673,welcome science project science guatemala
train_landmarks/890153.parquet,890153,8865,38657,http://wikipedia.org/asl
train_landmarks/716906.parquet,716906,8866,62581,https://github.com/kaggle
train_landmarks/482500.parquet,482500,8867,37653,+1-800-222-3344
train_landmarks/365413.parquet,365413,8868,95909,https://github.com/kaggle
train_landmarks/218723.parquet,218723,8869,75435,221b baker street
train_landmarks/620321.parquet,620321,8870,93810,sign to
train_landmarks/888555.parquet,888555,8871,60019,language the asl vision
train_landmarks/869297.parquet,869297,8872,62350,vision model fingerspelling quick world world
train_landmarks/566965.parquet,566965,8873,99192,456 elm st suite 200
train_landmarks/964952.parquet,964952,8874,13278,quick accuracy model project
train_landmarks/158096.parquet,158096,8875,18326,www.amazon.com/deals
train_landmarks/886293.parquet,886293,8876,62350,http://wikipedia.org/asl
train_landmarks/477461.parquet,477461,8877,76784,1600 pennsylvania ave
train_landmarks/368485.parquet,368485,8878,65302,vision evaluation
train_landmarks/825584.parquet,825584,8879,75435,welcome accuracy jumps asl computer american
train_landmarks/380091.parquet,380091,8880,88104,hello to to deep project guatemala
train_landmarks/889405.parquet,889405,8881,62581,dog to hello
train_landmarks/292669.parquet,292669,8882,80010,www.amazon.com/deals
train_landmarks/127666.parquet,127666,8883,60019,guatemala evaluation deep over
train_landmarks/869372.parquet,869372,8884,59823,221b baker street
train_landmarks/755388.parquet,755388,8885,45382,project language deep
train_landmarks/683333.parquet,683333,8886,93320,10 downing street london
train_landmarks/682297.parquet,682297,8887,18326,model frequency dataset vision
train_landmarks/547090.parquet,547090,8888,87397,dog university
train_landmarks/950349.parquet,950349,8889,58520,accuracy lazy
train_landmarks/587256.parquet,587256,8890,45093,1600 pennsylvania ave
train_landmarks/377036.parquet,377036,8891,83579,guatemala accuracy world deep quick guatemala
train_landmarks/732456.parquet,732456,8892,70589,science dog
train_landmarks/619811.parquet,619811,8893,99192,deep hello world fox engineering
train_landmarks/691660.parquet,691660,8894,60432,fox lazy deep recognition the model
train_landmarks/593602.parquet,593602,8895,98696,computer to fox computer
train_landmarks/465620.parquet,465620,8896,19116,456 elm st suite 200
train_landmarks/655915.parquet,655915,8897,46048,https://apple.com/ios
train_landmarks/248817.parquet,248817,8898,80284,(212) 555-4321
train_landmarks/802431.parquet,802431,8899,94939,https://apple.com/ios
train_landmarks/166387.parquet,166387,8900,99192,+1-800-222-3344
train_landmarks/991255.parquet,991255,8901,76784,the lazy evaluation world over engineering
train_landmarks/702111.parquet,702111,8902,88907,evaluation world world
train_landmarks/679024.parquet,679024,8903,65302,https://youtube.com/watch
train_landmarks/805419.parquet,805419,8904,59735,analysis computer fox deep
train_landmarks/700166.parquet,700166,8905,99593,analysis quick brown fox over
train_landmarks/584596.parquet,584596,8906,59797,hello university
train_landmarks/718789.parquet,718789,8907,30969,742 evergreen terrace
train_landmarks/785270.parquet,785270,8908,88172,https://github.com/kaggle
train_landmarks/966542.parquet,966542,8909,19116,+1-800-222-3344
train_landmarks/885746.parquet,885746,8910,30033,recognition asl science science
train_landmarks/707822.parquet,707822,8911,57400,800-555-0199
train_landmarks/701838.parquet,701838,8912,75435,model language lazy project
train_landmarks/808769.parquet,808769,8913,93320,analysis sign world dog
train_landmarks/854456.parquet,854456,8914,76237,1600 pennsylvania ave
train_landmarks/758304.parquet,758304,8915,88172,quick hello accuracy dataset
train_landmarks/570341.parquet,570341,8916,69429,123 main street apt 4b
train_landmarks/816999.parquet,816999,8917,75435,language accuracy fingerspelling to guatemala
train_landmarks/446036.parquet,446036,8918,92397,123 main street apt 4b
train_landmarks/545140.parquet,545140,8919,13278,221b baker street
train_landmarks/252766.parquet,252766,8920,13905,+1-800-222-3344
train_landmarks/786433.parquet,786433,8921,31319,hello project fingerspelling language project learning
train_landmarks/717803.parquet,717803,8922,45093,analysis sign model frequency brown over
train_landmarks/652146.parquet,652146,8923,26361,over american hello accuracy asl
train_landmarks/746527.parquet,746527,8924,18675,http://weather.com/today
train_landmarks/118886.parquet,118886,8925,37653,10 downing street london
train_landmarks/998556.parquet,998556,8926,84341,asl computer accuracy welcome model world
train_landmarks/879779.parquet,879779,8927,31319,123 main street apt 4b
train_landmarks/177918.parquet,177918,8928,99192,jumps world
train_landmarks/376690.parquet,376690,8929,31319,https://www.google.com
train_landmarks/582546.parquet,582546,8930,46434,brown recognition accuracy hello deep project
train_landmarks/288777.parquet,288777,8931,10851,456 elm st suite 200
train_landmarks/654810.parquet,654810,8932,44671,computer dog to the
train_landmarks/710732.parquet,710732,8933,39256,800-555-0199
train_landmarks/166165.parquet,166165,8934,52504,analysis learning
train_landmarks/635987.parquet,635987,8935,23396,456 elm st suite 200
train_landmarks/564435.parquet,564435,8936,44671,accuracy project
train_landmarks/828137.parquet,828137,8937,28301,http://wikipedia.org/asl
train_landmarks/796339.parquet,796339,8938,80284,language fox guatemala to
train_landmarks/129117.parquet,129117,8939,38221,the guatemala learning
train_landmarks/834211.parquet,834211,8940,38893,dog dog model project computer
train_landmarks/146440.parquet,146440,8941,28301,https://www.google.com
train_landmarks/202452.parquet,202452,8942,13478,language fingerspelling brown accuracy
train_landmarks/678398.parquet,678398,8943,69429,university over learning
train_landmarks/373759.parquet,373759,8944,58520,https://www.google.com
train_landmarks/536132.parquet,536132,8945,45093,https://apple.com/ios
train_landmarks/499788.parquet,499788,8946,52504,10 downing street london
train_landmarks/722394.parquet,722394,8947,62350,456 elm st suite 200
train_landmarks/155577.parquet,155577,8948,39256,(415) 555-8833
train_landmarks/428301.parquet,428301,8949,89131,hello sign quick world
train_landmarks/593838.parquet,593838,8950,22676,https://apple.com/ios
train_landmarks/845768.parquet,845768,8951,95181,guatemala to
train_landmarks/186932.parquet,186932,8952,55082,university learning language
train_landmarks/443909.parquet,443909,8953,44671,quick guatemala project recognition lazy
train_landmarks/836921.parquet,836921,8954,56566,engineering computer fingerspelling model hello
train_landmarks/626830.parquet,626830,8955,14207,asl welcome to model
train_landmarks/277357.parquet,277357,8956,91070,(212) 555-4321
train_landmarks/373614.parquet,373614,8957,37869,recognition hello dataset american dataset
train_landmarks/918267.parquet,918267,8958,26361,to hello fox sign american
train_landmarks/623238.parquet,623238,8959,55082,http://wikipedia.org/asl
train_landmarks/414687.parquet,414687,8960,19358,asl asl
train_landmarks/683363.parquet,683363,8961,46048,http://wikipedia.org/asl
train_landmarks/695090.parquet,695090,8962,87397,1600 pennsylvania ave
train_landmarks/471322.parquet,471322,8963,47930,language fingerspelling
train_landmarks/873866.parquet,873866,8964,60432,analysis hello dataset fox
train_landmarks/413522.parquet,413522,8965,95909,dataset computer university evaluation
train_landmarks/885089.parquet,885089,8966,65302,10 downing street london
train_landmarks/119694.parquet,119694,8967,76784,learning model
train_landmarks/167945.parquet,167945,8968,75435,742 evergreen terrace
train_landmarks/338373.parquet,338373,8969,93886,221b baker street
train_landmarks/789885.parquet,789885,8970,57447,123 main street apt 4b
train_landmarks/530657.parquet,530657,8971,19116,guatemala science world hello fingerspelling language
train_landmarks/629435.parquet,629435,8972,46421,www.cdc.gov/covid
train_landmarks/105848.parquet,105848,8973,56566,456 elm st suite 200
train_landmarks/791499.parquet,791499,8974,89840,vision quick sign analysis dog
train_landmarks/477432.parquet,477432,8975,94939,deep dog dataset
train_landmarks/925030.parquet,925030,8976,32431,456 elm st suite 200
train_landmarks/873008.parquet,873008,8977,60019,https://www.google.com
train_landmarks/428087.parquet,428087,8978,30969,+1-800-222-3344
train_landmarks/581285.parquet,581285,8979,24371,quick accuracy science brown
train_landmarks/972114.parquet,972114,8980,86622,evaluation fox dataset analysis
train_landmarks/105708.parquet,105708,8981,60432,language over world asl project
train_landmarks/207632.parquet,207632,8982,14165,university project quick science jumps
train_landmarks/196825.parquet,196825,8983,59797,accuracy over evaluation
train_landmarks/413936.parquet,413936,8984,31319,hello the
train_landmarks/765940.parquet,765940,8985,76784,fox over guatemala
train_landmarks/881526.parquet,881526,8986,58520,456 elm st suite 200
train_landmarks/660711.parquet,660711,8987,61856,(212) 555-4321
train_landmarks/969010.parquet,969010,8988,83563,1600 pennsylvania ave
train_landmarks/923284.parquet,923284,8989,22156,deep fox deep quick recognition accuracy
train_landmarks/947389.parquet,947389,8990,75435,(212) 555-4321
train_landmarks/758558.parquet,758558,8991,64987,recognition model engineering sign brown
train_landmarks/803775.parquet,803775,8992,82357,dataset accuracy brown dog
train_landmarks/200701.parquet,200701,8993,59797,sign jumps american vision accuracy frequency
train_landmarks/780454.parquet,780454,8994,82357,(555) 234-5678
train_landmarks/870938.parquet,870938,8995,51245,project dog asl
train_landmarks/453423.parquet,453423,8996,92397,fox jumps science asl brown learning
train_landmarks/259041.parquet,259041,8997,89840,frequency guatemala sign fingerspelling frequency
train_landmarks/302230.parquet,302230,8998,14165,742 evergreen terrace
train_landmarks/239202.parquet,239202,8999,66155,engineering asl american
train_landmarks/251302.parquet,251302,9000,92397,jumps welcome world quick language guatemala
train_landmarks/120573.parquet,120573,9001,40021,1600 pennsylvania ave
train_landmarks/119232.parquet,119232,9002,95909,accuracy project lazy guatemala vision language
train_landmarks/201607.parquet,201607,9003,54597,university computer world fox quick quick
train_landmarks/104682.parquet,104682,9004,24371,1600 pennsylvania ave
train_landmarks/666139.parquet,666139,9005,83000,+1-555-987-6543
train_landmarks/352546.parquet,352546,9006,20458,dog the the science dog accuracy
train_landmarks/977177.parquet,977177,9007,46463,the sign deep guatemala american
train_landmarks/140004.parquet,140004,9008,60432,221b baker street
train_landmarks/990366.parquet,990366,9009,70142,asl accuracy world project computer
train_landmarks/153413.parquet,153413,9010,65392,dataset model quick project
train_landmarks/232632.parquet,232632,9011,26361,221b baker street
train_landmarks/704975.parquet,704975,9012,86484,www.nytimes.com/world
train_landmarks/546119.parquet,546119,9013,18675,(555) 234-5678
train_landmarks/297208.parquet,297208,9014,44718,https://www.google.com
train_landmarks/436217.parquet,436217,9015,59823,analysis fox
train_landmarks/753455.parquet,753455,9016,37869,university welcome project analysis
train_landmarks/632616.parquet,632616,9017,85674,world project the over over welcome
train_landmarks/102798.parquet,102798,9018,54597,1600 pennsylvania ave
train_landmarks/430022.parquet,430022,9019,52504,(555) 234-5678
train_landmarks/488446.parquet,488446,9020,11504,to welcome asl quick lazy over
train_landmarks/590854.parquet,590854,9021,44671,www.nytimes.com/world
train_landmarks/679713.parquet,679713,9022,69429,the to lazy frequency
train_landmarks/882420.parquet,882420,9023,62581,computer brown the dataset model fox
train_landmarks/123137.parquet,123137,9024,19358,american computer
train_landmarks/143740.parquet,143740,9025,76784,brown science recognition model
train_landmarks/326774.parquet,326774,9026,28726,project learning jumps
train_landmarks/911914.parquet,911914,9027,23434,221b baker street
train_landmarks/712279.parquet,712279,9028,25014,800-555-0199
train_landmarks/635747.parquet,635747,9029,94259,221b baker street
train_landmarks/312928.parquet,312928,9030,21915,www.cdc.gov/covid
train_landmarks/807144.parquet,807144,9031,40021,123 main street apt 4b
train_landmarks/732008.parquet,732008,9032,74686,https://www.google.com
train_landmarks/484793.parquet,484793,9033,38657,456 elm st suite 200
train_landmarks/950603.parquet,950603,9034,82357,http://wikipedia.org/asl
train_landmarks/255935.parquet,255935,9035,24371,742 evergreen terrace
train_landmarks/313475.parquet,313475,9036,30926,221b baker street
train_landmarks/986380.parquet,986380,9037,87397,(555) 234-5678
train_landmarks/243553.parquet,243553,9038,83579,engineering brown dog science recognition frequency
train_landmarks/551599.parquet,551599,9039,28131,(212) 555-4321
train_landmarks/466943.parquet,466943,9040,64987,brown welcome dataset
train_landmarks/430424.parquet,430424,9041,74686,engineering world guatemala language fox quick
train_landmarks/669428.parquet,669428,9042,45093,university asl
train_landmarks/344014.parquet,344014,9043,56566,sign computer
train_landmarks/707060.parquet,707060,9044,28131,456 elm st suite 200
train_landmarks/918996.parquet,918996,9045,47930,(415) 555-8833
train_landmarks/896555.parquet,896555,9046,10851,https://github.com/kaggle
train_landmarks/108215.parquet,108215,9047,57052,+1-800-222-3344
train_landmarks/964751.parquet,964751,9048,58520,+1-800-222-3344
train_landmarks/332803.parquet,332803,9049,99593,computer dog vision asl evaluation welcome
train_landmarks/740241.parquet,740241,9050,66155,american hello the
train_landmarks/425409.parquet,425409,9051,83579,+1-800-222-3344
train_landmarks/672805.parquet,672805,9052,70589,science welcome quick american over
train_landmarks/144904.parquet,144904,9053,42325,welcome dataset recognition guatemala lazy
train_landmarks/627921.parquet,627921,9054,46463,https://github.com/kaggle
train_landmarks/609116.parquet,609116,9055,28289,(555) 234-5678
train_landmarks/984091.parquet,984091,9056,16175,engineering jumps lazy frequency language the
train_landmarks/738274.parquet,738274,9057,87397,sign world american computer project fox
train_landmarks/826030.parquet,826030,9058,54118,fox language vision
train_landmarks/934743.parquet,934743,9059,18675,model fingerspelling sign engineering over
train_landmarks/780438.parquet,780438,9060,96673,sign language the asl analysis
train_landmarks/518326.parquet,518326,9061,24371,deep sign frequency over recognition welcome
train_landmarks/271369.parquet,271369,9062,89131,221b baker street
train_landmarks/804626.parquet,804626,9063,24592,+1-555-987-6543
train_landmarks/628042.parquet,628042,9064,44671,language brown science jumps computer
train_landmarks/205762.parquet,205762,9065,31417,evaluation engineering science dog quick brown
train_landmarks/322432.parquet,322432,9066,91070,(415) 555-8833
train_landmarks/104597.parquet,104597,9067,94939,analysis hello analysis engineering
train_landmarks/677744.parquet,677744,9068,24371,analysis sign lazy fingerspelling
train_landmarks/934578.parquet,934578,9069,99192,456 elm st suite 200
train_landmarks/825667.parquet,825667,9070,59797,10 downing street london
train_landmarks/765218.parquet,765218,9071,69429,https://www.google.com
train_landmarks/291677.parquet,291677,9072,89840,http://wikipedia.org/asl
train_landmarks/802510.parquet,802510,9073,60019,fingerspelling fingerspelling
train_landmarks/862451.parquet,862451,9074,25014,742 evergreen terrace
train_landmarks/435729.parquet,435729,9075,30379,analysis project deep dog the american
train_landmarks/682779.parquet,682779,9076,75435,https://github.com/kaggle
train_landmarks/566754.parquet,566754,9077,91070,learning model science jumps
train_landmarks/870653.parquet,870653,9078,93810,sign the engineering brown evaluation welcome
train_landmarks/666768.parquet,666768,9079,24592,dog dataset
train_landmarks/310015.parquet,310015,9080,69429,model engineering fox project
train_landmarks/454650.parquet,454650,9081,31319,123 main street apt 4b
train_landmarks/383220.parquet,383220,9082,46048,221b baker street
train_landmarks/388928.parquet,388928,9083,45093,hello model american sign
train_landmarks/571421.parquet,571421,9084,89131,+1-800-222-3344
train_landmarks/140915.parquet,140915,9085,93227,221b baker street
train_landmarks/600792.parquet,600792,9086,44671,123 main street apt 4b
train_landmarks/133581.parquet,133581,9087,38893,university science
train_landmarks/387563.parquet,387563,9088,96673,hello the fox science world
train_landmarks/504954.parquet,504954,9089,30379,www.nytimes.com/world
train_landmarks/635820.parquet,635820,9090,94939,to jumps analysis vision world
train_landmarks/375840.parquet,375840,9091,10851,456 elm st suite 200
train_landmarks/521423.parquet,521423,9092,56566,221b baker street
train_landmarks/287333.parquet,287333,9093,81426,engineering over
train_landmarks/853524.parquet,853524,9094,62581,221b baker street
train_landmarks/384487.parquet,384487,9095,70142,https://www.google.com
train_landmarks/203696.parquet,203696,9096,22280,1600 pennsylvania ave
train_landmarks/209275.parquet,209275,9097,69429,800-555-0199
train_landmarks/559583.parquet,559583,9098,21395,language deep sign
train_landmarks/348089.parquet,348089,9099,45382,model vision recognition
train_landmarks/509235.parquet,509235,9100,59797,www.amazon.com/deals
train_landmarks/778322.parquet,778322,9101,44993,vision dataset lazy fingerspelling science
train_landmarks/191096.parquet,191096,9102,56566,www.amazon.com/deals
train_landmarks/520944.parquet,520944,9103,65333,1600 pennsylvania ave
train_landmarks/772582.parquet,772582,9104,89840,university lazy vision brown welcome evaluation
train_landmarks/268748.parquet,268748,9105,70589,456 elm st suite 200
train_landmarks/343075.parquet,343075,9106,19116,vision quick
train_landmarks/865193.parquet,865193,9107,60019,https://youtube.com/watch
train_landmarks/532632.parquet,532632,9108,28301,vision quick accuracy brown recognition
train_landmarks/138020.parquet,138020,9109,57052,the recognition
train_landmarks/550562.parquet,550562,9110,76784,10 downing street london
train_landmarks/721677.parquet,721677,9111,40512,to welcome learning quick
train_landmarks/200753.parquet,200753,9112,28131,221b baker street
train_landmarks/381821.parquet,381821,9113,38746,vision frequency learning
train_landmarks/896411.parquet,896411,9114,46463,accuracy the vision
train_landmarks/289685.parquet,289685,9115,37653,to deep language
train_landmarks/579984.parquet,579984,9116,55082,quick evaluation lazy
train_landmarks/214302.parquet,214302,9117,89131,456 elm st suite 200
train_landmarks/491660.parquet,491660,9118,89131,language fox dataset quick sign
train_landmarks/800275.parquet,800275,9119,95909,742 evergreen terrace
train_landmarks/223674.parquet,223674,9120,30379,dog university
train_landmarks/100974.parquet,100974,9121,93810,quick the hello jumps
train_landmarks/580648.parquet,580648,9122,37869,hello model vision evaluation
train_landmarks/534002.parquet,534002,9123,38893,456 elm st suite 200
train_landmarks/806430.parquet,806430,9124,22280,brown welcome lazy american
train_landmarks/614163.parquet,614163,9125,30379,brown engineering the american
train_landmarks/835176.parquet,835176,9126,91070,lazy model analysis language
train_landmarks/856209.parquet,856209,9127,93320,1600 pennsylvania ave
train_landmarks/728627.parquet,728627,9128,39256,american welcome university lazy hello brown
train_landmarks/460988.parquet,460988,9129,42953,guatemala guatemala dataset
train_landmarks/981354.parquet,981354,9130,37869,quick frequency fingerspelling
train_landmarks/387078.parquet,387078,9131,70217,university hello
train_landmarks/240403.parquet,240403,9132,15695,project world vision world dog
train_landmarks/852417.parquet,852417,9133,46434,learning to project science university american
train_landmarks/774814.parquet,774814,9134,99733,world frequency
train_landmarks/595397.parquet,595397,9135,95181,hello vision asl
train_landmarks/387254.parquet,387254,9136,46463,jumps frequency dataset american vision
train_landmarks/410188.parquet,410188,9137,21915,https://www.google.com
train_landmarks/529991.parquet,529991,9138,22156,10 downing street london
train_landmarks/178094.parquet,178094,9139,91070,www.nytimes.com/world
train_landmarks/686192.parquet,686192,9140,16175,800-555-0199
train_landmarks/743415.parquet,743415,9141,14207,language brown computer jumps jumps jumps
train_landmarks/472764.parquet,472764,9142,20328,project evaluation guatemala frequency over sign
train_landmarks/174909.parquet,174909,9143,45093,www.amazon.com/deals
train_landmarks/592382.parquet,592382,9144,46048,brown evaluation model dataset dog deep
train_landmarks/467781.parquet,467781,9145,75435,guatemala vision engineering dog
train_landmarks/314512.parquet,314512,9146,31319,quick frequency deep american
train_landmarks/121084.parquet,121084,9147,62350,10 downing street london
train_landmarks/326969.parquet,326969,9148,88104,https://github.com/kaggle
train_landmarks/719625.parquet,719625,9149,88172,10 downing street london
train_landmarks/406665.parquet,406665,9150,99192,(212) 555-4321
train_landmarks/666101.parquet,666101,9151,56566,frequency computer dataset lazy
train_landmarks/824534.parquet,824534,9152,48427,over over
train_landmarks/768126.parquet,768126,9153,69429,http://wikipedia.org/asl
train_landmarks/291352.parquet,291352,9154,45093,10 downing street london
train_landmarks/259581.parquet,259581,9155,24371,https://apple.com/ios
train_landmarks/182552.parquet,182552,9156,65392,1600 pennsylvania ave
train_landmarks/905481.parquet,905481,9157,99192,221b baker street
train_landmarks/629761.parquet,629761,9158,62350,computer project american asl the
train_landmarks/126359.parquet,126359,9159,11504,vision university
train_landmarks/503523.parquet,503523,9160,24371,science over hello
train_landmarks/788675.parquet,788675,9161,22676,jumps to over
train_landmarks/906349.parquet,906349,9162,22280,221b baker street
train_landmarks/155130.parquet,155130,9163,38657,(212) 555-4321
train_landmarks/142040.parquet,142040,9164,55082,221b baker street
train_landmarks/929575.parquet,929575,9165,83000,science university american
train_landmarks/795792.parquet,795792,9166,86622,10 downing street london
train_landmarks/783427.parquet,783427,9167,30969,1-888-456-7890
train_landmarks/751915.parquet,751915,9168,99733,123 main street apt 4b
train_landmarks/507689.parquet,507689,9169,93810,accuracy world
train_landmarks/390571.parquet,390571,9170,46463,+1-800-222-3344
train_landmarks/811839.parquet,811839,9171,14165,deep engineering university science learning language
train_landmarks/652922.parquet,652922,9172,48427,+1-800-222-3344
train_landmarks/253938.parquet,253938,9173,58520,fox accuracy
train_landmarks/468996.parquet,468996,9174,39256,www.amazon.com/deals
train_landmarks/274007.parquet,274007,9175,82357,1600 pennsylvania ave
train_landmarks/568014.parquet,568014,9176,87236,model engineering guatemala to welcome dog
train_landmarks/314726.parquet,314726,9177,40021,www.nytimes.com/world
train_landmarks/702021.parquet,702021,9178,69429,brown vision vision
train_landmarks/956982.parquet,956982,9179,31319,456 elm st suite 200
train_landmarks/166660.parquet,166660,9180,20458,dataset frequency asl computer jumps
train_landmarks/941616.parquet,941616,9181,88104,https://www.google.com
train_landmarks/924071.parquet,924071,9182,54597,www.nytimes.com/world
train_landmarks/654008.parquet,654008,9183,56566,10 downing street london
train_landmarks/740476.parquet,740476,9184,75435,analysis model deep dataset
train_landmarks/586607.parquet,586607,9185,89840,https://www.google.com
train_landmarks/468086.parquet,468086,9186,88172,www.cdc.gov/covid
train_landmarks/441403.parquet,441403,9187,91070,(415) 555-8833
train_landmarks/156001.parquet,156001,9188,69429,lazy computer the analysis analysis
train_landmarks/975230.parquet,975230,9189,65302,lazy dataset project language model over
train_landmarks/622127.parquet,622127,9190,93886,+1-800-222-3344
train_landmarks/931988.parquet,931988,9191,57052,123 main street apt 4b
train_landmarks/287680.parquet,287680,9192,64987,221b baker street
train_landmarks/809177.parquet,809177,9193,89840,lazy brown analysis over
train_landmarks/372784.parquet,372784,9194,99593,sign jumps vision
train_landmarks/566063.parquet,566063,9195,87397,221b baker street
train_landmarks/302181.parquet,302181,9196,37653,frequency world vision hello
train_landmarks/921033.parquet,921033,9197,99733,learning asl hello guatemala language engineering
train_landmarks/899924.parquet,899924,9198,46463,computer deep language
train_landmarks/106650.parquet,106650,9199,69429,evaluation science vision
train_landmarks/984784.parquet,984784,9200,95909,123 main street apt 4b
train_landmarks/798103.parquet,798103,9201,44993,welcome vision quick deep analysis over
train_landmarks/192980.parquet,192980,9202,35203,accuracy university
train_landmarks/194001.parquet,194001,9203,70217,science engineering project recognition world
train_landmarks/968925.parquet,968925,9204,93886,science university computer accuracy dataset
train_landmarks/819634.parquet,819634,9205,18326,742 evergreen terrace
train_landmarks/196725.parquet,196725,9206,62581,learning dog
train_landmarks/101541.parquet,101541,9207,87397,engineering asl
train_landmarks/490111.parquet,490111,9208,69429,456 elm st suite 200
train_landmarks/828116.parquet,828116,9209,30033,1600 pennsylvania ave
train_landmarks/539618.parquet,539618,9210,65302,to project lazy jumps vision
train_landmarks/602995.parquet,602995,9211,99166,evaluation to
train_landmarks/554264.parquet,554264,9212,60019,the dataset learning dog quick evaluation
train_landmarks/546929.parquet,546929,9213,87397,fox learning vision
train_landmarks/538475.parquet,538475,9214,18326,guatemala to frequency analysis dog
train_landmarks/975918.parquet,975918,9215,48427,lazy frequency world sign
train_landmarks/100073.parquet,100073,9216,76784,brown analysis fingerspelling recognition brown language
train_landmarks/780886.parquet,780886,9217,47930,1600 pennsylvania ave
train_landmarks/158895.parquet,158895,9218,59823,742 evergreen terrace
train_landmarks/552807.parquet,552807,9219,52504,456 elm st suite 200
train_landmarks/733235.parquet,733235,9220,28301,https://youtube.com/watch
train_landmarks/988525.parquet,988525,9221,42098,welcome quick
train_landmarks/224165.parquet,224165,9222,45382,www.nytimes.com/world
train_landmarks/564587.parquet,564587,9223,46463,fox language world
train_landmarks/564691.parquet,564691,9224,82357,https://youtube.com/watch
train_landmarks/805796.parquet,805796,9225,82357,www.nytimes.com/world
train_landmarks/384316.parquet,384316,9226,69429,frequency jumps
train_landmarks/636107.parquet,636107,9227,26361,1-888-456-7890
train_landmarks/802054.parquet,802054,9228,22280,sign learning science language american american
train_landmarks/368398.parquet,368398,9229,95181,to fingerspelling sign asl deep
train_landmarks/285563.parquet,285563,9230,42098,1600 pennsylvania ave
train_landmarks/626617.parquet,626617,9231,69429,(415) 555-8833
train_landmarks/345715.parquet,345715,9232,88104,https://www.google.com
train_landmarks/697562.parquet,697562,9233,40495,analysis hello
train_landmarks/953932.parquet,953932,9234,60019,1600 pennsylvania ave
train_landmarks/116730.parquet,116730,9235,75435,https://github.com/kaggle
train_landmarks/993413.parquet,993413,9236,17331,asl frequency learning
train_landmarks/192116.parquet,192116,9237,40021,www.amazon.com/deals
train_landmarks/500407.parquet,500407,9238,28131,10 downing street london
train_landmarks/647233.parquet,647233,9239,22280,the over sign guatemala
train_landmarks/888884.parquet,888884,9240,58520,university vision model accuracy
train_landmarks/224802.parquet,224802,9241,18675,brown accuracy quick world vision
train_landmarks/796160.parquet,796160,9242,59735,vision asl language
train_landmarks/769710.parquet,769710,9243,28131,1-888-456-7890
train_landmarks/189960.parquet,189960,9244,21395,analysis model
train_landmarks/165782.parquet,165782,9245,18675,221b baker street
train_landmarks/862446.parquet,862446,9246,94939,https://github.com/kaggle
train_landmarks/499724.parquet,499724,9247,91070,the analysis
train_landmarks/723002.parquet,723002,9248,59615,https://youtube.com/watch
train_landmarks/869297.parquet,869297,9249,38785,221b baker street
train_landmarks/374432.parquet,374432,9250,30033,www.amazon.com/deals
train_landmarks/815499.parquet,815499,9251,31319,welcome recognition
train_landmarks/333558.parquet,333558,9252,38746,american language fox
train_landmarks/837487.parquet,837487,9253,19116,computer deep
train_landmarks/555097.parquet,555097,9254,13905,recognition the american engineering guatemala quick
train_landmarks/543281.parquet,543281,9255,23434,brown guatemala world frequency science vision
train_landmarks/857611.parquet,857611,9256,28289,742 evergreen terrace
train_landmarks/600073.parquet,600073,9257,91070,model world engineering
train_landmarks/529106.parquet,529106,9258,26361,quick guatemala to sign engineering
train_landmarks/681300.parquet,681300,9259,37869,(415) 555-8833
train_landmarks/112215.parquet,112215,9260,61856,(415) 555-8833
train_landmarks/602917.parquet,602917,9261,28289,10 downing street london
train_landmarks/718039.parquet,718039,9262,46421,learning over engineering quick
train_landmarks/161572.parquet,161572,9263,22676,+1-555-987-6543
train_landmarks/167633.parquet,167633,9264,89840,frequency fox to language science evaluation
train_landmarks/819595.parquet,819595,9265,95181,1600 pennsylvania ave
train_landmarks/764448.parquet,764448,9266,13478,hello guatemala computer recognition model
train_landmarks/630637.parquet,630637,9267,60432,engineering brown language
train_landmarks/186769.parquet,186769,9268,86622,https://youtube.com/watch
train_landmarks/343694.parquet,343694,9269,87236,1-888-456-7890
train_landmarks/975624.parquet,975624,9270,96673,www.cdc.gov/covid
train_landmarks/564589.parquet,564589,9271,82357,learning project sign recognition frequency
train_landmarks/273460.parquet,273460,9272,83579,123 main street apt 4b
train_landmarks/346193.parquet,346193,9273,56566,dataset hello deep hello
train_landmarks/926109.parquet,926109,9274,88907,800-555-0199
train_landmarks/647972.parquet,647972,9275,75435,fox vision
train_landmarks/455332.parquet,455332,9276,35203,221b baker street
train_landmarks/389893.parquet,389893,9277,59797,frequency fox computer evaluation
train_landmarks/480111.parquet,480111,9278,91070,over university project
train_landmarks/114601.parquet,114601,9279,31319,computer dog project
train_landmarks/274939.parquet,274939,9280,20328,deep learning jumps
train_landmarks/346129.parquet,346129,9281,38221,800-555-0199
train_landmarks/200666.parquet,200666,9282,19116,to dataset accuracy analysis welcome science
train_landmarks/678507.parquet,678507,9283,46048,https://github.com/kaggle
train_landmarks/333508.parquet,333508,9284,28301,742 evergreen terrace
train_landmarks/540734.parquet,540734,9285,38893,evaluation learning quick analysis
train_landmarks/919908.parquet,919908,9286,39256,analysis quick frequency sign sign lazy
train_landmarks/870358.parquet,870358,9287,40021,456 elm st suite 200
train_landmarks/884856.parquet,884856,9288,28301,800-555-0199
train_landmarks/868125.parquet,868125,9289,62350,evaluation frequency
train_landmarks/264864.parquet,264864,9290,31319,frequency guatemala learning asl
train_landmarks/649009.parquet,649009,9291,65392,www.amazon.com/deals
train_landmarks/664649.parquet,664649,9292,75435,www.cdc.gov/covid
train_landmarks/538373.parquet,538373,9293,37653,https://github.com/kaggle
train_landmarks/841063.parquet,841063,9294,54118,engineering asl the brown lazy
train_landmarks/242269.parquet,242269,9295,99192,dataset engineering dog world fox
train_landmarks/399470.parquet,399470,9296,22280,project to asl learning american
train_landmarks/808465.parquet,808465,9297,99166,10 downing street london
train_landmarks/611237.parquet,611237,9298,21915,www.nytimes.com/world
train_landmarks/718777.parquet,718777,9299,45093,the quick accuracy engineering welcome
train_landmarks/630450.parquet,630450,9300,18326,1-888-456-7890
train_landmarks/677510.parquet,677510,9301,95909,accuracy learning
train_landmarks/786520.parquet,786520,9302,46463,engineering frequency asl
train_landmarks/967843.parquet,967843,9303,59823,10 downing street london
train_landmarks/884076.parquet,884076,9304,21395,123 main street apt 4b
train_landmarks/896358.parquet,896358,9305,85674,hello world fox computer university
train_landmarks/262201.parquet,262201,9306,61856,the guatemala vision
train_landmarks/923054.parquet,923054,9307,85674,(212) 555-4321
train_landmarks/971493.parquet,971493,9308,80284,+1-555-987-6543
train_landmarks/938841.parquet,938841,9309,45382,language dataset jumps sign science language
train_landmarks/494350.parquet,494350,9310,16175,https://youtube.com/watch
train_landmarks/698004.parquet,698004,9311,39256,recognition hello brown
train_landmarks/503004.parquet,503004,9312,85674,lazy learning computer brown jumps recognition
train_landmarks/866125.parquet,866125,9313,81426,1600 pennsylvania ave
train_landmarks/827729.parquet,827729,9314,18675,1-888-456-7890
train_landmarks/491388.parquet,491388,9315,22280,dataset hello
train_landmarks/782547.parquet,782547,9316,14207,(555) 234-5678
train_landmarks/477795.parquet,477795,9317,57052,1600 pennsylvania ave
train_landmarks/782980.parquet,782980,9318,10851,university welcome quick recognition computer
train_landmarks/176879.parquet,176879,9319,18326,www.amazon.com/deals
train_landmarks/276277.parquet,276277,9320,13278,computer deep model deep guatemala analysis
train_landmarks/896598.parquet,896598,9321,23238,evaluation sign fox analysis project
train_landmarks/396059.parquet,396059,9322,46048,university lazy fingerspelling
train_landmarks/356362.parquet,356362,9323,57819,american american to language american
train_landmarks/373752.parquet,373752,9324,58520,lazy model jumps fox
train_landmarks/308041.parquet,308041,9325,70217,+1-800-222-3344
train_landmarks/928671.parquet,928671,9326,13478,engineering frequency dog language guatemala
train_landmarks/913460.parquet,913460,9327,91070,brown university quick welcome american world
train_landmarks/352382.parquet,352382,9328,62581,www.nytimes.com/world
train_landmarks/697682.parquet,697682,9329,42325,guatemala asl learning hello
train_landmarks/222940.parquet,222940,9330,44993,evaluation quick accuracy model project project
train_landmarks/727453.parquet,727453,9331,59735,https://github.com/kaggle
train_landmarks/209887.parquet,209887,9332,30926,https://youtube.com/watch
train_landmarks/474137.parquet,474137,9333,57052,welcome the quick deep fox
train_landmarks/175671.parquet,175671,9334,64987,742 evergreen terrace
train_landmarks/569520.parquet,569520,9335,23396,welcome learning
train_landmarks/247383.parquet,247383,9336,46421,1600 pennsylvania ave
train_landmarks/651428.parquet,651428,9337,56566,frequency sign
train_landmarks/740714.parquet,740714,9338,32431,fingerspelling the
train_landmarks/374425.parquet,374425,9339,60432,www.amazon.com/deals
train_landmarks/236617.parquet,236617,9340,10851,frequency brown analysis
train_landmarks/207921.parquet,207921,9341,40021,www.amazon.com/deals
train_landmarks/336188.parquet,336188,9342,57447,https://www.google.com
train_landmarks/119506.parquet,119506,9343,93227,project vision
train_landmarks/289658.parquet,289658,9344,22156,dog frequency
train_landmarks/278150.parquet,278150,9345,59797,1-888-456-7890
train_landmarks/784031.parquet,784031,9346,42098,https://github.com/kaggle
train_landmarks/794686.parquet,794686,9347,44671,742 evergreen terrace
train_landmarks/285206.parquet,285206,9348,61856,https://apple.com/ios
train_landmarks/988410.parquet,988410,9349,39256,http://weather.com/today
train_landmarks/105122.parquet,105122,9350,46421,http://weather.com/today
train_landmarks/507022.parquet,507022,9351,84341,frequency dog
train_landmarks/522558.parquet,522558,9352,42325,www.nytimes.com/world
train_landmarks/619392.parquet,619392,9353,69429,www.nytimes.com/world
train_landmarks/264332.parquet,264332,9354,18675,http://weather.com/today
train_landmarks/482165.parquet,482165,9355,85674,https://apple.com/ios
train_landmarks/107550.parquet,107550,9356,64987,123 main street apt 4b
train_landmarks/823406.parquet,823406,9357,19116,dog guatemala to fox
train_landmarks/521789.parquet,521789,9358,70589,jumps engineering quick model recognition
train_landmarks/496221.parquet,496221,9359,60019,hello frequency to brown dataset
train_landmarks/454341.parquet,454341,9360,98696,https://github.com/kaggle
train_landmarks/789466.parquet,789466,9361,58520,https://youtube.com/watch
train_landmarks/564655.parquet,564655,9362,80284,+1-800-222-3344
train_landmarks/714980.parquet,714980,9363,56566,world the welcome
train_landmarks/768703.parquet,768703,9364,46048,language deep fingerspelling dog
train_landmarks/690835.parquet,690835,9365,44671,https://youtube.com/watch
train_landmarks/336231.parquet,336231,9366,57447,guatemala to world dog fox welcome
train_landmarks/628870.parquet,628870,9367,89840,https://www.google.com
train_landmarks/129008.parquet,129008,9368,69429,fox jumps asl to
train_landmarks/197017.parquet,197017,9369,57052,sign vision hello to guatemala
train_landmarks/919540.parquet,919540,9370,89131,http://weather.com/today
train_landmarks/905870.parquet,905870,9371,57400,frequency to learning learning
train_landmarks/404562.parquet,404562,9372,28131,10 downing street london
train_landmarks/401543.parquet,401543,9373,42953,fox fox
train_landmarks/776965.parquet,776965,9374,59823,jumps over
train_landmarks/199533.parquet,199533,9375,35203,1600 pennsylvania ave
train_landmarks/210268.parquet,210268,9376,76784,university the dataset model fox american
train_landmarks/466015.parquet,466015,9377,20458,www.amazon.com/deals
train_landmarks/225812.parquet,225812,9378,89840,university asl analysis project to the
train_landmarks/520732.parquet,520732,9379,30379,https://youtube.com/watch
train_landmarks/778956.parquet,778956,9380,61856,800-555-0199
train_landmarks/806362.parquet,806362,9381,99593,computer world lazy recognition science science
train_landmarks/879587.parquet,879587,9382,86484,model vision evaluation over jumps the
train_landmarks/986378.parquet,986378,9383,42325,engineering brown the dog evaluation to
train_landmarks/398115.parquet,398115,9384,54597,1600 pennsylvania ave
train_landmarks/192680.parquet,192680,9385,37869,+1-800-222-3344
train_landmarks/249585.parquet,249585,9386,86622,fox analysis university university to
train_landmarks/167556.parquet,167556,9387,82357,recognition to guatemala guatemala
train_landmarks/152156.parquet,152156,9388,68878,https://www.google.com
train_landmarks/547248.parquet,547248,9389,93810,welcome lazy welcome university
train_landmarks/366628.parquet,366628,9390,69429,www.nytimes.com/world
train_landmarks/821344.parquet,821344,9391,82357,http://weather.com/today
train_landmarks/312995.parquet,312995,9392,89840,742 evergreen terrace
train_landmarks/139868.parquet,139868,9393,46463,the sign over welcome vision fox
train_landmarks/844243.parquet,844243,9394,21915,1600 pennsylvania ave
train_landmarks/563421.parquet,563421,9395,59797,https://github.com/kaggle
train_landmarks/538663.parquet,538663,9396,46421,http://weather.com/today
train_landmarks/217803.parquet,217803,9397,57819,456 elm st suite 200
train_landmarks/113373.parquet,113373,9398,58520,+1-555-987-6543
train_landmarks/278047.parquet,278047,9399,54597,123 main street apt 4b
train_landmarks/792838.parquet,792838,9400,22676,hello fox fingerspelling
train_landmarks/295779.parquet,295779,9401,38893,to university american hello quick asl
train_landmarks/570948.parquet,570948,9402,37869,evaluation hello over fox
train_landmarks/297057.parquet,297057,9403,28301,dataset computer fingerspelling
train_landmarks/761215.parquet,761215,9404,69429,evaluation guatemala
train_landmarks/669564.parquet,669564,9405,37869,1-888-456-7890
train_landmarks/543846.parquet,543846,9406,75435,science fox accuracy evaluation
train_landmarks/501360.parquet,501360,9407,13478,+1-555-987-6543
train_landmarks/855868.parquet,855868,9408,42953,456 elm st suite 200
train_landmarks/494289.parquet,494289,9409,57447,1-888-456-7890
train_landmarks/956262.parquet,956262,9410,30926,123 main street apt 4b
train_landmarks/446967.parquet,446967,9411,46463,hello to dataset brown frequency analysis
train_landmarks/420552.parquet,420552,9412,76237,+1-800-222-3344
train_landmarks/701455.parquet,701455,9413,13478,to analysis analysis
train_landmarks/707074.parquet,707074,9414,61856,science the sign computer evaluation fox
train_landmarks/349998.parquet,349998,9415,69429,welcome to the
train_landmarks/294676.parquet,294676,9416,42325,evaluation to language sign guatemala frequency
train_landmarks/690136.parquet,690136,9417,61856,quick to sign lazy recognition engineering
train_landmarks/144780.parquet,144780,9418,93886,lazy engineering american analysis
train_landmarks/869604.parquet,869604,9419,45093,accuracy dog analysis
train_landmarks/403572.parquet,403572,9420,13278,https://youtube.com/watch
train_landmarks/768306.parquet,768306,9421,44671,456 elm st suite 200
train_landmarks/721250.parquet,721250,9422,17331,http://wikipedia.org/asl
train_landmarks/709930.parquet,709930,9423,24592,dataset welcome
train_landmarks/985625.parquet,985625,9424,42098,742 evergreen terrace
train_landmarks/706747.parquet,706747,9425,74686,221b baker street
train_landmarks/471191.parquet,471191,9426,45093,engineering evaluation to learning
train_landmarks/125688.parquet,125688,9427,59797,guatemala engineering analysis hello project science
train_landmarks/317327.parquet,317327,9428,45093,hello evaluation university welcome
train_landmarks/939893.parquet,939893,9429,80644,456 elm st suite 200
train_landmarks/545236.parquet,545236,9430,44671,university computer language over fingerspelling over
train_landmarks/598983.parquet,598983,9431,42098,+1-555-987-6543
train_landmarks/339454.parquet,339454,9432,18326,742 evergreen terrace
train_landmarks/299916.parquet,299916,9433,20328,brown deep quick fingerspelling evaluation deep
train_landmarks/214514.parquet,214514,9434,22280,brown dog lazy analysis
train_landmarks/516468.parquet,516468,9435,31319,jumps recognition american
train_landmarks/503335.parquet,503335,9436,44718,brown computer science university accuracy computer
train_landmarks/711333.parquet,711333,9437,46421,https://www.google.com
train_landmarks/267921.parquet,267921,9438,22676,frequency science dog
train_landmarks/362513.parquet,362513,9439,38221,project sign brown
train_landmarks/178900.parquet,178900,9440,25014,lazy brown to deep
train_landmarks/850515.parquet,850515,9441,10851,https://youtube.com/watch
train_landmarks/886024.parquet,886024,9442,42087,jumps fox engineering project university
train_landmarks/278861.parquet,278861,9443,65333,https://github.com/kaggle
train_landmarks/367741.parquet,367741,9444,95181,456 elm st suite 200
train_landmarks/929574.parquet,929574,9445,42953,welcome world guatemala university
train_landmarks/932046.parquet,932046,9446,60019,science university lazy vision
train_landmarks/916253.parquet,916253,9447,24371,221b baker street
train_landmarks/442691.parquet,442691,9448,54597,fingerspelling project learning the frequency
train_landmarks/648072.parquet,648072,9449,52504,dog lazy jumps language
train_landmarks/483682.parquet,483682,9450,28726,10 downing street london
train_landmarks/209103.parquet,209103,9451,99166,456 elm st suite 200
train_landmarks/110248.parquet,110248,9452,87236,analysis accuracy
train_landmarks/377455.parquet,377455,9453,44718,deep quick guatemala jumps world fingerspelling
train_landmarks/850362.parquet,850362,9454,59615,1-888-456-7890
train_landmarks/919722.parquet,919722,9455,68878,(555) 234-5678
train_landmarks/589987.parquet,589987,9456,47930,(415) 555-8833
train_landmarks/495872.parquet,495872,9457,80644,https://apple.com/ios
train_landmarks/579735.parquet,579735,9458,69429,+1-800-222-3344
train_landmarks/555008.parquet,555008,9459,94939,hello lazy
train_landmarks/198239.parquet,198239,9460,25014,science jumps over
train_landmarks/873990.parquet,873990,9461,19116,(415) 555-8833
train_landmarks/107249.parquet,107249,9462,83000,742 evergreen terrace
train_landmarks/781504.parquet,781504,9463,92397,+1-800-222-3344
train_landmarks/773383.parquet,773383,9464,35203,world fox brown
train_landmarks/400132.parquet,400132,9465,18675,1600 pennsylvania ave
train_landmarks/708835.parquet,708835,9466,18326,(212) 555-4321
train_landmarks/307186.parquet,307186,9467,89840,language fox frequency university project
train_landmarks/237880.parquet,237880,9468,44718,computer accuracy evaluation
train_landmarks/208281.parquet,208281,9469,65302,to lazy recognition asl
train_landmarks/628328.parquet,628328,9470,54597,university brown
train_landmarks/516835.parquet,516835,9471,58520,456 elm st suite 200
train_landmarks/153847.parquet,153847,9472,46048,american brown learning
train_landmarks/896106.parquet,896106,9473,22156,the american welcome engineering project
train_landmarks/533730.parquet,533730,9474,56566,sign brown to the
train_landmarks/716206.parquet,716206,9475,13278,www.nytimes.com/world
train_landmarks/663113.parquet,663113,9476,59797,https://apple.com/ios
train_landmarks/635537.parquet,635537,9477,56566,computer dog vision welcome computer
train_landmarks/334139.parquet,334139,9478,80010,evaluation analysis
train_landmarks/931295.parquet,931295,9479,88172,(212) 555-4321
train_landmarks/777640.parquet,777640,9480,40021,world language
train_landmarks/362068.parquet,362068,9481,39871,model fingerspelling sign
train_landmarks/255865.parquet,255865,9482,18326,+1-800-222-3344
train_landmarks/282803.parquet,282803,9483,42325,www.cdc.gov/covid
train_landmarks/763055.parquet,763055,9484,10851,221b baker street
train_landmarks/534450.parquet,534450,9485,13478,http://wikipedia.org/asl
train_landmarks/457208.parquet,457208,9486,62581,10 downing street london
train_landmarks/971843.parquet,971843,9487,93227,dog quick deep
train_landmarks/622502.parquet,622502,9488,83579,deep world
train_landmarks/615074.parquet,615074,9489,75435,http://wikipedia.org/asl
train_landmarks/390403.parquet,390403,9490,99733,frequency language
train_landmarks/100917.parquet,100917,9491,99166,(212) 555-4321
train_landmarks/210303.parquet,210303,9492,94939,quick language dataset
train_landmarks/234385.parquet,234385,9493,38657,(212) 555-4321
train_landmarks/422511.parquet,422511,9494,28131,lazy accuracy sign engineering science
train_landmarks/173635.parquet,173635,9495,23396,123 main street apt 4b
train_landmarks/941990.parquet,941990,9496,28301,project fingerspelling learning engineering lazy
train_landmarks/781742.parquet,781742,9497,88104,learning fingerspelling
train_landmarks/696651.parquet,696651,9498,18675,science evaluation
train_landmarks/405950.parquet,405950,9499,45382,https://youtube.com/watch
train_landmarks/722501.parquet,722501,9500,69429,guatemala fingerspelling university
train_landmarks/355520.parquet,355520,9501,92397,dataset model fingerspelling brown frequency
train_landmarks/385588.parquet,385588,9502,82357,1600 pennsylvania ave
train_landmarks/605258.parquet,605258,9503,52504,10 downing street london
train_landmarks/620059.parquet,620059,9504,94259,language deep world to
train_landmarks/345066.parquet,345066,9505,62581,221b baker street
train_landmarks/814227.parquet,814227,9506,10851,university lazy world sign language over
train_landmarks/895432.parquet,895432,9507,31319,quick jumps hello the to
train_landmarks/988391.parquet,988391,9508,83579,10 downing street london
train_landmarks/165261.parquet,165261,9509,93320,(212) 555-4321
train_landmarks/951456.parquet,951456,9510,94939,welcome guatemala language university university evaluation
train_landmarks/858418.parquet,858418,9511,28301,https://github.com/kaggle
train_landmarks/559442.parquet,559442,9512,14207,evaluation recognition the
train_landmarks/974549.parquet,974549,9513,96673,welcome american
train_landmarks/194400.parquet,194400,9514,92240,computer model university american asl
train_landmarks/434518.parquet,434518,9515,64987,sign evaluation
train_landmarks/206612.parquet,206612,9516,25014,project engineering frequency model dataset lazy
train_landmarks/929112.parquet,929112,9517,40495,(555) 234-5678
train_landmarks/346322.parquet,346322,9518,13278,http://weather.com/today
train_landmarks/133846.parquet,133846,9519,30033,(212) 555-4321
train_landmarks/932927.parquet,932927,9520,54118,1600 pennsylvania ave
train_landmarks/290432.parquet,290432,9521,75435,742 evergreen terrace
train_landmarks/169163.parquet,169163,9522,62350,asl asl welcome world asl
train_landmarks/765428.parquet,765428,9523,21915,http://wikipedia.org/asl
train_landmarks/111277.parquet,111277,9524,25014,deep dataset evaluation fingerspelling frequency
train_landmarks/453772.parquet,453772,9525,89131,lazy learning evaluation model fox
train_landmarks/700041.parquet,700041,9526,51245,742 evergreen terrace
train_landmarks/882623.parquet,882623,9527,40495,456 elm st suite 200
train_landmarks/968271.parquet,968271,9528,96673,http://wikipedia.org/asl
train_landmarks/792051.parquet,792051,9529,76784,742 evergreen terrace
train_landmarks/561903.parquet,561903,9530,92397,742 evergreen terrace
train_landmarks/943585.parquet,943585,9531,59735,world asl recognition learning
train_landmarks/195842.parquet,195842,9532,58520,dog evaluation analysis accuracy
train_landmarks/749908.parquet,749908,9533,40021,project model to asl
train_landmarks/117513.parquet,117513,9534,82512,123 main street apt 4b
train_landmarks/381355.parquet,381355,9535,23434,fingerspelling asl dog
train_landmarks/650387.parquet,650387,9536,80010,computer recognition science fingerspelling
train_landmarks/861197.parquet,861197,9537,21915,http://wikipedia.org/asl
train_landmarks/638856.parquet,638856,9538,57819,1600 pennsylvania ave
train_landmarks/642667.parquet,642667,9539,87397,fox vision lazy engineering
train_landmarks/420661.parquet,420661,9540,32431,to jumps dataset fox
train_landmarks/691140.parquet,691140,9541,26361,computer frequency over dataset computer
train_landmarks/123089.parquet,123089,9542,81426,world guatemala brown over
train_landmarks/929507.parquet,929507,9543,74686,+1-800-222-3344
train_landmarks/847612.parquet,847612,9544,56566,456 elm st suite 200
train_landmarks/736127.parquet,736127,9545,18326,university project
train_landmarks/459282.parquet,459282,9546,66155,221b baker street
train_landmarks/608678.parquet,608678,9547,18675,https://github.com/kaggle
train_landmarks/160189.parquet,160189,9548,93810,123 main street apt 4b
train_landmarks/539455.parquet,539455,9549,20458,221b baker street
train_landmarks/307706.parquet,307706,9550,10851,742 evergreen terrace
train_landmarks/778796.parquet,778796,9551,99192,guatemala quick
train_landmarks/203854.parquet,203854,9552,68878,(212) 555-4321
train_landmarks/577554.parquet,577554,9553,57052,456 elm st suite 200
train_landmarks/610248.parquet,610248,9554,56566,vision vision dataset learning jumps frequency
train_landmarks/501636.parquet,501636,9555,59797,456 elm st suite 200
train_landmarks/183430.parquet,183430,9556,54597,welcome evaluation recognition fox jumps
train_landmarks/978167.parquet,978167,9557,45382,hello the over learning
train_landmarks/821157.parquet,821157,9558,65302,+1-555-987-6543
train_landmarks/313256.parquet,313256,9559,23434,jumps model science language guatemala dog
train_landmarks/507532.parquet,507532,9560,91070,1600 pennsylvania ave
train_landmarks/903767.parquet,903767,9561,95909,model recognition recognition recognition the
train_landmarks/903219.parquet,903219,9562,89840,456 elm st suite 200
train_landmarks/343212.parquet,343212,9563,47930,engineering world
train_landmarks/665424.parquet,665424,9564,80010,recognition dataset analysis world
train_landmarks/155510.parquet,155510,9565,92397,hello world project science
train_landmarks/479900.parquet,479900,9566,18326,1600 pennsylvania ave
train_landmarks/861625.parquet,861625,9567,23434,1-888-456-7890
train_landmarks/531976.parquet,531976,9568,62581,www.amazon.com/deals
train_landmarks/364812.parquet,364812,9569,30033,10 downing street london
train_landmarks/271032.parquet,271032,9570,86622,analysis project engineering frequency
train_landmarks/357622.parquet,357622,9571,46463,asl the science over
train_landmarks/685997.parquet,685997,9572,89131,dog fingerspelling
train_landmarks/727394.parquet,727394,9573,37869,deep the
train_landmarks/783854.parquet,783854,9574,65302,american project analysis project the lazy
train_landmarks/785819.parquet,785819,9575,62350,model recognition over
train_landmarks/437965.parquet,437965,9576,37869,456 elm st suite 200
train_landmarks/978207.parquet,978207,9577,75435,deep welcome deep fingerspelling hello
train_landmarks/900141.parquet,900141,9578,14165,brown fingerspelling fingerspelling dataset dataset
train_landmarks/992177.parquet,992177,9579,37869,fingerspelling dog
train_landmarks/337463.parquet,337463,9580,45093,lazy sign dog university jumps
train_landmarks/938202.parquet,938202,9581,28131,1600 pennsylvania ave
train_landmarks/818106.parquet,818106,9582,39256,fingerspelling the hello fingerspelling accuracy world
train_landmarks/610143.parquet,610143,9583,46048,1600 pennsylvania ave
train_landmarks/335927.parquet,335927,9584,91070,1600 pennsylvania ave
train_landmarks/941860.parquet,941860,9585,95181,+1-555-987-6543
train_landmarks/690501.parquet,690501,9586,93227,fox fox project over
train_landmarks/667148.parquet,667148,9587,99192,learning frequency
train_landmarks/745653.parquet,745653,9588,35203,+1-555-987-6543
train_landmarks/632340.parquet,632340,9589,76784,(555) 234-5678
train_landmarks/124712.parquet,124712,9590,93810,over the hello asl the computer
train_landmarks/518787.parquet,518787,9591,38893,fingerspelling quick university recognition frequency lazy
train_landmarks/923797.parquet,923797,9592,42098,accuracy the hello
train_landmarks/228797.parquet,228797,9593,80284,welcome deep deep jumps fingerspelling
train_landmarks/537510.parquet,537510,9594,99192,vision over
train_landmarks/570878.parquet,570878,9595,14165,dataset lazy dog dog welcome university
train_landmarks/745453.parquet,745453,9596,93886,123 main street apt 4b
train_landmarks/120891.parquet,120891,9597,69429,http://weather.com/today
train_landmarks/368957.parquet,368957,9598,18326,asl asl fingerspelling model deep
train_landmarks/283760.parquet,283760,9599,76237,quick fingerspelling brown dog
train_landmarks/660605.parquet,660605,9600,54597,10 downing street london
train_landmarks/782207.parquet,782207,9601,42098,analysis deep vision asl jumps
train_landmarks/368049.parquet,368049,9602,40512,asl analysis to science brown
train_landmarks/957952.parquet,957952,9603,22676,dog evaluation
train_landmarks/394069.parquet,394069,9604,16175,project over hello deep brown
train_landmarks/731235.parquet,731235,9605,93886,computer learning american recognition analysis deep
train_landmarks/967544.parquet,967544,9606,83000,123 main street apt 4b
train_landmarks/456149.parquet,456149,9607,99593,model to learning model
train_landmarks/231461.parquet,231461,9608,65302,deep fingerspelling dataset the deep american
train_landmarks/976282.parquet,976282,9609,46434,world learning accuracy model hello evaluation
train_landmarks/912246.parquet,912246,9610,25014,http://weather.com/today
train_landmarks/748478.parquet,748478,9611,28131,www.amazon.com/deals
train_landmarks/119352.parquet,119352,9612,30033,221b baker street
train_landmarks/245286.parquet,245286,9613,38746,evaluation deep
train_landmarks/430582.parquet,430582,9614,13905,learning brown quick computer vision
train_landmarks/775997.parquet,775997,9615,46421,742 evergreen terrace
train_landmarks/754558.parquet,754558,9616,93810,evaluation science vision over
train_landmarks/349981.parquet,349981,9617,44671,fox sign asl
train_landmarks/338970.parquet,338970,9618,22280,evaluation hello model jumps the welcome
train_landmarks/805441.parquet,805441,9619,69429,www.cdc.gov/covid
train_landmarks/917498.parquet,917498,9620,62581,fox to university
train_landmarks/595109.parquet,595109,9621,24371,the frequency deep
train_landmarks/710092.parquet,710092,9622,61856,https://www.google.com
train_landmarks/351547.parquet,351547,9623,18326,guatemala dataset over
train_landmarks/507233.parquet,507233,9624,23434,www.amazon.com/deals
train_landmarks/814454.parquet,814454,9625,24592,10 downing street london
train_landmarks/485551.parquet,485551,9626,14207,model analysis world american asl
train_landmarks/461863.parquet,461863,9627,55082,language dog engineering dog hello
train_landmarks/708647.parquet,708647,9628,22156,brown recognition to
train_landmarks/665703.parquet,665703,9629,26361,evaluation language sign lazy
train_landmarks/655062.parquet,655062,9630,22676,deep language
train_landmarks/605724.parquet,605724,9631,56566,+1-800-222-3344
train_landmarks/970702.parquet,970702,9632,59823,science lazy deep brown recognition science
train_landmarks/478919.parquet,478919,9633,56566,frequency deep world dataset computer dataset
train_landmarks/973021.parquet,973021,9634,62581,1600 pennsylvania ave
train_landmarks/458059.parquet,458059,9635,85674,deep deep asl
train_landmarks/590479.parquet,590479,9636,23396,https://github.com/kaggle
train_landmarks/264147.parquet,264147,9637,64987,221b baker street
train_landmarks/946445.parquet,946445,9638,82357,to science welcome accuracy language
train_landmarks/133412.parquet,133412,9639,61856,american analysis
train_landmarks/795217.parquet,795217,9640,28726,hello accuracy
train_landmarks/713857.parquet,713857,9641,51347,engineering lazy the fingerspelling hello
train_landmarks/658856.parquet,658856,9642,30379,(212) 555-4321
train_landmarks/299379.parquet,299379,9643,59735,jumps computer
train_landmarks/367806.parquet,367806,9644,80010,the project computer language
train_landmarks/184626.parquet,184626,9645,57819,dataset the brown quick lazy fingerspelling
train_landmarks/288537.parquet,288537,9646,89840,dataset computer
train_landmarks/760810.parquet,760810,9647,31319,800-555-0199
train_landmarks/554616.parquet,554616,9648,80010,https://youtube.com/watch
train_landmarks/535273.parquet,535273,9649,37869,project engineering american language
train_landmarks/463402.parquet,463402,9650,22280,+1-555-987-6543
train_landmarks/540716.parquet,540716,9651,94259,10 downing street london
train_landmarks/841603.parquet,841603,9652,13478,https://github.com/kaggle
train_landmarks/211565.parquet,211565,9653,98696,the the dataset
train_landmarks/183942.parquet,183942,9654,11504,dog brown over language quick model
train_landmarks/616205.parquet,616205,9655,88104,+1-800-222-3344
train_landmarks/874211.parquet,874211,9656,23434,456 elm st suite 200
train_landmarks/845896.parquet,845896,9657,59823,guatemala language the
train_landmarks/411180.parquet,411180,9658,46463,https://github.com/kaggle
train_landmarks/201106.parquet,201106,9659,57819,123 main street apt 4b
train_landmarks/322570.parquet,322570,9660,28131,http://weather.com/today
train_landmarks/500540.parquet,500540,9661,60019,engineering project quick quick
train_landmarks/512567.parquet,512567,9662,52504,www.nytimes.com/world
train_landmarks/775173.parquet,775173,9663,82357,(212) 555-4321
train_landmarks/654029.parquet,654029,9664,93886,over hello sign quick project accuracy
train_landmarks/126659.parquet,126659,9665,44671,project accuracy model learning
train_landmarks/861701.parquet,861701,9666,99192,http://wikipedia.org/asl
train_landmarks/578255.parquet,578255,9667,16175,www.amazon.com/deals
train_landmarks/904672.parquet,904672,9668,93227,456 elm st suite 200
train_landmarks/768695.parquet,768695,9669,70217,dataset sign asl dataset science
train_landmarks/122322.parquet,122322,9670,89131,fingerspelling project dataset
train_landmarks/763990.parquet,763990,9671,42098,evaluation university engineering model
train_landmarks/121736.parquet,121736,9672,62350,learning recognition computer dataset guatemala sign
train_landmarks/666161.parquet,666161,9673,46434,welcome dog quick the welcome
train_landmarks/324402.parquet,324402,9674,70217,800-555-0199
train_landmarks/126009.parquet,126009,9675,69429,+1-800-222-3344
train_landmarks/671022.parquet,671022,9676,57447,+1-800-222-3344
train_landmarks/585499.parquet,585499,9677,76237,the asl
train_landmarks/906621.parquet,906621,9678,21915,1600 pennsylvania ave
train_landmarks/374612.parquet,374612,9679,30969,123 main street apt 4b
train_landmarks/951904.parquet,951904,9680,60019,science world learning guatemala lazy jumps
train_landmarks/184586.parquet,184586,9681,19116,www.cdc.gov/covid
train_landmarks/960036.parquet,960036,9682,54597,quick model to
train_landmarks/271813.parquet,271813,9683,91070,www.cdc.gov/covid
train_landmarks/507151.parquet,507151,9684,26361,frequency sign analysis
train_landmarks/920793.parquet,920793,9685,68878,language engineering accuracy engineering
train_landmarks/113643.parquet,113643,9686,93886,learning analysis brown over asl the
train_landmarks/419341.parquet,419341,9687,93320,quick engineering deep
train_landmarks/916675.parquet,916675,9688,16175,456 elm st suite 200
train_landmarks/233033.parquet,233033,9689,42098,www.cdc.gov/covid
train_landmarks/566849.parquet,566849,9690,40021,https://youtube.com/watch
train_landmarks/641623.parquet,641623,9691,28726,https://apple.com/ios
train_landmarks/199355.parquet,199355,9692,28726,engineering analysis engineering university jumps
train_landmarks/450041.parquet,450041,9693,30033,(212) 555-4321
train_landmarks/607504.parquet,607504,9694,75435,(415) 555-8833
train_landmarks/573536.parquet,573536,9695,88172,https://www.google.com
train_landmarks/573956.parquet,573956,9696,26361,sign sign science fingerspelling dataset
train_landmarks/422056.parquet,422056,9697,58520,www.nytimes.com/world
train_landmarks/346655.parquet,346655,9698,13278,221b baker street
train_landmarks/980708.parquet,980708,9699,93810,221b baker street
train_landmarks/696924.parquet,696924,9700,38221,10 downing street london
train_landmarks/589279.parquet,589279,9701,13905,800-555-0199
train_landmarks/459443.parquet,459443,9702,59797,(212) 555-4321
train_landmarks/565838.parquet,565838,9703,87236,recognition language deep learning accuracy dog
train_landmarks/969927.parquet,969927,9704,42098,asl analysis
train_landmarks/135658.parquet,135658,9705,99192,800-555-0199
train_landmarks/800524.parquet,800524,9706,93810,dataset the hello learning analysis
train_landmarks/470082.parquet,470082,9707,75435,deep accuracy
train_landmarks/950099.parquet,950099,9708,81426,http://wikipedia.org/asl
train_landmarks/751149.parquet,751149,9709,99192,dataset computer dog dog vision
train_landmarks/611352.parquet,611352,9710,30033,to recognition brown
train_landmarks/195907.parquet,195907,9711,40021,10 downing street london
train_landmarks/738206.parquet,738206,9712,62581,deep computer dog accuracy
train_landmarks/629661.parquet,629661,9713,93810,asl university
train_landmarks/816574.parquet,816574,9714,99166,science language
train_landmarks/901052.parquet,901052,9715,24371,learning dataset fingerspelling vision
train_landmarks/930021.parquet,930021,9716,92240,engineering language
train_landmarks/160801.parquet,160801,9717,14207,742 evergreen terrace
train_landmarks/769939.parquet,769939,9718,20328,university world language fingerspelling
train_landmarks/437360.parquet,437360,9719,30033,742 evergreen terrace
train_landmarks/826016.parquet,826016,9720,55082,american computer university guatemala hello american
train_landmarks/409113.parquet,409113,9721,32431,fox science asl fox
train_landmarks/662855.parquet,662855,9722,14165,1600 pennsylvania ave
train_landmarks/353140.parquet,353140,9723,99192,https://youtube.com/watch
train_landmarks/399944.parquet,399944,9724,83563,123 main street apt 4b
train_landmarks/731982.parquet,731982,9725,46421,asl dog world
train_landmarks/606481.parquet,606481,9726,93227,www.cdc.gov/covid
train_landmarks/712054.parquet,712054,9727,44718,fingerspelling over
train_landmarks/844024.parquet,844024,9728,38785,welcome hello accuracy asl science analysis
train_landmarks/334089.parquet,334089,9729,30379,www.cdc.gov/covid
train_landmarks/454019.parquet,454019,9730,93810,deep guatemala language
train_landmarks/587550.parquet,587550,9731,28726,456 elm st suite 200
train_landmarks/333770.parquet,333770,9732,99166,+1-555-987-6543
train_landmarks/936197.parquet,936197,9733,62350,www.nytimes.com/world
train_landmarks/878342.parquet,878342,9734,69429,(212) 555-4321
train_landmarks/545986.parquet,545986,9735,99192,123 main street apt 4b
train_landmarks/991059.parquet,991059,9736,96673,fingerspelling computer sign welcome
train_landmarks/899582.parquet,899582,9737,97841,www.cdc.gov/covid
train_landmarks/169762.parquet,169762,9738,93320,742 evergreen terrace
train_landmarks/583786.parquet,583786,9739,46434,www.amazon.com/deals
train_landmarks/821078.parquet,821078,9740,28301,world hello science learning model the
train_landmarks/124126.parquet,124126,9741,97841,456 elm st suite 200
train_landmarks/372437.parquet,372437,9742,15695,guatemala project fingerspelling sign sign fox
train_landmarks/672128.parquet,672128,9743,59797,over science
train_landmarks/619466.parquet,619466,9744,42098,lazy computer sign
train_landmarks/768158.parquet,768158,9745,70589,university to world
train_landmarks/942503.parquet,942503,9746,30379,fox frequency vision analysis accuracy welcome
train_landmarks/610869.parquet,610869,9747,95181,1600 pennsylvania ave
train_landmarks/426529.parquet,426529,9748,40021,1600 pennsylvania ave
train_landmarks/203501.parquet,203501,9749,45093,http://wikipedia.org/asl
train_landmarks/134186.parquet,134186,9750,94259,deep project dog vision
train_landmarks/813570.parquet,813570,9751,58520,model american vision
train_landmarks/944109.parquet,944109,9752,92240,1600 pennsylvania ave
train_landmarks/395416.parquet,395416,9753,18326,deep jumps
train_landmarks/597891.parquet,597891,9754,86484,www.nytimes.com/world
train_landmarks/613632.parquet,613632,9755,52504,asl american to model
train_landmarks/730796.parquet,730796,9756,44671,http://wikipedia.org/asl
train_landmarks/814236.parquet,814236,9757,99166,1600 pennsylvania ave
train_landmarks/611131.parquet,611131,9758,22676,the sign vision the
train_landmarks/941077.parquet,941077,9759,30926,recognition over language quick fingerspelling model
train_landmarks/734411.parquet,734411,9760,59823,welcome dataset quick deep hello
train_landmarks/541221.parquet,541221,9761,23434,800-555-0199
train_landmarks/961328.parquet,961328,9762,11504,1600 pennsylvania ave
train_landmarks/682061.parquet,682061,9763,59735,123 main street apt 4b
train_landmarks/650165.parquet,650165,9764,93227,www.cdc.gov/covid
train_landmarks/349563.parquet,349563,9765,40021,welcome over fingerspelling engineering language
train_landmarks/482788.parquet,482788,9766,31319,deep fox
train_landmarks/651216.parquet,651216,9767,42098,the learning the welcome lazy sign
train_landmarks/672684.parquet,672684,9768,83000,dataset computer evaluation vision computer quick
train_landmarks/892470.parquet,892470,9769,37869,science brown
train_landmarks/668740.parquet,668740,9770,47930,https://youtube.com/watch
train_landmarks/698845.parquet,698845,9771,28726,lazy learning project
train_landmarks/778992.parquet,778992,9772,46421,742 evergreen terrace
train_landmarks/484070.parquet,484070,9773,46421,+1-555-987-6543
train_landmarks/992569.parquet,992569,9774,64987,engineering engineering
train_landmarks/162399.parquet,162399,9775,91070,10 downing street london
train_landmarks/233052.parquet,233052,9776,76784,123 main street apt 4b
train_landmarks/749750.parquet,749750,9777,28131,welcome model over language dog sign
train_landmarks/993359.parquet,993359,9778,57400,1-888-456-7890
train_landmarks/275630.parquet,275630,9779,59735,lazy recognition analysis model american
train_landmarks/786826.parquet,786826,9780,95909,+1-555-987-6543
train_landmarks/468204.parquet,468204,9781,38221,computer evaluation
train_landmarks/882734.parquet,882734,9782,38893,800-555-0199
train_landmarks/476917.parquet,476917,9783,42953,221b baker street
train_landmarks/628641.parquet,628641,9784,83000,123 main street apt 4b
train_landmarks/640498.parquet,640498,9785,99166,fingerspelling dog sign computer
train_landmarks/555790.parquet,555790,9786,26361,https://www.google.com
train_landmarks/467153.parquet,467153,9787,37653,221b baker street
train_landmarks/611966.parquet,611966,9788,46421,742 evergreen terrace
train_landmarks/832116.parquet,832116,9789,59797,fingerspelling hello recognition deep quick accuracy
train_landmarks/809375.parquet,809375,9790,56566,world science language computer over quick
train_landmarks/586750.parquet,586750,9791,15695,computer dataset fox welcome hello sign
train_landmarks/948920.parquet,948920,9792,38893,http://wikipedia.org/asl
train_landmarks/596192.parquet,596192,9793,59797,world evaluation world dataset hello hello
train_landmarks/982552.parquet,982552,9794,42098,www.cdc.gov/covid
train_landmarks/541333.parquet,541333,9795,84341,+1-800-222-3344
train_landmarks/641862.parquet,641862,9796,31319,dataset model engineering american
train_landmarks/294405.parquet,294405,9797,65302,language vision
train_landmarks/472761.parquet,472761,9798,38893,742 evergreen terrace
train_landmarks/184235.parquet,184235,9799,13905,world lazy evaluation vision welcome
train_landmarks/437127.parquet,437127,9800,83000,jumps to model learning asl computer
train_landmarks/624516.parquet,624516,9801,65302,https://apple.com/ios
train_landmarks/381579.parquet,381579,9802,70142,221b baker street
train_landmarks/864327.parquet,864327,9803,46048,http://wikipedia.org/asl
train_landmarks/455950.parquet,455950,9804,23396,fox evaluation asl over learning world
train_landmarks/776878.parquet,776878,9805,30033,evaluation deep the engineering
train_landmarks/461710.parquet,461710,9806,37869,https://www.google.com
train_landmarks/512243.parquet,512243,9807,21395,analysis welcome hello science computer
train_landmarks/477004.parquet,477004,9808,57447,deep analysis model sign project
train_landmarks/580330.parquet,580330,9809,31319,742 evergreen terrace
train_landmarks/819529.parquet,819529,9810,76784,science deep recognition guatemala
train_landmarks/199080.parquet,199080,9811,45382,quick deep
train_landmarks/537853.parquet,537853,9812,45093,(415) 555-8833
train_landmarks/582558.parquet,582558,9813,25014,10 downing street london
train_landmarks/184412.parquet,184412,9814,30379,analysis jumps deep over
train_landmarks/116158.parquet,116158,9815,99733,221b baker street
train_landmarks/599890.parquet,599890,9816,69429,hello engineering model engineering evaluation
train_landmarks/887382.parquet,887382,9817,39256,1-888-456-7890
train_landmarks/990212.parquet,990212,9818,13278,1600 pennsylvania ave
train_landmarks/571150.parquet,571150,9819,40495,1600 pennsylvania ave
train_landmarks/463903.parquet,463903,9820,40021,https://apple.com/ios
train_landmarks/533713.parquet,533713,9821,80010,frequency to learning science asl
train_landmarks/625298.parquet,625298,9822,89840,123 main street apt 4b
train_landmarks/789797.parquet,789797,9823,42098,221b baker street
train_landmarks/595950.parquet,595950,9824,69429,https://www.google.com
train_landmarks/153762.parquet,153762,9825,65333,www.amazon.com/deals
train_landmarks/469466.parquet,469466,9826,19116,(415) 555-8833
train_landmarks/377892.parquet,377892,9827,99733,123 main street apt 4b
train_landmarks/350262.parquet,350262,9828,42325,1-888-456-7890
train_landmarks/634475.parquet,634475,9829,42325,221b baker street
train_landmarks/378402.parquet,378402,9830,56566,world project world fox learning asl
train_landmarks/444919.parquet,444919,9831,21915,lazy lazy quick recognition to
train_landmarks/211048.parquet,211048,9832,35203,fox asl fox sign science frequency
train_landmarks/786770.parquet,786770,9833,30033,language over language university
train_landmarks/797482.parquet,797482,9834,38221,(415) 555-8833
train_landmarks/259131.parquet,259131,9835,22676,1-888-456-7890
train_landmarks/800169.parquet,800169,9836,28289,learning brown the fox deep
train_landmarks/562932.parquet,562932,9837,80644,world accuracy asl model language
train_landmarks/102648.parquet,102648,9838,47930,welcome over fox hello deep language
train_landmarks/384482.parquet,384482,9839,30379,221b baker street
train_landmarks/315476.parquet,315476,9840,30379,evaluation asl guatemala sign
train_landmarks/322544.parquet,322544,9841,30969,brown computer brown university vision
train_landmarks/944285.parquet,944285,9842,28131,1600 pennsylvania ave
train_landmarks/862497.parquet,862497,9843,89840,10 downing street london
train_landmarks/158472.parquet,158472,9844,83000,brown computer computer
train_landmarks/270460.parquet,270460,9845,93320,model dataset vision the welcome
train_landmarks/795469.parquet,795469,9846,35203,https://youtube.com/watch
train_landmarks/120801.parquet,120801,9847,99192,10 downing street london
train_landmarks/986985.parquet,986985,9848,76237,742 evergreen terrace
train_landmarks/246739.parquet,246739,9849,47930,dataset world to asl evaluation guatemala
train_landmarks/544029.parquet,544029,9850,20328,language model vision fingerspelling
train_landmarks/194862.parquet,194862,9851,31319,(212) 555-4321
train_landmarks/643612.parquet,643612,9852,69429,+1-800-222-3344
train_landmarks/319891.parquet,319891,9853,56566,https://apple.com/ios
train_landmarks/828680.parquet,828680,9854,83563,recognition welcome over dog
train_landmarks/879688.parquet,879688,9855,56566,recognition over over asl
train_landmarks/641413.parquet,641413,9856,38221,www.cdc.gov/covid
train_landmarks/403012.parquet,403012,9857,46463,456 elm st suite 200
train_landmarks/181328.parquet,181328,9858,98696,engineering accuracy project evaluation welcome
train_landmarks/921355.parquet,921355,9859,28726,800-555-0199
train_landmarks/639307.parquet,639307,9860,20458,jumps learning over
train_landmarks/204473.parquet,204473,9861,99733,10 downing street london
train_landmarks/134914.parquet,134914,9862,75435,http://wikipedia.org/asl
train_landmarks/146631.parquet,146631,9863,45093,evaluation frequency
train_landmarks/506711.parquet,506711,9864,69429,+1-555-987-6543
train_landmarks/387093.parquet,387093,9865,85674,+1-555-987-6543
train_landmarks/812741.parquet,812741,9866,91070,123 main street apt 4b
train_landmarks/781105.parquet,781105,9867,17331,engineering lazy learning fingerspelling brown
train_landmarks/523059.parquet,523059,9868,31319,accuracy vision american accuracy welcome fox
train_landmarks/856121.parquet,856121,9869,74686,hello vision
train_landmarks/862868.parquet,862868,9870,24371,+1-555-987-6543
train_landmarks/995969.parquet,995969,9871,38893,jumps lazy asl american quick
train_landmarks/865692.parquet,865692,9872,13478,sign over quick analysis
train_landmarks/248595.parquet,248595,9873,52504,to vision over
train_landmarks/276640.parquet,276640,9874,44671,+1-555-987-6543
train_landmarks/859458.parquet,859458,9875,13278,quick fingerspelling brown
train_landmarks/221555.parquet,221555,9876,30033,the hello vision university jumps asl
train_landmarks/765383.parquet,765383,9877,46421,+1-555-987-6543
train_landmarks/154005.parquet,154005,9878,88172,dataset fingerspelling
train_landmarks/933312.parquet,933312,9879,37869,dog asl to
train_landmarks/351512.parquet,351512,9880,28726,language sign over hello lazy language
train_landmarks/560073.parquet,560073,9881,30926,+1-800-222-3344
train_landmarks/508471.parquet,508471,9882,30379,quick to
train_landmarks/477039.parquet,477039,9883,56566,123 main street apt 4b
train_landmarks/965720.parquet,965720,9884,68878,analysis the computer
train_landmarks/870061.parquet,870061,9885,44671,computer the deep the hello
train_landmarks/488256.parquet,488256,9886,70217,www.nytimes.com/world
train_landmarks/946520.parquet,946520,9887,64987,1600 pennsylvania ave
train_landmarks/532405.parquet,532405,9888,65392,to welcome recognition computer guatemala
train_landmarks/140802.parquet,140802,9889,83579,sign fingerspelling recognition frequency
train_landmarks/885096.parquet,885096,9890,38893,over over over
train_landmarks/364301.parquet,364301,9891,42098,(555) 234-5678
train_landmarks/518692.parquet,518692,9892,99733,(555) 234-5678
train_landmarks/702043.parquet,702043,9893,11504,https://www.google.com
train_landmarks/966769.parquet,966769,9894,26361,221b baker street
train_landmarks/592130.parquet,592130,9895,40495,dataset hello
train_landmarks/895659.parquet,895659,9896,80010,1-888-456-7890
train_landmarks/182348.parquet,182348,9897,99192,model engineering
train_landmarks/254124.parquet,254124,9898,42325,language fox accuracy
train_landmarks/326804.parquet,326804,9899,38785,(212) 555-4321
train_landmarks/812324.parquet,812324,9900,15695,hello learning
train_landmarks/237994.parquet,237994,9901,89840,world jumps dataset over
train_landmarks/401196.parquet,401196,9902,65302,800-555-0199
train_landmarks/342683.parquet,342683,9903,62581,the fox
train_landmarks/235699.parquet,235699,9904,95909,221b baker street
train_landmarks/279620.parquet,279620,9905,79352,hello dog brown
train_landmarks/714519.parquet,714519,9906,59797,fox university to evaluation recognition engineering
train_landmarks/222236.parquet,222236,9907,13278,engineering lazy world dataset sign
train_landmarks/527712.parquet,527712,9908,89840,world analysis sign guatemala frequency
train_landmarks/576375.parquet,576375,9909,51245,1600 pennsylvania ave
train_landmarks/326000.parquet,326000,9910,83579,1600 pennsylvania ave
train_landmarks/103644.parquet,103644,9911,10851,vision quick
train_landmarks/156364.parquet,156364,9912,59797,123 main street apt 4b
train_landmarks/495017.parquet,495017,9913,56566,www.nytimes.com/world
train_landmarks/296805.parquet,296805,9914,26361,fingerspelling model over brown
train_landmarks/882119.parquet,882119,9915,21915,science recognition world
train_landmarks/951078.parquet,951078,9916,93320,language learning frequency lazy learning lazy
train_landmarks/415332.parquet,415332,9917,86622,1-888-456-7890
train_landmarks/263787.parquet,263787,9918,70589,https://youtube.com/watch
train_landmarks/274248.parquet,274248,9919,28301,lazy over sign
train_landmarks/333924.parquet,333924,9920,26361,(415) 555-8833
train_landmarks/924566.parquet,924566,9921,28131,https://apple.com/ios
train_landmarks/441239.parquet,441239,9922,22676,800-555-0199
train_landmarks/328034.parquet,328034,9923,89840,742 evergreen terrace
train_landmarks/503473.parquet,503473,9924,54597,https://www.google.com
train_landmarks/908882.parquet,908882,9925,93320,university model quick learning
train_landmarks/200553.parquet,200553,9926,15695,brown welcome university lazy
train_landmarks/262367.parquet,262367,9927,59797,+1-555-987-6543
train_landmarks/506711.parquet,506711,9928,42953,742 evergreen terrace
train_landmarks/647778.parquet,647778,9929,64987,dog learning analysis learning to world
train_landmarks/263859.parquet,263859,9930,83579,deep lazy guatemala world to lazy
train_landmarks/458619.parquet,458619,9931,99166,lazy sign american
train_landmarks/710806.parquet,710806,9932,46048,221b baker street
train_landmarks/183557.parquet,183557,9933,37653,the dog quick vision hello language
train_landmarks/478964.parquet,478964,9934,22156,american engineering
train_landmarks/462140.parquet,462140,9935,39256,jumps lazy learning lazy the
train_landmarks/104696.parquet,104696,9936,19116,language recognition
train_landmarks/418243.parquet,418243,9937,18326,asl project project computer
train_landmarks/467087.parquet,467087,9938,24592,1-888-456-7890
train_landmarks/202733.parquet,202733,9939,59735,800-555-0199
train_landmarks/875890.parquet,875890,9940,58520,10 downing street london
train_landmarks/499322.parquet,499322,9941,16175,language evaluation
train_landmarks/699131.parquet,699131,9942,65302,www.cdc.gov/covid
train_landmarks/580325.parquet,580325,9943,45093,dataset welcome
train_landmarks/236511.parquet,236511,9944,45093,accuracy computer learning analysis
train_landmarks/208321.parquet,208321,9945,51347,analysis frequency
train_landmarks/472335.parquet,472335,9946,60432,vision engineering jumps
train_landmarks/791759.parquet,791759,9947,38746,456 elm st suite 200
train_landmarks/776177.parquet,776177,9948,39256,model guatemala dataset language world quick
train_landmarks/310112.parquet,310112,9949,69429,1600 pennsylvania ave
train_landmarks/278808.parquet,278808,9950,19116,evaluation engineering over science
train_landmarks/383801.parquet,383801,9951,44671,jumps fingerspelling brown
train_landmarks/331374.parquet,331374,9952,69429,(555) 234-5678
train_landmarks/829272.parquet,829272,9953,57400,project to analysis
train_landmarks/845810.parquet,845810,9954,40512,+1-800-222-3344
train_landmarks/225580.parquet,225580,9955,11504,http://wikipedia.org/asl
train_landmarks/451429.parquet,451429,9956,65302,sign vision the university dataset
train_landmarks/352465.parquet,352465,9957,99192,dataset lazy
train_landmarks/481105.parquet,481105,9958,57819,+1-800-222-3344
train_landmarks/908801.parquet,908801,9959,99733,221b baker street
train_landmarks/565794.parquet,565794,9960,28131,1-888-456-7890
train_landmarks/586059.parquet,586059,9961,48427,www.nytimes.com/world
train_landmarks/782125.parquet,782125,9962,20458,world over fingerspelling university dog
train_landmarks/589349.parquet,589349,9963,96673,project brown
train_landmarks/141726.parquet,141726,9964,91070,fox world
train_landmarks/980079.parquet,980079,9965,88172,evaluation asl recognition world jumps fox
train_landmarks/634005.parquet,634005,9966,28131,10 downing street london
train_landmarks/714897.parquet,714897,9967,22280,world recognition
train_landmarks/966780.parquet,966780,9968,22280,https://www.google.com
train_landmarks/560661.parquet,560661,9969,20458,800-555-0199
train_landmarks/821119.parquet,821119,9970,14165,http://weather.com/today
train_landmarks/697704.parquet,697704,9971,38785,(555) 234-5678
train_landmarks/396987.parquet,396987,9972,95181,the guatemala world
train_landmarks/377767.parquet,377767,9973,37460,http://wikipedia.org/asl
train_landmarks/161862.parquet,161862,9974,93810,10 downing street london
train_landmarks/988572.parquet,988572,9975,15695,800-555-0199
train_landmarks/178685.parquet,178685,9976,62581,www.amazon.com/deals
train_landmarks/488464.parquet,488464,9977,57819,brown dataset american
train_landmarks/676333.parquet,676333,9978,11504,456 elm st suite 200
train_landmarks/535427.parquet,535427,9979,24371,https://youtube.com/watch
train_landmarks/566482.parquet,566482,9980,48427,vision hello hello dog
train_landmarks/175469.parquet,175469,9981,39256,742 evergreen terrace
train_landmarks/694340.parquet,694340,9982,76784,1600 pennsylvania ave
train_landmarks/854321.parquet,854321,9983,99192,www.nytimes.com/world
train_landmarks/597160.parquet,597160,9984,57447,www.cdc.gov/covid
train_landmarks/168199.parquet,168199,9985,88907,123 main street apt 4b
train_landmarks/666108.parquet,666108,9986,25014,742 evergreen terrace
train_landmarks/451224.parquet,451224,9987,59797,http://wikipedia.org/asl
train_landmarks/843810.parquet,843810,9988,95909,10 downing street london
train_landmarks/593756.parquet,593756,9989,99192,lazy asl lazy fox
train_landmarks/511971.parquet,511971,9990,30379,https://youtube.com/watch
train_landmarks/441433.parquet,441433,9991,99192,http://weather.com/today
train_landmarks/831394.parquet,831394,9992,44671,guatemala to jumps
train_landmarks/832708.parquet,832708,9993,11504,https://github.com/kaggle
train_landmarks/623514.parquet,623514,9994,22676,jumps science welcome
train_landmarks/133387.parquet,133387,9995,60019,welcome learning over university
train_landmarks/675451.parquet,675451,9996,28289,dataset science
train_landmarks/721785.parquet,721785,9997,51245,https://github.com/kaggle
train_landmarks/952037.parquet,952037,9998,99593,(555) 234-5678
train_landmarks/203950.parquet,203950,9999,93320,dataset computer dog brown frequency engineering
train_landmarks/910593.parquet,910593,10000,46421,evaluation the recognition deep
